x,y,interannual_variability,water_stress,pop_density_log,population_density_km2,cropland_percent,irrigated_percent,landcover_diversity,grazing_intensity_log,livestock_density_km2,soc_0_30cm_kg_m2,soc_0_30cm_t_ha,governance_perc_rank,road_density_log,shdi_2022,mean_annual_precipitation,aridity_index
-9.75,44.75,NA,NA,NA,NA,NA,NA,NA,NA,NA,NA,NA,NA,NA,NA,NA,NA
-9.25,44.75,NA,NA,NA,NA,NA,NA,NA,NA,NA,NA,NA,NA,NA,NA,NA,NA
-8.75,44.75,NA,NA,NA,NA,NA,NA,NA,NA,NA,NA,NA,NA,NA,NA,NA,NA
-8.25,44.75,NA,NA,NA,NA,NA,NA,NA,NA,NA,NA,NA,NA,NA,NA,NA,NA
-7.75,44.75,NA,NA,NA,NA,NA,NA,NA,NA,NA,NA,NA,NA,NA,NA,NA,NA
-7.25,44.75,NA,NA,NA,NA,NA,NA,NA,NA,NA,NA,NA,NA,NA,NA,NA,NA
-6.75,44.75,NA,NA,NA,NA,NA,NA,NA,NA,NA,NA,NA,NA,NA,NA,NA,NA
-6.25,44.75,NA,NA,NA,NA,NA,NA,NA,NA,NA,NA,NA,NA,NA,NA,NA,NA
-5.75,44.75,NA,NA,NA,NA,NA,NA,NA,NA,NA,NA,NA,NA,NA,NA,NA,NA
-5.25,44.75,NA,NA,NA,NA,NA,NA,NA,NA,NA,NA,NA,NA,NA,NA,NA,NA
-4.75,44.75,NA,NA,NA,NA,NA,NA,NA,NA,NA,NA,NA,NA,NA,NA,NA,NA
-4.25,44.75,NA,NA,NA,NA,NA,NA,NA,NA,NA,NA,NA,NA,NA,NA,NA,NA
-3.75,44.75,NA,NA,NA,NA,NA,NA,NA,NA,NA,NA,NA,NA,NA,NA,NA,NA
-3.25,44.75,NA,NA,NA,NA,NA,NA,NA,NA,NA,NA,NA,NA,NA,NA,NA,NA
-2.75,44.75,NA,NA,NA,NA,NA,NA,NA,NA,NA,NA,NA,NA,NA,NA,NA,NA
-2.25,44.75,NA,NA,NA,NA,NA,NA,NA,NA,NA,NA,NA,NA,NA,NA,NA,NA
-1.75,44.75,NA,NA,NA,NA,NA,NA,NA,NA,NA,NA,NA,NA,NA,NA,NA,NA
-1.25,44.75,NA,NA,4.9249183559477,136.678100585938,4.93124686181545,0.0316105579258874,0.33207893371582,NA,NA,6.26331853866577,62.6331853866577,NA,7.07996361323882,NA,943.666687011719,NA
-0.75,44.75,1.55989825725555,0,6.05991313190731,427.338226318359,15.4446423053741,0.0468208629172295,0.491557985544205,2.05580891199473,6.81315547227859,5.77516222000122,57.7516222000122,79.9921722412109,7.38199621028439,0.907000005245209,914.333312988281,0.876599669456482
-0.25,44.75,1.55989825725555,0,5.05719897665771,156.149719238281,75.4238069057465,0,0.57851505279541,2.39228943776824,9.93850833177567,5.14076328277588,51.4076328277588,79.9921722412109,7.11682427016111,0.907000005245209,913.777770996094,0.87268990278244
0.25,44.75,1.55989825725555,0,4.19355361273624,65.2578277587891,77.2044479846954,0,0.585008919239044,3.1801270736876,23.0498094558716,5.19966793060303,51.9966793060303,79.9921722412109,6.61643051225987,0.907000005245209,951.333312988281,0.889943599700928
0.75,44.75,1.79180932044983,1.79837560653687,3.64681934075167,37.3524856567383,55.522233247757,0,0.480943143367767,3.59666702243234,35.4764564037323,5.62789583206177,56.2789583206177,79.9921722412109,6.47961066886072,0.907000005245209,970.333312988281,0.883418917655945
1.25,44.75,1.79180932044983,1.79837560653687,3.70442120004069,39.6265258789062,21.6257095336914,0,0.511226177215576,3.98782750709814,52.9375829696655,5.75301027297974,57.5301027297974,79.9921722412109,6.46649853265481,0.907000005245209,898.666687011719,0.819056749343872
1.75,44.75,1.79180932044983,1.79837560653687,3.47146990923251,31.1840152740479,14.1851857304573,0,0.611414849758148,4.67788622930106,106.542511940002,5.96466445922852,59.6466445922852,79.9921722412109,6.38915629569181,0.910000026226044,825.222229003906,0.750072062015533
2.25,44.75,1.48520362377167,0,4.0080871012948,54.0414810180664,14.4542500376701,0,0.658611357212067,5.07999291169428,159.772916316986,6.4700174331665,64.700174331665,79.9921722412109,6.40844492704826,0.888999998569489,786,0.722959816455841
2.75,44.75,1.48520362377167,0,2.94249631599038,17.9631252288818,3.48136648535728,0,0.575525939464569,5.01705473486912,149.966013431549,7.47706413269043,74.7706413269043,79.9921722412109,6.27555263689072,0.910000026226044,825.333312988281,0.786047339439392
3.25,44.75,1.48520362377167,0,3.08947572694398,20.9655590057373,5.82581460475922,0,0.592902600765228,4.59300092665574,97.7904486656189,8.13418865203857,81.3418865203857,79.9921722412109,6.37067866956917,0.89300000667572,953.777770996094,0.940873026847839
3.75,44.75,1.36867606639862,2.12908840179443,2.91900675460709,17.5228805541992,3.66232171654701,0,0.549192130565643,4.25887590575383,69.7304310798645,8.44755840301514,84.4755840301514,79.9921722412109,6.31040876959919,0.89300000667572,1047.11108398438,1.05581176280975
4.25,44.75,1.535200715065,0,3.72207450640485,40.3500862121582,6.11444115638733,0.0123586476547644,0.530730009078979,3.66798625748292,38.1729421615601,7.72948360443115,77.2948360443115,79.9921722412109,6.48662040084756,0.922999978065491,1008.55554199219,0.903403401374817
4.75,44.75,1.535200715065,0,5.08025569488248,159.815170288086,43.3956354856491,0,0.651887476444244,3.32334467342521,26.7530202865601,5.83604526519775,58.3604526519775,79.9921722412109,6.82373989779297,0.922999978065491,928.555541992188,0.759700536727905
5.25,44.75,1.535200715065,0,3.37830681592855,28.3210830688477,28.0000001192093,0,0.494371771812439,3.29224552778567,25.9032077789307,6.91917943954468,69.1917943954468,79.9921722412109,6.43492363122148,0.922999978065491,1063.22216796875,0.892105102539062
5.75,44.75,1.58996903896332,1.32741379737854,3.09029154311109,20.9834861755371,13.4832158684731,0,0.577048182487488,3.74383209802391,41.2596232891083,7.38631010055542,73.8631010055542,79.9921722412109,6.196370037569,0.922999978065491,1184.22216796875,1.03822553157806
6.25,44.75,1.58996903896332,1.32741379737854,3.63419225305586,36.8712501525879,11.6866543889046,0,0.687365829944611,3.71895995139105,40.2214994430542,6.89179801940918,68.9179801940918,79.9921722412109,5.95110291235501,0.912000000476837,1240.55554199219,1.21802341938019
6.75,44.75,2.00337147712708,1.79776954650879,2.91313141901202,17.4143714904785,0.277820648625493,0,0.532559812068939,3.31909521069665,26.6353350877762,6.62164068222046,66.2164068222046,79.9921722412109,5.56209840317422,0.912000000476837,1188.77783203125,1.24440276622772
7.25,44.75,1.98291909694672,2.72753691673279,4.64124675909793,102.673522949219,24.438887834549,0.00617455443716608,0.611520051956177,4.38292394646487,79.0718171596527,6.05918073654175,60.5918073654175,70.4018936157227,6.24602135992994,0.912000000476837,947.888916015625,0.908347427845001
7.75,44.75,1.98291909694672,2.72753691673279,5.36183209508912,212.115036010742,77.3011267185211,0.0927873305045068,0.472794681787491,4.93581009060856,138.185850024223,3.99611258506775,39.9611258506775,70.4018936157227,6.88111542109265,0.912000000476837,691.555541992188,0.604472637176514
8.25,44.75,2.61020636558533,2.6714334487915,4.9501346168282,140.193969726562,53.4526944160461,0,0.730176687240601,3.46042911815002,30.830632686615,4.85317802429199,48.5317802429199,70.4018936157227,6.97178803411909,0.912000000476837,689.666687011719,0.637784361839294
8.75,44.75,2.61020636558533,2.6714334487915,5.0796917350687,159.724502563477,53.5749554634094,0,0.628372490406036,2.81602117050392,15.7102310657501,5.81031847000122,58.1031847000122,70.4018936157227,7.00973484151307,0.912000000476837,934.777770996094,0.888402760028839
9.25,44.75,1.72878646850586,0.508531749248505,3.71897672438791,40.2221908569336,23.2840344309807,0,0.563688397407532,2.29305076167876,8.90510976314545,7.68258762359619,76.8258762359619,70.4018936157227,6.79376572105004,0.926999986171722,1256.44445800781,1.22478640079498
9.75,44.75,1.7769980430603,0,4.18621885529587,64.7736206054688,36.9725584983826,0.0524739967659116,0.561517715454102,3.33644543510886,27.1189980506897,6.65542984008789,66.5542984008789,70.4018936157227,6.82110267995354,0.935000002384186,1087.33337402344,1.13051331043243
10.25,44.75,1.7769980430603,0,5.4246090901241,225.922622680664,67.8140997886658,0.0247869873419404,0.476144373416901,4.1856084251844,64.7334826588631,5.60519027709961,56.0519027709961,70.4018936157227,7.26425382796966,0.935000002384186,892.888916015625,0.904346823692322
10.75,44.75,1.81168782711029,0,6.1189039750655,453.366424560547,80.2010595798492,0.0961866637226194,0.338953167200089,4.41974544062283,82.0751351118088,4.97213983535767,49.7213983535767,70.4018936157227,7.46213304202925,0.935000002384186,725.666687011719,0.682484745979309
11.25,44.75,1.81168782711029,0,5.73140534032224,307.402374267578,89.7926211357117,0.0342007901053876,0.184601560235023,3.2705559495014,25.325971186161,4.60915517807007,46.0915517807007,70.4018936157227,7.21280161584615,0.935000002384186,676,0.608894944190979
11.75,44.75,2.38855719566345,5,5.02212944798253,150.734069824219,93.7893867492676,0.764962239190936,0.154910400509834,2.52520079649068,11.4934036433697,5.25733327865601,52.5733327865601,70.4018936157227,6.86015101109111,0.935000002384186,633.555541992188,0.583511352539062
12.25,44.75,NA,NA,4.26613699469735,70.2458801269531,83.1092000007629,9.09628868103027,0.433834552764893,NA,NA,6.74713373184204,67.4713373184204,70.4018936157227,NA,NA,633.25,NA
12.75,44.75,NA,NA,0,0,0,0,0.137938946485519,NA,NA,5.45094776153564,54.5094776153564,NA,NA,NA,660,NA
13.25,44.75,NA,NA,NA,NA,NA,NA,NA,NA,NA,NA,NA,NA,NA,NA,NA,NA
13.75,44.75,NA,NA,5.55605221370607,257.799133300781,31.3619315624237,0,0.694814443588257,NA,NA,5.363037109375,53.63037109375,NA,NA,NA,787,NA
14.25,44.75,NA,NA,3.24282561685669,24.6059722900391,18.3211788535118,0,0.649616837501526,NA,NA,6.66769313812256,66.6769313812256,NA,NA,NA,939,NA
14.75,44.75,NA,NA,3.49405975166486,31.9193210601807,16.1261960864067,0,0.758694648742676,NA,NA,8.41204071044922,84.1204071044922,NA,6.07957488107863,NA,1127.66662597656,NA
15.25,44.75,1.73797047138214,0,2.49920113934057,11.1727657318115,12.6518473029137,0,0.411084979772568,3.0823493568886,20.8095807433128,9.00587558746338,90.0587558746338,66.739990234375,5.91882165954687,0.842000007629395,1377.22216796875,1.45079958438873
15.75,44.75,1.73797047138214,0,3.34855424615613,27.461555480957,16.1189690232277,0,0.464001685380936,2.90420250124721,17.2506829500198,8.56799030303955,85.6799030303955,66.739990234375,5.46764240087842,0.842000007629395,1327,1.36851787567139
16.25,44.75,1.92926716804504,0.791552305221558,3.70643091629664,39.7082557678223,11.2664751708508,0,0.441958636045456,3.10711084781997,21.356360077858,7.84437036514282,78.4437036514282,33.6770133972168,4.61354770087956,0.773000001907349,1214.77783203125,1.23741686344147
16.75,44.75,1.92926716804504,0.791552305221558,4.25658749843704,69.5687561035156,21.8879863619804,0,0.527324974536896,3.4297534467824,29.8690309524536,6.32808446884155,63.2808446884155,33.6770133972168,4.82918109785277,0.773000001907349,1074.88891601562,1.07641279697418
17.25,44.75,1.73837006092072,0,4.43862894947667,83.6587905883789,23.3986720442772,0,0.548308134078979,3.67092196846762,38.2881115674973,5.99020481109619,59.9020481109619,33.6770133972168,4.62928190270934,0.776000022888184,984.555541992188,0.96796452999115
17.75,44.75,1.73837006092072,0,4.19031989644281,65.0439147949219,22.1440955996513,0,0.540780365467072,3.55466815012273,33.9762111902237,5.35671758651733,53.5671758651733,33.6770133972168,4.32987727714007,0.776000022888184,881.111083984375,0.88046532869339
18.25,44.75,1.80242609977722,0.77618807554245,4.71334462519944,110.424209594727,21.4276880025864,0,0.554866969585419,3.45062038850057,30.5199408531189,5.2760214805603,52.760214805603,33.6770133972168,4.9156816384575,0.772000014781952,839.444458007812,0.827410399913788
18.75,44.75,1.7824079990387,0,5.03216585680952,152.264602661133,34.1524869203568,0,0.576505661010742,3.48416758561733,31.5952830314636,5.48172760009766,54.8172760009766,33.6770133972168,5.60379082160947,0.772000014781952,816.333312988281,0.791429877281189
19.25,44.75,1.7824079990387,0,4.60653621116887,99.1366958618164,59.2890799045563,0,0.489667594432831,3.90869766123689,48.8340089321136,5.58264970779419,55.8264970779419,33.6770133972168,5.59140559860481,0.776000022888184,762,0.723930597305298
19.75,44.75,1.12512421607971,0,4.61297397711631,99.7834320068359,73.4225034713745,0,0.398619800806046,3.99063934495917,53.0894601345062,5.16447639465332,51.6447639465332,47.8784675598145,5.56144275486149,0.797999978065491,699.888916015625,0.648786783218384
20.25,44.75,1.12512421607971,0,6.40088625439315,601.378662109375,65.7526016235352,0,0.49186584353447,3.50199792249418,32.1816802024841,4.76308917999268,47.6308917999268,47.8784675598145,6.8448997808706,0.833000004291534,670.222229003906,0.598640084266663
20.75,44.75,1.12897920608521,0,5.76695239535013,318.562347412109,65.3993606567383,0,0.513304948806763,3.17217850591471,22.8594056367874,4.65122127532959,46.5122127532959,47.8784675598145,6.61257544184841,0.797999978065491,654.222229003906,0.578610002994537
21.25,44.75,1.13152348995209,0,4.22181394537712,67.1570053100586,66.7050719261169,0,0.476345777511597,3.3006512125021,26.1303007602692,4.43023061752319,44.3023061752319,47.8784675598145,5.4296347010671004,0.796000003814697,657.555541992188,0.590880215167999
21.75,44.75,1.13152348995209,0,3.21022492709602,23.7846603393555,25.7822722196579,0,0.510759711265564,3.44166712603926,30.2389941215515,4.90854167938232,49.0854167938232,39.2473106384277,5.48376729007348,0.830999970436096,708.777770996094,0.700480401515961
22.25,44.75,1.13152348995209,0,3.09201273623804,21.0213565826416,8.35776180028915,0,0.3632652759552,3.20649220091227,23.6923184394836,5.26478481292725,52.6478481292725,39.2473106384277,5.14531444240896,0.805999994277954,718.111083984375,0.723130762577057
22.75,44.75,1.68246400356293,2.32012033462524,4.37837043805142,78.7080383300781,43.2769656181335,0,0.642707288265228,3.46939833063888,31.1174125671387,4.29453706741333,42.9453706741333,39.2473106384277,5.3398037155313,0.805999994277954,667.666687011719,0.622395277023315
23.25,44.75,1.68246400356293,2.32012033462524,4.10926727464662,59.9020767211914,45.8128541707993,0,0.55816388130188,3.65493616598396,37.6650528907776,4.20950365066528,42.0950365066528,39.2473106384277,4.86068532278966,0.805999994277954,667.555541992188,0.610634684562683
23.75,44.75,1.68246400356293,2.32012033462524,3.81223714935664,44.2515602111816,46.4894413948059,0,0.5481898188591,3.67322937829385,38.378870010376,3.99581480026245,39.9581480026245,39.2473106384277,5.06819542506151,0.805999994277954,652.666687011719,0.609789490699768
24.25,44.75,1.93458795547485,2.29386448860168,4.10469501630466,59.6242523193359,53.4207344055176,0,0.558539867401123,3.65850251486036,37.8031921386719,3.97721409797668,39.7721409797668,39.2473106384277,5.6698528253673,0.805999994277954,626.111083984375,0.584744691848755
24.75,44.75,1.12068545818329,0,4.97828167915354,144.224624633789,60.7349395751953,0,0.532990872859955,3.80447457319094,43.9016513824463,4.02995204925537,40.2995204925537,39.2473106384277,5.48918454759121,0.785000026226044,600.555541992188,0.560063183307648
25.25,44.75,1.8103266954422,3.69075179100037,4.75813407438481,115.528289794922,60.5873286724091,0,0.551563441753387,3.81506533487939,44.3797211647034,4.03399562835693,40.3399562835693,39.2473106384277,5.48351266139403,0.785000026226044,570.666687011719,0.538929581642151
25.75,44.75,1.8103266954422,3.69075179100037,5.14909403897473,171.275344848633,73.66002202034,0,0.424215346574783,3.64626355474086,37.3311758041382,3.75970673561096,37.5970673561096,39.2473106384277,6.55890365680804,0.785000026226044,560.777770996094,0.532718539237976
26.25,44.75,1.13657593727112,0,5.58291653621716,264.845825195312,77.3012042045593,0.00623421947238967,0.400309771299362,3.89053639304675,47.9371290206909,3.82222151756287,38.2222151756287,39.2473106384277,6.89767023263435,0.785000026226044,551.555541992188,0.513573110103607
26.75,44.75,1.13657593727112,0,5.29401881911714,198.142135620117,92.8516089916229,0,0.170634537935257,3.84312403920429,45.671049118042,4.39088726043701,43.9088726043701,39.2473106384277,5.39574170398831,0.785000026226044,523.333312988281,0.471718698740005
27.25,44.75,1.13657593727112,0,4.24234681459035,68.570930480957,87.4914407730103,0,0.260873347520828,3.81252688792492,44.2646732330322,4.19607543945312,41.9607543945312,39.2473106384277,5.33276670618946,0.785000026226044,490.444458007812,0.435013055801392
27.75,44.75,1.13265907764435,0,3.81679470093406,44.4582672119141,80.0729393959045,8.86464715003967,0.505625188350677,3.91260279527956,49.0289978981018,4.14935541152954,41.4935541152954,39.2473106384277,5.33249401415008,0.785000026226044,463,0.402896702289581
28.25,44.75,1.13265907764435,0,2.79865342823111,15.4225177764893,75.2271234989166,0.711810449138284,0.426353842020035,4.07427702585914,57.807948589325,4.00998592376709,40.0998592376709,39.2473106384277,5.52164345735324,0.796000003814697,453.666656494141,0.397899627685547
28.75,44.75,1.14915716648102,0,3.29462185352183,25.9672145843506,62.1239960193634,0,0.555751323699951,3.80096658550767,43.7444128990173,4.09381294250488,40.9381294250488,39.2473106384277,5.63346098832015,0.796000003814697,421.555541992188,0.378663659095764
29.25,44.75,NA,NA,1.43919294992789,3.2172908782959,1.63678880780935,0,0.120300233364105,NA,NA,6.06197357177734,60.6197357177734,NA,NA,NA,376.5,NA
29.75,44.75,NA,NA,0.747985194297395,1.11273896694183,0.373552483506501,0,0.0927673354744911,NA,NA,6.41504240036011,64.1504240036011,NA,NA,NA,353.5,NA
30.25,44.75,NA,NA,NA,NA,NA,NA,NA,NA,NA,NA,NA,NA,NA,NA,NA,NA
30.75,44.75,NA,NA,NA,NA,NA,NA,NA,NA,NA,NA,NA,NA,NA,NA,NA,NA
31.25,44.75,NA,NA,NA,NA,NA,NA,NA,NA,NA,NA,NA,NA,NA,NA,NA,NA
31.75,44.75,NA,NA,NA,NA,NA,NA,NA,NA,NA,NA,NA,NA,NA,NA,NA,NA
32.25,44.75,NA,NA,NA,NA,NA,NA,NA,NA,NA,NA,NA,NA,NA,NA,NA,NA
32.75,44.75,NA,NA,NA,NA,NA,NA,NA,NA,NA,NA,NA,NA,NA,NA,NA,NA
33.25,44.75,NA,NA,5.98577586607249,396.730987548828,32.0796459913254,0,0.405194491147995,NA,NA,4.64358043670654,46.4358043670654,NA,NA,NA,432,NA
33.75,44.75,1.44879269599915,0.268137902021408,5.14305176692602,170.237548828125,55.6649923324585,0,0.60702246427536,3.12994342276064,21.8726854324341,5.16189479827881,51.6189479827881,15.5810947418213,6.23280271298951,0.740000009536743,497,0.462381452322006
34.25,44.75,1.44879269599915,0.268137902021408,5.61729331125381,274.143646240234,17.3438876867294,0,0.599611639976501,2.60425492286751,12.5211472511292,6.17776536941528,61.7776536941528,15.5810947418213,6.43679191199168,0.740000009536743,648.888916015625,0.593915402889252
34.75,44.75,NA,NA,3.95144719730544,51.0105819702148,4.07484732568264,0,0.495486557483673,NA,NA,5.90986013412476,59.0986013412476,NA,NA,NA,569.166687011719,NA
35.25,44.75,NA,NA,4.24669242689677,68.8739166259766,15.4222041368484,0,0.640001952648163,NA,NA,5.71146392822266,57.1146392822266,NA,NA,NA,496.5,NA
35.75,44.75,NA,NA,NA,NA,NA,NA,NA,NA,NA,NA,NA,NA,NA,NA,NA,NA
36.25,44.75,NA,NA,NA,NA,NA,NA,NA,NA,NA,NA,NA,NA,NA,NA,NA,NA
36.75,44.75,NA,NA,NA,NA,NA,NA,NA,NA,NA,NA,NA,NA,NA,NA,NA,NA
37.25,44.75,NA,NA,5.29649808570664,198.636474609375,55.8390557765961,0,0.575315296649933,NA,NA,5.9770393371582,59.770393371582,NA,NA,NA,591,NA
37.75,44.75,0.847654402256012,0,5.46652426289005,235.636276245117,28.6376565694809,0,0.578169465065002,NA,NA,6.68826866149902,66.8826866149902,15.5810947418213,4.5835535624053,0.763999998569489,732.625,0.636502146720886
38.25,44.75,1.32291889190674,3.28045701980591,4.19096071168239,65.0862503051758,31.3107579946518,0,0.445046305656433,2.2608331559904,8.5910767018795,7.24481153488159,72.4481153488159,15.5810947418213,4.79519054389472,0.763999998569489,833.666687011719,0.740043520927429
38.75,44.75,0.860246479511261,0,4.20535058050484,66.0440979003906,30.4116457700729,0,0.498790591955185,2.24018883796833,8.39510527253151,7.19514799118042,71.9514799118042,15.5810947418213,4.9000878287548,0.763999998569489,897.888916015625,0.814555764198303
39.25,44.75,0.860246479511261,0,4.03313288489526,55.4374465942383,26.5301316976547,0,0.502080321311951,2.14146526234508,7.51190066337585,6.98460102081299,69.8460102081299,15.5810947418213,5.06967404281204,0.763999998569489,971.777770996094,0.899183511734009
39.75,44.75,0.918726325035095,0,4.46022714314077,85.5071563720703,32.5549751520157,0,0.585403382778168,2.26437632740402,8.625119805336,6.69337320327759,66.9337320327759,15.5810947418213,5.172981753888,0.763999998569489,1011.88891601562,0.937337517738342
-9.75,44.25,NA,NA,NA,NA,NA,NA,NA,NA,NA,NA,NA,NA,NA,NA,NA,NA
-9.25,44.25,NA,NA,NA,NA,NA,NA,NA,NA,NA,NA,NA,NA,NA,NA,NA,NA
-8.75,44.25,NA,NA,NA,NA,NA,NA,NA,NA,NA,NA,NA,NA,NA,NA,NA,NA
-8.25,44.25,NA,NA,NA,NA,NA,NA,NA,NA,NA,NA,NA,NA,NA,NA,NA,NA
-7.75,44.25,NA,NA,NA,NA,NA,NA,NA,NA,NA,NA,NA,NA,NA,NA,NA,NA
-7.25,44.25,NA,NA,NA,NA,NA,NA,NA,NA,NA,NA,NA,NA,NA,NA,NA,NA
-6.75,44.25,NA,NA,NA,NA,NA,NA,NA,NA,NA,NA,NA,NA,NA,NA,NA,NA
-6.25,44.25,NA,NA,NA,NA,NA,NA,NA,NA,NA,NA,NA,NA,NA,NA,NA,NA
-5.75,44.25,NA,NA,NA,NA,NA,NA,NA,NA,NA,NA,NA,NA,NA,NA,NA,NA
-5.25,44.25,NA,NA,NA,NA,NA,NA,NA,NA,NA,NA,NA,NA,NA,NA,NA,NA
-4.75,44.25,NA,NA,NA,NA,NA,NA,NA,NA,NA,NA,NA,NA,NA,NA,NA,NA
-4.25,44.25,NA,NA,NA,NA,NA,NA,NA,NA,NA,NA,NA,NA,NA,NA,NA,NA
-3.75,44.25,NA,NA,NA,NA,NA,NA,NA,NA,NA,NA,NA,NA,NA,NA,NA,NA
-3.25,44.25,NA,NA,NA,NA,NA,NA,NA,NA,NA,NA,NA,NA,NA,NA,NA,NA
-2.75,44.25,NA,NA,NA,NA,NA,NA,NA,NA,NA,NA,NA,NA,NA,NA,NA,NA
-2.25,44.25,NA,NA,NA,NA,NA,NA,NA,NA,NA,NA,NA,NA,NA,NA,NA,NA
-1.75,44.25,NA,NA,NA,NA,NA,NA,NA,NA,NA,NA,NA,NA,NA,NA,NA,NA
-1.25,44.25,2.01428818702698,0.717309296131134,3.70393836048774,39.6069145202637,5.84883540868759,0.0949667592067271,0.235120415687561,2.47053420680288,10.8287641704082,5.90801191329956,59.0801191329956,79.9921722412109,6.41099300055289,0.907000005245209,1058.42858886719,0.99039089679718
-0.75,44.25,2.01428818702698,0.717309296131134,2.83225129723415,15.9836530685425,10.5521887540817,0.469948071986437,0.317910850048065,2.46374519499388,10.748730532825,5.00018692016602,50.0018692016602,79.9921722412109,6.10279635767591,0.907000005245209,950.888916015625,0.918569922447205
-0.25,44.25,1.55989825725555,0,2.8762868662081,16.7482490539551,13.7066647410393,0.0926126027479768,0.345965445041656,2.29091532254609,8.88398057222366,5.07156991958618,50.7156991958618,79.9921722412109,6.02076769492002,0.907000005245209,962.777770996094,0.932835519313812
0.25,44.25,1.52199852466583,1.29628622531891,3.84908801565502,45.9502258300781,67.828893661499,0.00620405116933398,0.389782845973969,2.76000074729457,14.7998547554016,4.72634029388428,47.2634029388428,79.9921722412109,6.20134616905873,0.907000005245209,983.777770996094,0.930804014205933
0.75,44.25,1.52199852466583,1.29628622531891,4.60857358280352,99.3409194946289,87.0400309562683,0,0.255895137786865,3.33913418623578,27.1947047710419,4.69718217849731,46.9718217849731,79.9921722412109,6.51754703115424,0.907000005245209,915.666687011719,0.845263779163361
1.25,44.25,1.52199852466583,1.29628622531891,4.40861697858803,81.15576171875,72.8789389133453,0,0.414229094982147,3.89427805675476,48.120578289032,4.79364395141602,47.9364395141602,79.9921722412109,6.60066330972265,0.910000026226044,823.555541992188,0.74437415599823
1.75,44.25,1.44973206520081,1.82148921489716,3.4213509493853,29.6107406616211,41.5230691432953,0,0.582321286201477,4.55413933342824,94.0249352455139,5.55122184753418,55.5122184753418,79.9921722412109,6.50098408149405,0.910000026226044,772.444458007812,0.681627571582794
2.25,44.25,1.44973206520081,1.82148921489716,3.78169770175993,42.8904914855957,72.0342099666595,0,0.437010556459427,5.3793728753391,215.886218070984,5.72274303436279,57.2274303436279,79.9921722412109,6.75079303321746,0.910000026226044,768,0.664321839809418
2.75,44.25,1.44973206520081,1.82148921489716,3.85155026378571,46.0659713745117,44.4918036460876,0,0.601279437541962,5.20161096693025,180.564500808716,6.70903253555298,67.0903253555298,79.9921722412109,6.65161824030789,0.910000026226044,775.444458007812,0.682402372360229
3.25,44.25,2.39523220062256,0,3.17815173611817,23.0023498535156,21.6680034995079,0,0.616264820098877,4.4923179733011,88.328266620636,7.64336442947388,76.4336442947388,79.9921722412109,6.47369268925257,0.89300000667572,850.777770996094,0.777366816997528
3.75,44.25,1.53800582885742,0,2.91843828744095,17.5123538970947,4.03594374656677,0,0.366323858499527,3.56025333961522,34.1721065044403,7.55377244949341,75.5377244949341,79.9921722412109,6.46031280030148,0.89300000667572,1002.77777099609,0.861657857894897
4.25,44.25,1.535200715065,0,4.54656819169639,93.3082046508789,37.9799962043762,7.8958942270278e-15,0.657940685749054,2.94967977940896,18.0998365879059,5.74207973480225,57.4207973480225,79.9921722412109,6.74649646972132,0.89300000667572,811.555541992188,0.640463650226593
4.75,44.25,1.535200715065,0,4.97328278105897,143.500473022461,67.6158249378204,0,0.664833188056946,2.89759059708358,17.1304092407227,5.07557773590088,50.7557773590088,79.9921722412109,7.07145429193675,0.912000000476837,850.333312988281,0.614114820957184
5.25,44.25,1.535200715065,0,4.09350771262907,58.9498100280762,49.2685198783875,0.00617283949395642,0.715850114822388,3.31633652371957,26.5592029094696,5.2626953125,52.626953125,79.9921722412109,6.62332053242242,0.922999978065491,941.555541992188,0.708311319351196
5.75,44.25,2.00337147712708,1.79776954650879,3.19689443265914,23.4564609527588,43.205264210701,0,0.571270763874054,3.90375480801757,48.588294506073,5.50113868713379,55.0113868713379,79.9921722412109,6.27799762139625,0.912000000476837,941.777770996094,0.745716631412506
6.25,44.25,2.00337147712708,1.79776954650879,3.25686936017577,24.9681129455566,18.8243329524994,0,0.578651607036591,3.76313643039678,42.0833421945572,5.87794923782349,58.7794923782349,79.9921722412109,6.12035382457595,0.912000000476837,974.222229003906,0.838620960712433
6.75,44.25,2.45911979675293,3.29876303672791,2.14056789469251,7.50426578521729,0.811903830617666,0,0.569145560264587,3.06016508399216,20.3310782909393,6.30897188186646,63.0897188186646,79.9921722412109,5.73179810965179,0.912000000476837,1096.88891601562,1.04523515701294
7.25,44.25,2.61020636558533,2.6714334487915,3.43792758113681,30.1223926544189,6.49354681372643,0,0.544882476329803,3.48216800928011,31.5301713943481,6.27885580062866,62.7885580062866,70.4018936157227,6.05745281774641,0.912000000476837,971.888916015625,0.915442109107971
7.75,44.25,2.61020636558533,2.6714334487915,4.36772212108477,77.8637847900391,23.9783957600594,0.0555555569007993,0.577492296695709,4.10868051496218,59.8663523197174,5.80561017990112,58.0561017990112,70.4018936157227,6.59362578775246,0.912000000476837,858.444458007812,0.749067068099976
8.25,44.25,2.61020636558533,2.6714334487915,5.23629277268944,186.971954345703,5.34555315971375,0.0157337839482352,0.420899301767349,2.77367607953243,15.0174071788788,6.13143491744995,61.3143491744995,70.4018936157227,7.05186534625819,0.912999987602234,841.5,0.713508188724518
8.75,44.25,NA,NA,7.16002054901503,1285.93737792969,0.784705393016338,0,0.559969782829285,NA,NA,7.4786319732666,74.786319732666,NA,NA,NA,1108.5,NA
9.25,44.25,NA,NA,5.81744289276978,335.111480712891,0.503327092155814,0,0.323608636856079,NA,NA,8.44873428344727,84.4873428344727,NA,NA,NA,1436.33337402344,NA
9.75,44.25,2.4573061466217,2.99484252929688,5.07884728894679,159.588836669922,3.16093116998672,0.00801249916548841,0.31731441617012,2.38038808262969,9.80909687280655,8.29802894592285,82.9802894592285,70.4018936157227,7.11054295037478,0.912999987602234,1341.11108398438,1.36118233203888
10.25,44.25,2.4573061466217,2.99484252929688,4.73584281522465,112.959465026855,5.19224740564823,0.10315723484382,0.424251586198807,2.97504157830656,18.5904377698898,8.70234107971191,87.0234107971191,70.4018936157227,6.91397721553574,0.921000003814697,1457,1.37441980838776
10.75,44.25,1.81168782711029,0,4.18391940157704,64.6225509643555,19.5789739489555,0.191375741269439,0.559616684913635,3.44134786323143,30.2290222644806,7.8515248298645,78.515248298645,70.4018936157227,6.86157315500915,0.935000002384186,1250.88891601562,1.1387825012207
11.25,44.25,2.38855719566345,5,5.39775056025023,219.908935546875,23.4625488519669,0,0.605002999305725,2.9637011000837,18.3695278167725,6.515953540802,65.15953540802,70.4018936157227,6.92410544171393,0.935000002384186,1094.33337402344,0.926750242710114
11.75,44.25,2.38855719566345,5,5.05192797860585,155.32356262207,57.9930245876312,0,0.514305770397186,2.57944962136413,12.1898767352104,5.47115755081177,54.7115755081177,70.4018936157227,6.71067557420603,0.935000002384186,876.555541992188,0.806515574455261
12.25,44.25,2.05893063545227,4.44919919967651,5.93542698100076,377.201446533203,80.6434869766235,0,0.32366406917572,2.72777082852392,14.2987454533577,4.77897071838379,47.7897071838379,70.4018936157227,7.81867183015683,0.935000002384186,738.25,0.683963418006897
12.75,44.25,NA,NA,7.38799964267194,1615.46936035156,53.8809359073639,0,0.380490571260452,NA,NA,4.61145734786987,46.1145734786987,NA,NA,NA,740,NA
13.25,44.25,NA,NA,NA,NA,NA,NA,NA,NA,NA,NA,NA,NA,NA,NA,NA,NA
13.75,44.25,NA,NA,NA,NA,NA,NA,NA,NA,NA,NA,NA,NA,NA,NA,NA,NA
14.25,44.25,NA,NA,NA,NA,NA,NA,NA,NA,NA,NA,NA,NA,NA,NA,NA,NA
14.75,44.25,NA,NA,2.69301179584508,13.7761116027832,24.9067857861519,0,0.586341500282288,NA,NA,6.41099643707275,64.1099643707275,NA,6.55855485965497,NA,870.5,0.816461205482483
15.25,44.25,1.73797047138214,0,4.57896423519908,96.413444519043,44.3491280078888,0.319201988168061,0.763747930526733,3.51332253973821,32.5595858097076,6.79306125640869,67.9306125640869,66.739990234375,6.63669951965698,0.860000014305115,978,0.96344518661499
15.75,44.25,1.73797047138214,0,2.57477664876918,12.1283845901489,22.0030874013901,0.0913644791580737,0.588679730892181,3.4999508893974,32.1138256788254,7.78149747848511,77.8149747848511,66.739990234375,5.97291402866265,0.860000014305115,1075.77783203125,1.01954185962677
16.25,44.25,1.62449729442596,0,2.73279224846612,14.3757600784302,9.3313992023468,0,0.458425730466843,3.02612065509959,19.6170964241028,8.52201843261719,85.2201843261719,33.6770133972168,5.27423929020449,0.801999986171722,1128.77783203125,1.11184787750244
16.75,44.25,1.92926716804504,0.791552305221558,2.31010205020401,9.07545280456543,6.81481510400772,0,0.486435890197754,3.33253721691027,27.0093173384666,8.73954105377197,87.3954105377197,33.6770133972168,4.47704303964115,0.801999986171722,1143.77783203125,1.18382084369659
17.25,44.25,1.73837006092072,0,3.66968608103456,38.2395858764648,11.8243344128132,0,0.461796700954437,3.6410405138308,37.1314924359322,7.61091947555542,76.1091947555542,33.6770133972168,4.76587340405321,0.781000018119812,1019.55554199219,1.080406665802
17.75,44.25,1.80242609977722,0.77618807554245,4.71558271515596,110.673866271973,13.4320989251137,0,0.43275585770607,3.50096398793379,32.1473902463913,7.14479207992554,71.4479207992554,33.6770133972168,4.7744586991945,0.781000018119812,984.333312988281,1.0088654756546
18.25,44.25,1.80242609977722,0.77618807554245,4.4108390888644,81.3385238647461,8.75648632645607,0,0.355844497680664,3.40969807507605,29.2561078071594,6.33612298965454,63.3612298965454,33.6770133972168,5.23121281181986,0.781000018119812,975.777770996094,0.978562951087952
18.75,44.25,1.65072214603424,0,4.21099271749164,66.4234390258789,6.92560225725174,0,0.391083568334579,3.59662407846647,35.4748899936676,6.20468330383301,62.0468330383301,33.6770133972168,5.29844560844676,0.772000014781952,987,0.997628509998322
19.25,44.25,1.65072214603424,0,3.95127584955373,51.0016708374023,3.57975922524929,0,0.332530826330185,3.88568178731973,47.7001342773438,5.77659034729004,57.7659034729004,33.6770133972168,4.87290786618219,0.776000022888184,933.888916015625,0.921323716640472
19.75,44.25,1.12512421607971,0,4.01664321111341,54.5144424438477,7.72153064608574,0,0.47067192196846,4.35100953065481,76.5567193031311,5.77865648269653,57.7865648269653,47.8784675598145,5.73163241344517,0.794000029563904,860.888916015625,0.827976047992706
20.25,44.25,1.12512421607971,0,4.23867369580209,68.3158569335938,17.5782099366188,0,0.5522500872612,4.16180657848112,63.1873774528503,5.12030649185181,51.2030649185181,47.8784675598145,5.92866523532488,0.794000029563904,759.888916015625,0.711100518703461
20.75,44.25,1.88673579692841,5,4.89580786253204,132.727996826172,52.9264688491821,0,0.500857532024384,4.07479047066586,57.8381509780884,4.75499868392944,47.5499868392944,47.8784675598145,5.72374705140935,0.794000029563904,699.111083984375,0.640622913837433
21.25,44.25,1.47105967998505,2.00059485435486,4.20770101723135,66.2018661499023,59.4635486602783,0,0.475988537073135,3.57742939706127,34.7814426422119,4.28799486160278,42.8799486160278,47.8784675598145,4.97396143261741,0.796000003814697,661.333312988281,0.613945782184601
21.75,44.25,1.13152348995209,0,2.88335314947802,16.8741073608398,6.82646557688713,0,0.344725459814072,3.01982960459584,19.487800359726,5.38735961914062,53.8735961914062,47.8784675598145,4.66726976501647,0.796000003814697,714.111083984375,0.705313920974731
22.25,44.25,2.25377774238586,3.45357728004456,3.37973469345015,28.362979888916,19.1227301955223,0,0.531090617179871,2.72897027476159,14.3171064853668,4.79351949691772,47.9351949691772,47.8784675598145,5.88808249427942,0.796000003814697,655.555541992188,0.638971388339996
22.75,44.25,1.12578392028809,0,3.8202246876998,44.6144561767578,79.6203076839447,0,0.373551934957504,3.35715236587472,27.7073264122009,3.95300459861755,39.5300459861755,39.2473106384277,6.44534191130577,0.805999994277954,599.222229003906,0.550563752651215
23.25,44.25,1.12578392028809,0,3.68516716590174,38.8517837524414,90.4837489128113,0,0.211942851543427,3.68670870661039,38.9132642745972,3.87752318382263,38.7752318382263,39.2473106384277,5.51306468395038,0.805999994277954,604,0.547029972076416
23.75,44.25,1.68246400356293,2.32012033462524,5.08714101104769,160.926254272461,80.7328939437866,0.170368305407465,0.390248000621796,3.73939830416658,41.0726675987244,3.85747766494751,38.5747766494751,39.2473106384277,5.76183600913198,0.805999994277954,584.222229003906,0.537031531333923
24.25,44.25,1.93458795547485,2.29386448860168,4.61781278509019,100.272285461426,83.6775243282318,0.119809561874717,0.319460451602936,3.7034693387137,39.5878734588623,3.77689027786255,37.7689027786255,39.2473106384277,5.57080791636798,0.805999994277954,570.222229003906,0.520574808120728
24.75,44.25,1.12068545818329,0,4.01386366176794,54.3603515625,88.9793395996094,0.972502678632736,0.254382282495499,3.5673391787253,34.422215461731,3.99115228652954,39.9115228652954,39.2473106384277,5.30622297017731,0.805999994277954,544.444458007812,0.494511604309082
25.25,44.25,1.12068545818329,0,3.98840149980097,52.9685516357422,83.7490677833557,0,0.308796972036362,3.65256406993002,37.5734443664551,4.01458215713501,40.1458215713501,39.2473106384277,5.2403355098112,0.785000026226044,537.888916015625,0.488115817308426
25.75,44.25,1.8103266954422,3.69075179100037,5.05695523312092,156.111419677734,80.2710950374603,0,0.339179277420044,3.38629789261262,28.5563287734985,4.08319187164307,40.8319187164307,39.2473106384277,6.35179454635046,0.785000026226044,559.555541992188,0.508268773555756
26.25,44.25,1.8103266954422,3.69075179100037,7.51271127641447,1830.17163085938,70.5991446971893,2.99258138984442,0.494147598743439,3.42645007064392,29.7672271728516,4.06758642196655,40.6758642196655,39.2473106384277,6.84405202089441,0.785000026226044,562,0.508791565895081
26.75,44.25,1.12447619438171,0,7.81838971208555,2484.89916992188,87.2136652469635,0.61796298250556,0.280939012765884,3.47630865556895,31.3401229381561,4.25036239624023,42.5036239624023,39.2473106384277,5.60087594962212,0.785000026226044,529.222229003906,0.474432766437531
27.25,44.25,1.12447619438171,0,7.97977666396637,2920.27856445312,89.9403154850006,0.00641766164335422,0.234260246157646,3.58586911433971,35.0847058296204,4.23812007904053,42.3812007904053,39.2473106384277,5.75687275274415,0.785000026226044,490.777770996094,0.437107443809509
27.75,44.25,1.12447619438171,0,6.30383078395563,545.662048339844,81.0399949550629,0.206578220240772,0.383617371320724,3.69451365524402,39.2260041236877,4.24303150177002,42.4303150177002,39.2473106384277,5.32498786831451,0.785000026226044,466.222229003906,0.408634066581726
28.25,44.25,1.12447619438171,0,4.2207987074832,67.0878448486328,90.7835960388184,0.0968175125308335,0.280438363552094,4.16196114564356,63.1972994804382,4.07804775238037,40.7804775238037,39.2473106384277,6.13387058969722,0.796000003814697,448.222229003906,0.394808024168015
28.75,44.25,NA,NA,6.29311744209138,539.836730957031,74.2197692394257,0,0.365938276052475,NA,NA,3.93329548835754,39.3329548835754,NA,NA,NA,416.666656494141,NA
29.25,44.25,NA,NA,NA,NA,NA,NA,NA,NA,NA,NA,NA,NA,NA,NA,NA,NA
29.75,44.25,NA,NA,NA,NA,NA,NA,NA,NA,NA,NA,NA,NA,NA,NA,NA,NA
30.25,44.25,NA,NA,NA,NA,NA,NA,NA,NA,NA,NA,NA,NA,NA,NA,NA,NA
30.75,44.25,NA,NA,NA,NA,NA,NA,NA,NA,NA,NA,NA,NA,NA,NA,NA,NA
31.25,44.25,NA,NA,NA,NA,NA,NA,NA,NA,NA,NA,NA,NA,NA,NA,NA,NA
31.75,44.25,NA,NA,NA,NA,NA,NA,NA,NA,NA,NA,NA,NA,NA,NA,NA,NA
32.25,44.25,NA,NA,NA,NA,NA,NA,NA,NA,NA,NA,NA,NA,NA,NA,NA,NA
32.75,44.25,NA,NA,NA,NA,NA,NA,NA,NA,NA,NA,NA,NA,NA,NA,NA,NA
33.25,44.25,NA,NA,NA,NA,NA,NA,NA,NA,NA,NA,NA,NA,NA,NA,NA,NA
33.75,44.25,NA,NA,6.05926750194045,427.061767578125,11.7456197738647,0,0.633171677589417,NA,NA,6.29885196685791,62.9885196685791,NA,NA,NA,603.666687011719,NA
34.25,44.25,NA,NA,6.08635231604303,438.814178466797,8.46253260970116,0,0.721411645412445,NA,NA,6.8237042427063,68.237042427063,NA,NA,NA,651.5,NA
34.75,44.25,NA,NA,NA,NA,NA,NA,NA,NA,NA,NA,NA,NA,NA,NA,NA,NA
35.25,44.25,NA,NA,NA,NA,NA,NA,NA,NA,NA,NA,NA,NA,NA,NA,NA,NA
35.75,44.25,NA,NA,NA,NA,NA,NA,NA,NA,NA,NA,NA,NA,NA,NA,NA,NA
36.25,44.25,NA,NA,NA,NA,NA,NA,NA,NA,NA,NA,NA,NA,NA,NA,NA,NA
36.75,44.25,NA,NA,NA,NA,NA,NA,NA,NA,NA,NA,NA,NA,NA,NA,NA,NA
37.25,44.25,NA,NA,NA,NA,NA,NA,NA,NA,NA,NA,NA,NA,NA,NA,NA,NA
37.75,44.25,NA,NA,NA,NA,NA,NA,NA,NA,NA,NA,NA,NA,NA,NA,NA,NA
38.25,44.25,NA,NA,4.34307848263905,75.9440460205078,2.1890128031373,0,0.223395094275475,NA,NA,6.77513742446899,67.7513742446899,NA,NA,NA,928.333312988281,NA
38.75,44.25,NA,NA,4.08552408854705,58.4730987548828,0.998709164559841,0,0.194260522723198,NA,NA,7.27782535552979,72.7782535552979,NA,4.17890643852354,NA,1152.71423339844,NA
39.25,44.25,0.847654402256012,0,4.09171876778232,58.842658996582,1.20576415210962,0,0.0901847258210182,2.00204318784244,6.40416876226664,7.90582084655762,79.0582084655762,15.5810947418213,4.83790220320463,0.763999998569489,1434.88891601562,1.21819865703583
39.75,44.25,0.918726325035095,0,3.69005473899557,39.0470390319824,1.91049389541149,0,0.241897433996201,1.99718991048923,6.36832133680582,7.90860748291016,79.0860748291016,15.5810947418213,4.90222062199599,0.763999998569489,1374.44445800781,1.25962555408478
-9.75,43.75,NA,NA,NA,NA,NA,NA,NA,NA,NA,NA,NA,NA,NA,NA,NA,NA
-9.25,43.75,NA,NA,NA,NA,NA,NA,NA,NA,NA,NA,NA,NA,NA,NA,NA,NA
-8.75,43.75,NA,NA,NA,NA,NA,NA,NA,NA,NA,NA,NA,NA,NA,NA,NA,NA
-8.25,43.75,NA,NA,5.68963883555707,294.786773681641,4.37399670481682,0,0.432963669300079,NA,NA,8.5112476348877,85.112476348877,NA,NA,NA,1074,NA
-7.75,43.75,NA,NA,3.79106964732954,43.3037643432617,0.866469647735357,0.0335840944899246,0.389433830976486,3.35699425658902,27.7027878761292,9.13855457305908,91.3855457305908,NA,6.32507242535898,NA,1184.66662597656,NA
-7.25,43.75,NA,NA,4.4321820730101,83.1147613525391,9.21109989285469,0.0435856461990625,0.553280532360077,NA,NA,8.42618846893311,84.2618846893311,NA,NA,NA,1116.25,NA
-6.75,43.75,NA,NA,4.22227345936132,67.1883316040039,9.57609787583351,0.306435138918459,0.58878356218338,NA,NA,7.96838712692261,79.6838712692261,NA,NA,NA,1061.33337402344,NA
-6.25,43.75,NA,NA,4.55264362282797,93.8829116821289,2.17183772474527,0.119331746827811,0.404014974832535,NA,NA,7.89534425735474,78.9534425735474,NA,NA,NA,1033.66662597656,NA
-5.75,43.75,NA,NA,6.5716722610391,713.563781738281,4.51818518340588,0,0.705125033855438,NA,NA,8.27299880981445,82.7299880981445,NA,NA,NA,971,NA
-5.25,43.75,NA,NA,3.96719238784305,51.8359794616699,5.5045872926712,0,0.54213947057724,NA,NA,8.48573684692383,84.8573684692383,NA,NA,NA,922,NA
-4.75,43.75,NA,NA,NA,NA,NA,NA,NA,NA,NA,NA,NA,NA,NA,NA,NA,NA
-4.25,43.75,NA,NA,NA,NA,NA,NA,NA,NA,NA,NA,NA,NA,NA,NA,NA,NA
-3.75,43.75,NA,NA,4.43492169577985,83.3455200195312,18.1818187236786,0,0.682952702045441,NA,NA,7.5760326385498,75.760326385498,NA,NA,NA,1197,NA
-3.25,43.75,NA,NA,NA,NA,NA,NA,NA,NA,NA,NA,NA,NA,NA,NA,NA,NA
-2.75,43.75,NA,NA,NA,NA,NA,NA,NA,NA,NA,NA,NA,NA,NA,NA,NA,NA
-2.25,43.75,NA,NA,NA,NA,NA,NA,NA,NA,NA,NA,NA,NA,NA,NA,NA,NA
-1.75,43.75,NA,NA,7.0683663166131,1173.22814941406,18.75,0,0.490944057703018,NA,NA,6.78933715820312,67.8933715820312,NA,NA,NA,1235,NA
-1.25,43.75,2.01428818702698,0.717309296131134,4.78125514194956,118.253936767578,24.1081595420837,0,0.492689967155457,3.47776752040579,31.3873372375965,6.21406269073486,62.1406269073486,79.9921722412109,6.81476604261965,0.907000005245209,1224.33337402344,1.1151595115661601
-0.75,43.75,1.82632315158844,2.47006392478943,4.06840766876791,57.463794708252,54.5052409172058,0,0.489643841981888,3.73028093801399,40.690819054842,5.34114074707031,53.4114074707031,79.9921722412109,6.60542526901086,0.907000005245209,1157.55554199219,1.07341086864471
-0.25,43.75,1.82632315158844,2.47006392478943,3.7888716009983,43.2064895629883,71.2424159049988,0,0.428299784660339,3.86278150606512,46.5975603163242,5.23627901077271,52.3627901077271,79.9921722412109,6.58830409470097,0.907000005245209,1216.55554199219,1.11411786079407
0.25,43.75,1.52199852466583,1.29628622531891,3.27930296050354,25.5572547912598,91.1096692085266,0,0.247124165296555,3.32477571434781,26.7927644252777,4.99028539657593,49.9028539657593,79.9921722412109,6.2510798631489,0.910000026226044,1140.22216796875,1.03362941741943
0.75,43.75,1.52199852466583,1.29628622531891,3.7281899920175,40.6037368774414,96.7149317264557,0,0.0865377634763718,3.09209009541689,21.0230602025986,4.38968753814697,43.8968753814697,79.9921722412109,6.4274243855481,0.910000026226044,941,0.84754353761673
1.25,43.75,1.54558861255646,3.17361283302307,6.21676458500922,500.079406738281,80.6549727916718,0,0.335994690656662,3.05801163147825,20.2851922512054,4.44459342956543,44.4459342956543,79.9921722412109,7.47305417592261,0.910000026226044,748.666687011719,0.677994072437286
1.75,43.75,1.59879410266876,3.04702281951904,4.77712137069555,117.761985778809,90.3687477111816,0,0.22059939801693,3.84004441772413,45.5275410413742,4.30959701538086,43.0959701538086,79.9921722412109,7.26548674468327,0.910000026226044,720.444458007812,0.617895722389221
2.25,43.75,1.59879410266876,3.04702281951904,4.64513903347877,103.077835083008,66.4512932300568,0,0.468788146972656,4.54970055076421,93.6040749549866,5.22756862640381,52.2756862640381,79.9921722412109,6.84441395758155,0.910000026226044,759.222229003906,0.651297688484192
2.75,43.75,2.39523220062256,0,2.86303747546673,16.5146465301514,25.1587927341461,0.0061967468354851,0.521646916866302,4.53430579554578,92.1588215827942,6.95572853088379,69.5572853088379,79.9921722412109,6.53489351390834,0.910000026226044,843.444458007812,0.695346474647522
3.25,43.75,3.13035035133362,2.16874933242798,3.8562855660299,46.2893714904785,23.4723597764969,0,0.67740386724472,3.79662731947117,43.5506756305695,6.37306022644043,63.7306022644043,79.9921722412109,6.74383788242505,0.89300000667572,749.888916015625,0.604103684425354
3.75,43.75,1.53800582885742,0,5.66771393336727,288.372253417969,34.3090504407883,0,0.806052029132843,2.61079885285271,12.6099188327789,5.73112630844116,57.3112630844116,79.9921722412109,7.4076785231372,0.89300000667572,693.666687011719,0.536788821220398
4.25,43.75,1.53800582885742,0,5.47806437893123,238.382904052734,66.9707357883453,7.97585546970367,0.790810227394104,2.90179597478194,17.2068150043488,4.6201810836792,46.201810836792,79.9921722412109,7.30350874926461,0.89300000667572,720.222229003906,0.49980303645134
4.75,43.75,1.53800582885742,0,5.4003125685973,220.475631713867,58.6843371391296,9.72999483346939,0.866361379623413,3.62099209941463,36.3746287822723,4.78276681900024,47.8276681900024,79.9921722412109,7.12356497192923,0.912000000476837,726.777770996094,0.487149327993393
5.25,43.75,2.00337147712708,1.79776954650879,5.3726462670105,214.432205200195,57.7308595180511,0,0.72364205121994,3.45254870673948,30.5807799696922,5.30861330032349,53.0861330032349,79.9921722412109,7.18482172577387,0.912000000476837,733.111083984375,0.512844145298004
5.75,43.75,2.00337147712708,1.79776954650879,4.3168829703504,73.9546279907227,50.1732885837555,0,0.59872978925705,3.53121853281556,33.1655741333961,5.58468914031982,55.8468914031982,79.9921722412109,6.66110642874047,0.912000000476837,742.222229003906,0.546154320240021
6.25,43.75,2.00337147712708,1.79776954650879,3.72508813198365,40.4748878479004,33.1015348434448,0,0.590186357498169,3.43051599772406,29.892579138279,6.08554792404175,60.8554792404175,79.9921722412109,6.40046030072505,0.912000000476837,833.666687011719,0.64139586687088
6.75,43.75,2.45911979675293,3.29876303672791,4.97113115048088,143.189895629883,17.2963157296181,0,0.599760890007019,3.1603193804641,22.5781251192093,6.24542236328125,62.4542236328125,79.9921722412109,7.05004438374673,0.912000000476837,887.222229003906,0.736967444419861
7.25,43.75,2.45911979675293,3.29876303672791,6.55781948644028,703.733337402344,15.0639265775681,0,0.626808106899261,3.02554254799778,19.605180978775,6.50821590423584,65.0821590423584,79.9921722412109,7.79489444111402,0.912000000476837,848.625,0.723473727703094
7.75,43.75,NA,NA,5.54904212312264,255.991271972656,12.1770314872265,0,0.62970387935638406,NA,NA,6.56076955795288,65.6076955795288,NA,NA,NA,823.666687011719,NA
8.25,43.75,NA,NA,6.37071208693325,583.473876953125,24.8733535408974,0,0.723204374313354,NA,NA,6.01925659179688,60.1925659179688,NA,NA,NA,750.5,NA
8.75,43.75,NA,NA,NA,NA,NA,NA,NA,NA,NA,NA,NA,NA,NA,NA,NA,NA
9.25,43.75,NA,NA,NA,NA,NA,NA,NA,NA,NA,NA,NA,NA,NA,NA,NA,NA
9.75,43.75,NA,NA,NA,NA,NA,NA,NA,NA,NA,NA,NA,NA,NA,NA,NA,NA
10.25,43.75,NA,NA,6.20221521665629,492.841796875,33.6092710494995,0.00636780459899455,0.662176728248596,2.60733337818376,12.5628356337547,6.67319488525391,66.7319488525391,NA,7.32777949577059,NA,982.142883300781,NA
10.75,43.75,2.25299477577209,4.10756969451904,5.87345373854982,354.474578857422,49.8734176158905,0.0401358440285549,0.684995710849762,2.77978935521505,15.1156259179115,5.92316484451294,59.2316484451294,70.4018936157227,7.02194233863062,0.921000003814697,978.444458007812,0.877951860427856
11.25,43.75,2.25299477577209,4.10756969451904,6.23757099802868,510.614288330078,41.2229090929031,0,0.746387422084808,2.5894811914351,12.3228577971458,6.11958932876587,61.1958932876587,70.4018936157227,7.05384608183023,0.921000003814697,1008.66668701172,0.884530901908875
11.75,43.75,2.25299477577209,4.10756969451904,4.37583158541557,78.5059280395508,16.0635992884636,0.1481938874349,0.503442943096161,2.65583687806177,13.2368956208229,7.57527112960815,75.7527112960815,70.4018936157227,6.48848820714343,0.921000003814697,1277,1.05058896541595
12.25,43.75,2.05893063545227,4.44919919967651,4.16548593511549,63.4239807128906,31.413272023201,0.00309520873997826,0.626437187194824,3.19604108465592,23.4355999827385,6.6872181892395,66.872181892395,70.4018936157227,6.68552569280908,0.921000003814697,1036.33337402344,0.88645201921463
12.75,43.75,2.05893063545227,4.44919919967651,5.33797997341778,207.091934204102,74.4074404239655,0,0.422308266162872,3.18609148589591,23.1936810612679,4.82556343078613,48.2556343078613,70.4018936157227,7.19506460130716,0.915000021457672,864.666687011719,0.765196025371552
13.25,43.75,NA,NA,5.9233987349132,372.679595947266,90.0871455669403,0,0.175632014870644,NA,NA,4.15434169769287,41.5434169769287,NA,7.68206529534694,NA,759,NA
13.75,43.75,NA,NA,6.76228663939444,863.617004394531,62.7260088920593,0,0.475359082221985,NA,NA,4.3415675163269,43.415675163269,NA,NA,NA,703,NA
14.25,43.75,NA,NA,NA,NA,NA,NA,NA,NA,NA,NA,NA,NA,NA,NA,NA,NA
14.75,43.75,NA,NA,NA,NA,NA,NA,NA,NA,NA,NA,NA,NA,NA,NA,NA,NA
15.25,43.75,NA,NA,3.51254575548976,32.5335273742676,40.2563363313675,0.349548505619168,0.844659984111786,NA,NA,5.99042558670044,59.9042558670044,NA,NA,NA,771.599975585938,NA
15.75,43.75,1.73797047138214,0,4.09904363812143,59.2826080322266,48.2110977172852,0,0.812701046466827,NA,NA,6.42495107650757,64.2495107650757,NA,6.35757598237776,NA,742.111083984375,NA
16.25,43.75,1.69502389431,0.610393464565277,4.52556635828049,91.3482131958008,37.0772480964661,0,0.691308200359344,3.43715494865931,30.0983557701111,7.11183929443359,71.1183929443359,66.739990234375,6.58349498849283,0.852999985218048,861.888916015625,0.732219278812408
16.75,43.75,1.35520422458649,0.394848078489304,4.45261010094727,84.8507308959961,21.9659671187401,2.37175095826387,0.63969475030899,2.98886479796762,18.8631210327148,8.7569055557251,87.569055557251,66.739990234375,6.11001822758163,0.870999991893768,998.555541992188,0.928156554698944
17.25,43.75,1.35520422458649,0.394848078489304,3.48134484130469,31.5034046173096,15.4779493808746,0.00628673806204461,0.521913588047028,3.03077505304196,19.7132802605629,9.31904411315918,93.1904411315918,33.6770133972168,5.26494649573793,0.801999986171722,1048.44445800781,1.03019440174103
17.75,43.75,1.4421923160553,0.133872449398041,3.80402781342497,43.8815956115723,9.98717620968819,0.00625566899543628,0.428963214159012,3.20604072493201,23.6811729669571,8.33431911468506,83.3431911468506,33.6770133972168,4.68495646618054,0.801999986171722,1052.33337402344,1.03863823413849
18.25,43.75,1.80242609977722,0.77618807554245,5.33200321706476,205.851928710938,10.0197553634644,0,0.531444191932678,3.60094022074225,35.6326610445976,8.14197731018066,81.4197731018066,33.6770133972168,5.99443323494533,0.781000018119812,1083,1.0946444272995
18.75,43.75,1.65072214603424,0,3.29534302335839,25.9866695404053,7.78443142771721,0,0.387863457202911,3.64539892622447,37.2980479001999,8.13630390167236,81.3630390167236,33.6770133972168,5.43400162008102,0.781000018119812,1107.77783203125,1.12808632850647
19.25,43.75,1.65072214603424,0,2.84401656800252,16.1846504211426,5.11192046105862,0,0.294303059577942,3.62823610918571,36.6463539600372,7.26878499984741,72.6878499984741,33.6770133972168,4.81331447964951,0.776000022888184,1053.55554199219,1.06059885025024
19.75,43.75,2.11606907844543,4.32330799102783,4.13383620444259,61.4169082641602,5.18848933279514,0,0.49455326795578,3.97358634702455,52.1748929023743,6.66696929931641,66.6696929931641,47.8784675598145,5.00934845573262,0.794000029563904,939.666687011719,0.951893627643585
20.25,43.75,2.11606907844543,4.32330799102783,4.46425617490208,85.8563995361328,12.1495611965656,0,0.483557283878326,4.01580654321757,54.4680147171021,5.69823694229126,56.9823694229126,47.8784675598145,5.18934519347109,0.794000029563904,816,0.813515365123749
20.75,43.75,2.11606907844543,4.32330799102783,4.68590749067704,107.40860748291,27.3369491100311,0,0.488705575466156,3.8672892159012,46.8126006126404,5.25608682632446,52.5608682632446,47.8784675598145,5.33486635315774,0.794000029563904,748.333312988281,0.71620386838913
21.25,43.75,1.47105967998505,2.00059485435486,4.90300112268819,133.693405151367,49.6465057134628,0,0.540315330028534,3.53376681283394,33.2527486085892,4.47757434844971,44.7757434844971,47.8784675598145,4.99774000611052,0.794000029563904,671,0.628819465637207
21.75,43.75,1.79733693599701,4.22540760040283,3.53695051132458,33.3619728088379,28.9077699184418,0,0.517416715621948,3.1393612334178,22.0891135931015,5.03816604614258,50.3816604614258,47.8784675598145,4.93657841801792,0.796000003814697,679.888916015625,0.653748214244843
22.25,43.75,2.25377774238586,3.45357728004456,3.63387450630279,36.8592185974121,21.7641070485115,0,0.552908778190613,2.80177107750053,15.4737973213196,4.80032110214233,48.0032110214233,47.8784675598145,6.16195954809662,0.796000003814697,653.111083984375,0.628672540187836
22.75,43.75,1.12578392028809,0,3.49775707642545,32.041259765625,54.3074667453766,0,0.552797079086304,2.72566739742482,14.2665994167328,4.57554006576538,45.7554006576538,56.3976440429688,6.79478682175396,0.742999970912933,611,0.583489537239075
23.25,43.75,1.12578392028809,0,3.79134488147939,43.3159599304199,86.4436209201813,0.104255520273,0.275865107774734,3.26740644695409,25.2431879043579,4.10651636123657,41.0651636123657,56.3976440429688,6.18263035422135,0.742999970912933,570,0.520235359668732
23.75,43.75,1.12595546245575,0,3.63080386951063,36.7431449890137,89.7557258605957,1.71057675033808,0.284705072641373,3.40118037432556,28.9994897842407,3.88553786277771,38.8553786277771,56.3976440429688,5.70202617251793,0.742999970912933,558.444458007812,0.506988763809204
24.25,43.75,2.35784769058228,0,3.9023940470321,48.5208625793457,91.7864799499512,0.028376845875755,0.23954065144062,3.4877272425166,31.7115178108215,3.77818131446838,37.7818131446838,56.3976440429688,5.46447408425791,0.805999994277954,554.777770996094,0.495982378721237
24.75,43.75,1.93458795547485,2.29386448860168,3.99804376180855,53.4914474487305,85.3864550590515,0.210358574986458,0.305415481328964,3.20890341754607,23.7519288063049,4.0458664894104,40.458664894104,39.2473106384277,5.51536443009353,0.785000026226044,537.555541992188,0.469886749982834
25.25,43.75,1.12068545818329,0,4.11784336165706,60.4266242980957,88.3365273475647,0,0.251311182975769,3.30947523671598,26.3707585334778,4.13019895553589,41.3019895553589,39.2473106384277,5.2839388236842,0.785000026226044,539.333312988281,0.463229179382324
25.75,43.75,1.12068545818329,0,4.23411280712071,68.0004348754883,87.6993954181671,0,0.254976630210876,3.22375685284093,24.1223239898682,4.3081111907959,43.081111907959,39.2473106384277,5.68332054193119,0.785000026226044,563.888916015625,0.484212756156921
26.25,43.75,1.12068545818329,0,4.46393674064589,85.8286590576172,74.3171811103821,0.00938585217227228,0.401372522115707,3.00906543211146,19.2684488296509,4.32934665679932,43.2934665679932,56.3976440429688,5.64561316687794,0.76800000667572,577.444458007812,0.500119805335999
26.75,43.75,1.12068545818329,0,3.65422095767107,37.6374092102051,68.0337250232697,0.024705845862627,0.431824713945389,3.25362316820583,24.8839521408081,4.65266990661621,46.5266990661621,56.3976440429688,5.26992924186367,0.76800000667572,561.111083984375,0.497261345386505
27.25,43.75,1.12447619438171,0,3.52682255721669,33.0157127380371,65.194308757782,0,0.446506798267365,3.38804423407387,28.6079893112183,4.85756015777588,48.5756015777588,56.3976440429688,5.37866808999349,0.77700001001358,526,0.475348621606827
27.75,43.75,1.12447619438171,0,3.80937123709751,44.1220588684082,79.9036681652069,0,0.336473166942596,3.32752063895577,26.8691582679749,4.94176244735718,49.4176244735718,56.3976440429688,5.57564480584643,0.77700001001358,498.444458007812,0.449835300445557
28.25,43.75,1.14915716648102,0,3.2911376496652,25.8734188079834,95.4051375389099,0,0.119561672210693,3.56840648507336,34.4600419998169,4.84977340698242,48.4977340698242,56.3976440429688,5.86077526837781,0.77700001001358,478.111114501953,0.426931142807007
28.75,43.75,NA,NA,4.78295341447708,118.456634521484,86.6480052471161,0,0.272027313709259,NA,NA,4.18852186203003,41.8852186203003,NA,NA,NA,456.666656494141,NA
29.25,43.75,NA,NA,NA,NA,NA,NA,NA,NA,NA,NA,NA,NA,NA,NA,NA,NA
29.75,43.75,NA,NA,NA,NA,NA,NA,NA,NA,NA,NA,NA,NA,NA,NA,NA,NA
30.25,43.75,NA,NA,NA,NA,NA,NA,NA,NA,NA,NA,NA,NA,NA,NA,NA,NA
30.75,43.75,NA,NA,NA,NA,NA,NA,NA,NA,NA,NA,NA,NA,NA,NA,NA,NA
31.25,43.75,NA,NA,NA,NA,NA,NA,NA,NA,NA,NA,NA,NA,NA,NA,NA,NA
31.75,43.75,NA,NA,NA,NA,NA,NA,NA,NA,NA,NA,NA,NA,NA,NA,NA,NA
32.25,43.75,NA,NA,NA,NA,NA,NA,NA,NA,NA,NA,NA,NA,NA,NA,NA,NA
32.75,43.75,NA,NA,NA,NA,NA,NA,NA,NA,NA,NA,NA,NA,NA,NA,NA,NA
33.25,43.75,NA,NA,NA,NA,NA,NA,NA,NA,NA,NA,NA,NA,NA,NA,NA,NA
33.75,43.75,NA,NA,NA,NA,NA,NA,NA,NA,NA,NA,NA,NA,NA,NA,NA,NA
34.25,43.75,NA,NA,NA,NA,NA,NA,NA,NA,NA,NA,NA,NA,NA,NA,NA,NA
34.75,43.75,NA,NA,NA,NA,NA,NA,NA,NA,NA,NA,NA,NA,NA,NA,NA,NA
35.25,43.75,NA,NA,NA,NA,NA,NA,NA,NA,NA,NA,NA,NA,NA,NA,NA,NA
35.75,43.75,NA,NA,NA,NA,NA,NA,NA,NA,NA,NA,NA,NA,NA,NA,NA,NA
36.25,43.75,NA,NA,NA,NA,NA,NA,NA,NA,NA,NA,NA,NA,NA,NA,NA,NA
36.75,43.75,NA,NA,NA,NA,NA,NA,NA,NA,NA,NA,NA,NA,NA,NA,NA,NA
37.25,43.75,NA,NA,NA,NA,NA,NA,NA,NA,NA,NA,NA,NA,NA,NA,NA,NA
37.75,43.75,NA,NA,NA,NA,NA,NA,NA,NA,NA,NA,NA,NA,NA,NA,NA,NA
38.25,43.75,NA,NA,NA,NA,NA,NA,NA,NA,NA,NA,NA,NA,NA,NA,NA,NA
38.75,43.75,NA,NA,NA,NA,NA,NA,NA,NA,NA,NA,NA,NA,NA,NA,NA,NA
39.25,43.75,NA,NA,4.81186169778782,121.960319519043,2.81526297330856,0,0.161965847015381,NA,NA,7.98571300506592,79.8571300506592,NA,NA,NA,1561.66662597656,NA
39.75,43.75,0.847654402256012,0,4.73291973440484,112.626838684082,2.61326674371958,0,0.236655801534653,1.5650349223165,3.78284196089953,8.57932949066162,85.7932949066162,15.5810947418213,NA,0.763999998569489,1588.55554199219,1.42318511009216
-9.75,43.25,NA,NA,NA,NA,NA,NA,NA,NA,NA,NA,NA,NA,NA,NA,NA,NA
-9.25,43.25,NA,NA,4.09818784989798,59.2310409545898,2.39371210336685,0,0.402710765600204,NA,NA,9.02480792999268,90.2480792999268,NA,6.22449962833174,NA,940,NA
-8.75,43.25,1.78158962726593,1.34007799625397,4.41898482053021,82.0119705200195,7.43933096528053,0.0359140103682876,0.510121822357178,4.06243273999356,57.1155191957951,9.95634078979492,99.5634078979492,74.0227508544922,6.79254840520164,0.910000026226044,1194.125,1.22890257835388
-8.25,43.25,1.78158962726593,1.34007799625397,5.75852856186754,315.881713867188,7.30232521891594,0.118067977018654,0.566099405288696,4.04515919124178,56.1202783584595,9.60618495941162,96.0618495941162,74.0227508544922,7.08206611639356,0.910000026226044,1339.33337402344,1.34311258792877
-7.75,43.25,2.29388046264648,1.74062550067902,3.69282625652032,39.1581840515137,10.0776635110378,0.173272693064064,0.579614162445068,4.0900635129263,58.7436860799789,9.63723659515381,96.3723659515381,74.0227508544922,6.17850479647997,0.910000026226044,1432.44445800781,1.34728705883026
-7.25,43.25,1.78158962726593,1.34007799625397,3.32645979607593,26.8396091461182,8.44809487462044,0.0957203737925738,0.461430251598358,4.07243624477947,57.6997956037521,8.88335609436035,88.8335609436035,74.0227508544922,6.1643524413868,0.910000026226044,1304.88891601562,1.23682272434235
-6.75,43.25,1.99819803237915,0,2.75698652410102,14.7523021697998,1.69044658541679,0.0403225800255314,0.284140199422836,3.61548653746256,36.1694258451462,8.74863052368164,87.4863052368164,74.0227508544922,6.23273971964967,0.906000018119812,1207.55554199219,1.15779387950897
-6.25,43.25,1.74567461013794,1.37979435920715,3.19796574711169,23.4826755523682,2.49258708208799,0.14208055799827,0.404844582080841,3.72823656720574,40.6056746244431,8.72939872741699,87.2939872741699,74.0227508544922,6.31486717167334,0.906000018119812,1138.55554199219,1.10773313045502
-5.75,43.25,1.74567461013794,1.37979435920715,5.58600134634663,265.667175292969,2.95770298689604,0.0864464323967695,0.509423196315765,3.66745702256275,38.1522159576416,8.33652019500732,83.3652019500732,74.0227508544922,6.92906977647911,0.906000018119812,992.222229003906,0.972553014755249
-5.25,43.25,1.95772743225098,2.10955262184143,3.17515315962268,22.9304847717285,4.42362651228905,0.0317561120027676,0.391734629869461,3.61123832165307,36.0118570327759,8.06466770172119,80.6466770172119,74.0227508544922,6.21289795776566,0.906000018119812,938.444458007812,0.907138168811798
-4.75,43.25,1.95772743225098,2.10955262184143,2.86206921070999,16.4976959228516,7.16627836227417,0.163946370594203,0.519661664962769,3.78076155867849,42.8494229316711,8.02846145629883,80.2846145629883,74.0227508544922,6.23280792729367,0.906000018119812,948,0.917865455150604
-4.25,43.25,1.95772743225098,2.10955262184143,4.49152587470457,88.2575378417969,3.78038510680199,0.0153362474520691,0.549622535705566,4.05450269373094,56.656482934951804,7.9749813079834,79.749813079834,74.0227508544922,6.5786646786778,0.910000026226044,921,0.85596626996994
-3.75,43.25,1.95772743225098,2.10955262184143,5.36779728168211,213.390106201172,3.67785692214966,0.052918802248314,0.619803011417389,4.3912898385012,79.744499206543,7.96237373352051,79.6237373352051,74.0227508544922,6.93140743051106,0.910000026226044,1044.33337402344,0.929441273212433
-3.25,43.25,1.95772743225098,2.10955262184143,5.63850626830134,280.042602539062,5.13246357440948,0.0909450347535312,0.601693272590637,4.22026226766827,67.0513296127319,7.76593971252441,77.6593971252441,74.0227508544922,7.02424483522543,0.939000010490417,1092,0.974443376064301
-2.75,43.25,1.95772743225098,2.10955262184143,6.16183685436624,473.298492431641,0.63454145565629,0,0.424548298120499,4.06099287456282,57.0319008827209,7.66420459747314,76.6420459747314,74.0227508544922,7.33015520043258,0.939000010490417,1138.66662597656,1.02811193466187
-2.25,43.25,1.95772743225098,2.10955262184143,5.74924408014181,312.953247070312,0.917248241603374,0.00498504487040918,0.413627684116364,4.71136571774149,110.203929424286,7.97632837295532,79.7632837295532,74.0227508544922,7.16303338555505,0.939000010490417,1199.42858886719,1.10297608375549
-1.75,43.25,1.95772743225098,2.10955262184143,5.64456451810229,281.750396728516,1.18398871272802,0.0117614770715591,0.482222229242325,4.77222165262843,117.181508779526,8.15232849121094,81.5232849121094,74.0227508544922,7.13719246035552,0.927999973297119,1247.33337402344,1.10645627975464
-1.25,43.25,1.82632315158844,2.47006392478943,4.16359669778602,63.3023834228516,8.44286382198334,0,0.643075942993164,4.82918793927438,124.10932302475,7.63437509536743,76.3437509536743,79.9921722412109,6.52969564116113,0.907000005245209,1184.33337402344,1.04713213443756
-0.75,43.25,1.82632315158844,2.47006392478943,3.87964532910643,47.4070434570312,25.1621276140213,0,0.687896728515625,4.78425551491438,118.612280368805,7.06406593322754,70.6406593322754,79.9921722412109,6.57569145068276,0.907000005245209,1205.44445800781,1.060213804245
-0.25,43.25,1.82632315158844,2.47006392478943,4.95155116322488,140.394119262695,40.7085657119751,0,0.666825890541077,4.67898693887752,106.660950183868,6.67384719848633,66.7384719848633,79.9921722412109,6.95317947958724,0.907000005245209,1246.55554199219,1.1047397851944
0.25,43.25,1.82632315158844,2.47006392478943,4.38402439749029,79.1599807739258,47.0622807741165,0,0.629371523857117,4.16340946743387,63.2903451919556,6.26347017288208,62.6347017288208,79.9921722412109,6.76395996630143,0.910000026226044,1183.77783203125,1.04704463481903
0.75,43.25,1.54558861255646,3.17361283302307,3.78209664425046,42.9080047607422,61.0970079898834,0,0.532485127449036,3.85247321765657,46.1094311475754,5.78570556640625,57.8570556640625,79.9921722412109,6.72117513111473,0.910000026226044,1039.22216796875,0.919793903827667
1.25,43.25,1.54558861255646,3.17361283302307,4.59229731015426,97.7209625244141,63.8630449771881,0,0.52460640668869,3.65480092778249,37.6598242521286,5.20138120651245,52.0138120651245,79.9921722412109,7.15833310791534,0.910000026226044,863.222229003906,0.769668340682983
1.75,43.25,1.54558861255646,3.17361283302307,4.31475203338567,73.7950744628906,81.2639117240906,0,0.361484736204147,3.49897929628746,32.081668138504,4.65431642532349,46.5431642532349,79.9921722412109,7.05005793631832,0.89300000667572,781.555541992188,0.67797327041626
2.25,43.25,2.38127970695496,2.94628310203552,4.44659182853427,84.3356094360352,51.5577673912048,0,0.664442360401154,3.31875527792549,26.6259425282478,5.56328296661377,55.6328296661377,79.9921722412109,6.9561070565236,0.89300000667572,793.111083984375,0.646548390388489
2.75,43.25,2.38127970695496,2.94628310203552,4.16409181489061,63.334228515625,49.705708026886,0,0.611825466156006,2.85869343416796,16.4387272000313,4.90166664123535,49.0166664123535,79.9921722412109,6.85243230199704,0.89300000667572,667.555541992188,0.548617839813232
3.25,43.25,2.38127970695496,2.94628310203552,5.50129607653698,244.00927734375,77.9963135719299,0,0.459568023681641,NA,NA,3.71981978416443,37.1981978416443,79.9921722412109,7.47987432660191,0.89300000667572,575.125,0.43236517906189
3.75,43.25,NA,NA,6.30124586029761,544.250793457031,60.5208873748779,0,0.59490305185318,NA,NA,3.91953730583191,39.1953730583191,NA,NA,NA,597.5,NA
4.25,43.25,NA,NA,4.12346234254318,60.7727508544922,11.2195119261742,5.95121942460537,0.244655147194862,NA,NA,4.88739442825317,48.8739442825317,NA,NA,NA,656.666687011719,NA
4.75,43.25,NA,NA,4.94497124830032,139.466812133789,24.680432677269,20.8456248044968,0.60783314704895,NA,NA,4.88416528701782,48.8416528701782,NA,NA,NA,647.25,NA
5.25,43.25,NA,NA,7.27881232582948,1448.26574707031,29.5304477214813,0,0.657553851604462,NA,NA,4.94667530059814,49.4667530059814,NA,NA,NA,614.5,NA
5.75,43.25,2.45911979675293,3.29876303672791,6.1491253816722,467.3076171875,29.734855890274,0,0.684449017047882,3.270022706775,25.3119367957115,6.03059816360474,60.3059816360474,79.9921722412109,7.40422658853167,0.912000000476837,685.777770996094,0.493085652589798
6.25,43.25,2.45911979675293,3.29876303672791,5.32172406493348,203.736557006836,26.574495434761,0,0.659163773059845,2.70879643501344,14.0111976861954,5.92508363723755,59.2508363723755,79.9921722412109,7.24673091895376,0.912000000476837,745.444458007812,0.546574652194977
6.75,43.25,NA,NA,5.53628302087058,252.733123779297,23.2340514659882,0,0.77068167924881,NA,NA,5.44592666625977,54.4592666625977,NA,NA,NA,812.833312988281,NA
7.25,43.25,NA,NA,NA,NA,NA,NA,NA,NA,NA,NA,NA,NA,NA,NA,NA,NA
7.75,43.25,NA,NA,NA,NA,NA,NA,NA,NA,NA,NA,NA,NA,NA,NA,NA,NA
8.25,43.25,NA,NA,NA,NA,NA,NA,NA,NA,NA,NA,NA,NA,NA,NA,NA,NA
8.75,43.25,NA,NA,NA,NA,NA,NA,NA,NA,NA,NA,NA,NA,NA,NA,NA,NA
9.25,43.25,NA,NA,2.85681542057678,16.4060077667236,9.375,0,0.565303921699524,NA,NA,6.27028179168701,62.7028179168701,NA,NA,NA,831,NA
9.75,43.25,NA,NA,NA,NA,NA,NA,NA,NA,NA,NA,NA,NA,NA,NA,NA,NA
10.25,43.25,NA,NA,5.64340045087224,281.421447753906,42.5423741340637,0,0.646112322807312,NA,NA,5.65548706054688,56.5548706054688,NA,NA,NA,701.333312988281,NA
10.75,43.25,2.3006694316864,5,3.95474797330177,51.1825408935547,35.4002684354782,0,0.60673975944519,3.36974218942869,28.0710312724113,5.59769487380981,55.9769487380981,70.4018936157227,6.53408758168616,0.921000003814697,722.444458007812,0.587649583816528
11.25,43.25,2.3006694316864,5,4.43882764288569,83.6756134033203,41.1851853132248,0.101851846557111,0.647489190101624,3.48755904119796,31.7060161530972,5.54086589813232,55.4086589813232,70.4018936157227,6.59200999675841,0.921000003814697,742.888916015625,0.614353179931641
11.75,43.25,2.25299477577209,4.10756969451904,4.75639859651535,115.326232910156,64.6811246871948,0,0.532649278640747,3.54175115963715,33.527329146862,5.27213573455811,52.7213573455811,70.4018936157227,6.71910794604086,0.921000003814697,757.888916015625,0.651273667812347
12.25,43.25,2.12012481689453,4.37364387512207,5.036961519848,153.001373291016,45.1413631439209,0,0.595134317874908,2.90157680563173,17.2028250694275,5.63679075241089,56.3679075241089,70.4018936157227,6.68213353130053,0.907999992370605,824.111083984375,0.697077393531799
12.75,43.25,2.12012481689453,4.37364387512207,4.43684362458922,83.5077819824219,42.4557715654373,0.00308746784867253,0.614360630512238,3.18508794882038,23.1694139838219,6.31902265548706,63.1902265548706,70.4018936157227,6.47849248471331,0.907999992370605,934.222229003906,0.767200827598572
13.25,43.25,2.05893063545227,4.44919919967651,4.77410610836175,117.404426574707,72.5408315658569,0,0.436275333166122,3.68755570540837,38.947085082531,4.97820520401001,49.7820520401001,70.4018936157227,6.8345054871642,0.915000021457672,796.333312988281,0.698874831199646
13.75,43.25,2.05893063545227,4.44919919967651,5.8513401618916,346.700042724609,89.2458438873291,0,0.195700481534004,NA,NA,3.99227023124695,39.9227023124695,70.4018936157227,7.7782668851292,0.915000021457672,692,0.59920996427536
14.25,43.25,NA,NA,NA,NA,NA,NA,NA,NA,NA,NA,NA,NA,NA,NA,NA,NA
14.75,43.25,NA,NA,NA,NA,NA,NA,NA,NA,NA,NA,NA,NA,NA,NA,NA,NA
15.25,43.25,NA,NA,NA,NA,NA,NA,NA,NA,NA,NA,NA,NA,NA,NA,NA,NA
15.75,43.25,NA,NA,NA,NA,NA,NA,NA,NA,NA,NA,NA,NA,NA,NA,NA,NA
16.25,43.25,NA,NA,4.24623832002314,68.8421936035156,28.5513043403625,0,0.705593287944794,NA,NA,5.97579765319824,59.7579765319824,NA,NA,NA,686.5,NA
16.75,43.25,NA,NA,4.35158294148193,76.601203918457,30.552875995636,0.00742115007597022,0.757979810237885,NA,NA,6.8321738243103,68.321738243103,NA,NA,NA,800.777770996094,NA
17.25,43.25,1.46927678585052,0,4.11499112803077,60.2516708374023,38.0325973033905,1.00934887304902,0.713535308837891,2.38935973801272,9.90650868415833,8.19162750244141,81.9162750244141,66.739990234375,6.31316584009344,0.870999991893768,921.555541992188,0.755371034145355
17.75,43.25,1.4421923160553,0.133872449398041,4.43926742138927,83.7128601074219,37.0715916156769,1.49592589586973,0.771094501018524,3.06470305531561,20.4280980825424,8.14443588256836,81.4443588256836,33.6770133972168,5.83820998308471,0.801999986171722,1055.11108398438,0.844823718070984
18.25,43.25,1.4421923160553,0.133872449398041,2.4290016440269,10.3475475311279,11.2764313817024,0,0.519463360309601,3.7522220028319,41.6156690120697,8.92194652557373,89.2194652557373,33.6770133972168,4.22226406080094,0.776000022888184,1120.66662597656,1.04250764846802
18.75,43.25,1.65072214603424,0,2.42781594453224,10.3341007232666,4.88897189497948,0,0.422390103340149,3.48715422979263,31.6927790641785,8.95729732513428,89.5729732513428,55.9083976745605,4.63746515707323,0.837999999523163,1153.55554199219,1.16361749172211
19.25,43.25,1.65072214603424,0,2.65773573391203,13.263955116272,4.65705208480358,0,0.507208526134491,3.41378137354975,29.3799051046371,8.55097198486328,85.5097198486328,55.9083976745605,4.57962284382531,0.837999999523163,1099,1.14316296577454
19.75,43.25,1.65072214603424,0,3.58111799143765,34.9136695861816,8.55497419834137,0,0.54554682970047,3.65318836836687,37.5975332260132,7.43392133712769,74.3392133712769,47.8784675598145,4.45452000728173,0.794000029563904,939.666687011719,0.985936760902405
20.25,43.25,1.75101208686829,1.34534704685211,3.54048707465167,33.4837112426758,13.12345713377,0,0.571041941642761,3.60369671648249,35.7337781190872,6.83650922775269,68.3650922775269,47.8784675598145,4.25435052036298,0.794000029563904,822.111083984375,0.877229034900665
20.75,43.25,1.75101208686829,1.34534704685211,4.09196307424939,58.8572807312012,6.52469098567963,0.0493827159516513,0.347123235464096,3.24276713474708,24.6044748425484,6.31644487380981,63.1644487380981,NA,4.78626284621321,0.794000029563904,795.555541992188,0.787851214408875
21.25,43.25,1.79733693599701,4.22540760040283,3.79634434429271,43.5380706787109,19.6283936500549,0.034007296198979,0.444109469652176,3.12070210872763,21.6622854471207,5.45294427871704,54.5294427871704,47.8784675598145,4.57489587590925,0.796000003814697,712.555541992188,0.665098249912262
21.75,43.25,1.79733693599701,4.22540760040283,5.22431197514535,184.733337402344,56.0327231884003,0,0.511558890342712,2.88816031997427,16.9602380990982,4.6781530380249,46.781530380249,47.8784675598145,5.57419245360772,0.796000003814697,645.444458007812,0.582318246364594
22.25,43.25,1.79733693599701,4.22540760040283,3.26379155263997,25.1484928131104,18.1604936718941,0,0.57080751657486,2.8625786008528,16.5066113471985,4.96493864059448,49.6493864059448,47.8784675598145,5.36960301776185,0.796000003814697,660.222229003906,0.628517806529999
22.75,43.25,1.79733693599701,4.22540760040283,3.42471592923998,29.7139186859131,15.9926980733871,0.00309396382363047,0.501110732555389,2.71799071818934,14.1498513221741,5.72406148910522,57.2406148910522,47.8784675598145,5.28227700576542,0.796000003814697,691,0.679875731468201
23.25,43.25,1.12668001651764,0,3.5317183614597,33.1826553344727,31.2756806612015,0.0186776247574016,0.634401440620422,2.74218905495025,14.5209240913391,5.24464130401611,52.4464130401611,56.3976440429688,5.86894865900304,0.742999970912933,644,0.617225289344788
23.75,43.25,1.12668001651764,0,3.77177950944155,42.4573287963867,49.8840272426605,0,0.578154563903809,2.893755675903,17.0610136985779,4.72757530212402,47.2757530212402,56.3976440429688,5.53302266771665,0.742999970912933,596,0.553106188774109
24.25,43.25,1.97860670089722,0,3.57330577327221,34.6341972351074,57.4680864810944,0,0.523660838603973,3.03189259383471,19.7364411354065,4.68727874755859,46.8727874755859,56.3976440429688,5.71839614059766,0.742999970912933,581.777770996094,0.535405099391937
24.75,43.25,1.12068545818329,0,4.2229460102677,67.2342071533203,55.7479441165924,0,0.521566390991211,2.66934990609678,13.4305849075317,4.82744932174683,48.2744932174683,56.3976440429688,6.00763182504832,0.742999970912933,593.555541992188,0.526122570037842
25.25,43.25,1.12068545818329,0,3.62330371312087,36.461124420166,69.8826611042023,0,0.427264958620071,2.75850507817404,14.7762410640717,4.47997426986694,44.7997426986694,56.3976440429688,5.66869287327375,0.76800000667572,576.222229003906,0.493052095174789
25.75,43.25,1.12068545818329,0,4.05691345567023,56.7956466674805,67.891663312912,0,0.461396217346191,2.8971600851013,17.1226055622101,4.59565925598145,45.9565925598145,56.3976440429688,5.73185567647433,0.76800000667572,579.666687011719,0.494485408067703
26.25,43.25,1.12068545818329,0,3.47089820527777,31.165620803833,42.2824412584305,0,0.547282993793488,3.4988382819837,32.0770034790039,4.59654378890991,45.9654378890991,56.3976440429688,5.35180599189438,0.77700001001358,604.666687011719,0.519764184951782
26.75,43.25,1.14915716648102,0,3.97450388529341,52.223705291748,68.8851356506348,0,0.467331141233444,3.4725144518593,31.2176504135132,4.48256778717041,44.8256778717041,56.3976440429688,5.58431616120488,0.77700001001358,582.111083984375,0.516572177410126
27.25,43.25,1.14915716648102,0,3.88444700938091,47.6400375366211,70.6089854240417,0,0.439899623394012,3.14723742156153,22.2716858386993,4.68974208831787,46.8974208831787,56.3976440429688,5.72646874089437,0.77700001001358,547,0.497825711965561
27.75,43.25,1.14915716648102,0,5.35177084360766,209.981582641602,60.8074903488159,0,0.541949093341827,3.05562919032817,20.2345418930054,5.26717090606689,52.6717090606689,56.3976440429688,6.59859691870323,0.77700001001358,519.222229003906,0.480371743440628
28.25,43.25,NA,NA,4.53695923964014,92.4063415527344,77.2575259208679,0,0.416793972253799,NA,NA,5.18768167495728,51.8768167495728,NA,NA,NA,498.5,NA
28.75,43.25,NA,NA,3.12491134260021,21.7578773498535,87.9875183105469,0,0.212652891874313,NA,NA,4.58558464050293,45.8558464050293,NA,NA,NA,486,NA
29.25,43.25,NA,NA,NA,NA,NA,NA,NA,NA,NA,NA,NA,NA,NA,NA,NA,NA
29.75,43.25,NA,NA,NA,NA,NA,NA,NA,NA,NA,NA,NA,NA,NA,NA,NA,NA
30.25,43.25,NA,NA,NA,NA,NA,NA,NA,NA,NA,NA,NA,NA,NA,NA,NA,NA
30.75,43.25,NA,NA,NA,NA,NA,NA,NA,NA,NA,NA,NA,NA,NA,NA,NA,NA
31.25,43.25,NA,NA,NA,NA,NA,NA,NA,NA,NA,NA,NA,NA,NA,NA,NA,NA
31.75,43.25,NA,NA,NA,NA,NA,NA,NA,NA,NA,NA,NA,NA,NA,NA,NA,NA
32.25,43.25,NA,NA,NA,NA,NA,NA,NA,NA,NA,NA,NA,NA,NA,NA,NA,NA
32.75,43.25,NA,NA,NA,NA,NA,NA,NA,NA,NA,NA,NA,NA,NA,NA,NA,NA
33.25,43.25,NA,NA,NA,NA,NA,NA,NA,NA,NA,NA,NA,NA,NA,NA,NA,NA
33.75,43.25,NA,NA,NA,NA,NA,NA,NA,NA,NA,NA,NA,NA,NA,NA,NA,NA
34.25,43.25,NA,NA,NA,NA,NA,NA,NA,NA,NA,NA,NA,NA,NA,NA,NA,NA
34.75,43.25,NA,NA,NA,NA,NA,NA,NA,NA,NA,NA,NA,NA,NA,NA,NA,NA
35.25,43.25,NA,NA,NA,NA,NA,NA,NA,NA,NA,NA,NA,NA,NA,NA,NA,NA
35.75,43.25,NA,NA,NA,NA,NA,NA,NA,NA,NA,NA,NA,NA,NA,NA,NA,NA
36.25,43.25,NA,NA,NA,NA,NA,NA,NA,NA,NA,NA,NA,NA,NA,NA,NA,NA
36.75,43.25,NA,NA,NA,NA,NA,NA,NA,NA,NA,NA,NA,NA,NA,NA,NA,NA
37.25,43.25,NA,NA,NA,NA,NA,NA,NA,NA,NA,NA,NA,NA,NA,NA,NA,NA
37.75,43.25,NA,NA,NA,NA,NA,NA,NA,NA,NA,NA,NA,NA,NA,NA,NA,NA
38.25,43.25,NA,NA,NA,NA,NA,NA,NA,NA,NA,NA,NA,NA,NA,NA,NA,NA
38.75,43.25,NA,NA,NA,NA,NA,NA,NA,NA,NA,NA,NA,NA,NA,NA,NA,NA
39.25,43.25,NA,NA,NA,NA,NA,NA,NA,NA,NA,NA,NA,NA,NA,NA,NA,NA
39.75,43.25,NA,NA,4.81186169778782,121.960319519043,22.2135007381439,0,0.692096173763275,NA,NA,7.75017356872559,77.5017356872559,NA,NA,NA,1628,NA
-9.75,42.75,NA,NA,NA,NA,NA,NA,NA,NA,NA,NA,NA,NA,NA,NA,NA,NA
-9.25,42.75,NA,NA,4.83012069751593,124.22607421875,5.51702380180359,0.126103404909372,0.598676145076752,NA,NA,8.76794528961182,87.6794528961182,NA,NA,NA,1090.25,NA
-8.75,42.75,2.30502915382385,1.66679608821869,5.22296587533845,184.483489990234,7.58766308426857,0.00346152519341558,0.527402520179749,3.69388550521647,39.2007440924644,9.15165710449219,91.5165710449219,74.0227508544922,6.9814223493352,0.910000026226044,1481.11108398438,1.37534034252167
-8.25,42.75,2.30502915382385,1.66679608821869,4.17744151863161,64.1988296508789,10.5885997414589,0.108426273800433,0.543084144592285,4.20351207378722,65.920950114727,9.8681583404541,98.681583404541,74.0227508544922,6.34259508118014,0.910000026226044,1721.77783203125,1.53664183616638
-7.75,42.75,2.29388046264648,1.74062550067902,3.7761214268059,42.646427154541,28.9561331272125,0.0249058241024613,0.609312474727631,4.25540067404149,69.485053062439,9.25289726257324,92.5289726257324,74.0227508544922,6.27724517000546,0.910000026226044,1620.88891601562,1.41967141628265
-7.25,42.75,2.29388046264648,1.74062550067902,3.09381241855817,21.0610237121582,14.2080724239349,0.0308804010273889,0.476974606513977,3.88015167553574,47.4315603971481,8.50336647033691,85.0336647033691,74.0227508544922,6.52316195728666,0.910000026226044,1424,1.2405002117157
-6.75,42.75,2.29388046264648,1.74062550067902,3.5408528385573,33.4963264465332,2.94838007539511,0.148814136628062,0.377744048833847,2.72839490918487,14.308296084404,7.84030675888062,78.4030675888062,74.0227508544922,6.6547758126018,0.912000000476837,1186,1.05022001266479
-6.25,42.75,2.29388046264648,1.74062550067902,2.82165065800941,15.8045663833618,2.62425821274519,1.14057864993811,0.356168031692505,3.30470975430486,26.2406339645386,6.93257665634155,69.3257665634155,74.0227508544922,6.35913755164793,0.912000000476837,1126.22216796875,0.978323936462402
-5.75,42.75,2.27080583572388,4.10164165496826,4.61877413070764,100.369689941406,13.5733127593994,6.30566328763962,0.703541576862335,3.79642909163232,43.5418453216553,5.47356796264648,54.7356796264648,74.0227508544922,6.61863516132005,0.912000000476837,864.222229003906,0.744179308414459
-5.25,42.75,2.27080583572388,4.10164165496826,2.44357950085492,10.5141820907593,27.6136159896851,8.70581641793251,0.639626264572144,3.86524260916661,46.7148470878601,5.11647510528564,51.1647510528564,74.0227508544922,6.29319530776839,0.912000000476837,705.444458007812,0.614616870880127
-4.75,42.75,2.29540729522705,3.9952290058136,2.30758508438483,9.05012512207031,29.1854441165924,3.50560955703259,0.620852887630463,3.82320532807274,44.7506192922592,5.21773242950439,52.1773242950439,74.0227508544922,5.89299416672339,0.912000000476837,722.222229003906,0.62964129447937
-4.25,42.75,2.29540729522705,3.9952290058136,2.59751823000378,12.430365562439,39.0083789825439,1.93510074168444,0.710450530052185,3.4492842457051,30.4778538346291,4.99226665496826,49.9226665496826,74.0227508544922,6.20255973327249,0.912000000476837,677.777770996094,0.595419526100159
-3.75,42.75,1.87365877628326,3.05166673660278,1.92196194102604,5.83435392379761,23.0243965983391,0.360047188587487,0.672721683979034,3.15699913521078,22.4999697804451,5.53582954406738,55.3582954406738,74.0227508544922,6.31507607428176,0.912000000476837,718.555541992188,0.62572968006134
-3.25,42.75,1.87365877628326,3.05166673660278,2.86365289892508,16.5254287719727,52.0174264907837,0.735294120386243,0.582424879074097,3.27947886424097,25.5619267225266,5.47703170776367,54.7703170776367,74.0227508544922,6.39531855584615,0.912000000476837,741.333312988281,0.66427880525589
-2.75,42.75,1.87365877628326,3.05166673660278,5.07860087757835,159.549270629883,49.8345702886581,2.61252261698246,0.771866738796234,3.48185910376845,31.5201241970062,5.46450757980347,54.6450757980347,74.0227508544922,6.74452076148108,0.912000000476837,746,0.684988856315613
-2.25,42.75,1.87365877628326,3.05166673660278,3.70849486322742,39.7923622131348,39.5536214113235,1.6978451982140501,0.689945042133331,4.28739712695213,71.7767930030823,6.15939283370972,61.5939283370972,74.0227508544922,6.40646766197553,0.927999973297119,785,0.713851392269135
-1.75,42.75,1.89401650428772,2.65051579475403,5.26052885484353,191.583312988281,53.602921962738,0.544537603855133,0.623299837112427,4.41664923725337,81.8183153867722,5.8752326965332,58.752326965332,74.0227508544922,6.59863624639265,0.927999973297119,809.111083984375,0.706025123596191
-1.25,42.75,1.89401650428772,2.65051579475403,2.34301327218625,9.41256523132324,25.8924663066864,1.80674102157354,0.564916908740997,4.21597995816701,66.7605358362198,6.08142948150635,60.8142948150635,74.0227508544922,5.87828836482024,0.927999973297119,836.111083984375,0.699591934680939
-0.75,42.75,1.89401650428772,2.65051579475403,2.04105736112682,6.6987452507019,11.0634356737137,0.138910324312747,0.550131022930145,4.1125948569825,60.1050709486008,6.56607627868652,65.6607627868652,74.0227508544922,5.61923510053231,0.915000021457672,932.777770996094,0.782080769538879
-0.25,42.75,1.72057020664215,3.63756990432739,2.43178084018678,10.3791284561157,2.89214011281729,0.0835163460578769,0.592469036579132,3.7036967534203,39.5971047878265,7.2556586265564,72.556586265564,74.0227508544922,5.65218117299827,0.915000021457672,1134.22216796875,0.986134350299835
0.25,42.75,1.54558861255646,3.17361283302307,2.3249966151103,9.22664546966553,0.358733301982284,0,0.508516848087311,3.65743113347298,37.7616413831711,7.64461135864258,76.4461135864258,79.9921722412109,5.83336805364314,0.910000026226044,1228.77783203125,1.07181704044342
0.75,42.75,1.54558861255646,3.17361283302307,2.70051109588586,13.8873386383057,0.35227588377893,0.0154506968101487,0.486020058393478,3.69742017424723,39.3430918455124,7.6086540222168,76.086540222168,74.0227508544922,5.88622778952532,0.921999990940094,1264.77783203125,1.11888778209686
1.25,42.75,1.54558861255646,3.17361283302307,2.91856912840858,17.5147762298584,0.645879050716758,0,0.502163708209991,3.47912374623601,31.4312915802002,7.12363004684448,71.2363004684448,79.9921722412109,5.71354303464201,0.910000026226044,1196.11108398438,1.07181036472321
1.75,42.75,1.54558861255646,3.17361283302307,4.00732749784947,53.9996871948242,2.5175953283906,0,0.506894707679749,3.20291841032701,23.604230761528,7.03436756134033,70.3436756134033,79.9921722412109,6.04649667007824,0.910000026226044,1143.22216796875,1.02041876316071
2.25,42.75,2.38127970695496,2.94628310203552,3.02753498711905,19.646276473999,7.65284076333046,0,0.403155773878098,2.71047390175807,14.03639960289,6.25606966018677,62.5606966018677,79.9921722412109,6.42599669739231,0.89300000667572,951.111083984375,0.830494940280914
2.75,42.75,2.40450716018677,2.68397545814514,5.18845709780072,178.191864013672,40.866631269455,0.0593583041336387,0.742041945457458,2.57143534903376,12.084591925144201,4.79150104522705,47.9150104522705,79.9921722412109,7.22708167609192,0.89300000667572,646.111083984375,0.517586946487427
3.25,42.75,NA,NA,5.90451572919665,365.689605712891,45.9919035434723,2.97737544322396e-13,0.742103040218353,NA,NA,4.34954595565796,43.4954595565796,NA,NA,NA,536.666687011719,NA
3.75,42.75,NA,NA,NA,NA,NA,NA,NA,NA,NA,NA,NA,NA,NA,NA,NA,NA
4.25,42.75,NA,NA,NA,NA,NA,NA,NA,NA,NA,NA,NA,NA,NA,NA,NA,NA
4.75,42.75,NA,NA,NA,NA,NA,NA,NA,NA,NA,NA,NA,NA,NA,NA,NA,NA
5.25,42.75,NA,NA,NA,NA,NA,NA,NA,NA,NA,NA,NA,NA,NA,NA,NA,NA
5.75,42.75,NA,NA,NA,NA,NA,NA,NA,NA,NA,NA,NA,NA,NA,NA,NA,NA
6.25,42.75,NA,NA,NA,NA,NA,NA,NA,NA,NA,NA,NA,NA,NA,NA,NA,NA
6.75,42.75,NA,NA,NA,NA,NA,NA,NA,NA,NA,NA,NA,NA,NA,NA,NA,NA
7.25,42.75,NA,NA,NA,NA,NA,NA,NA,NA,NA,NA,NA,NA,NA,NA,NA,NA
7.75,42.75,NA,NA,NA,NA,NA,NA,NA,NA,NA,NA,NA,NA,NA,NA,NA,NA
8.25,42.75,NA,NA,NA,NA,NA,NA,NA,NA,NA,NA,NA,NA,NA,NA,NA,NA
8.75,42.75,NA,NA,4.45340311229135,84.9188385009766,10.4171931743622,0,0.567297756671906,NA,NA,5.98815965652466,59.8815965652466,NA,NA,NA,823,NA
9.25,42.75,NA,NA,4.55394017341811,94.0060119628906,4.63773086667061,0,0.725467324256897,NA,NA,6.3002142906189,63.002142906189,NA,6.53443544181124,NA,861.75,NA
9.75,42.75,NA,NA,5.23459963477278,186.653961181641,48.1228679418564,0,0.66208428144455,NA,NA,7.12136650085449,71.2136650085449,NA,NA,NA,766,NA
10.25,42.75,2.3006694316864,5,5.18961961669279,178.400299072266,3.56172658503056,0,0.642635226249695,NA,NA,5.92583799362183,59.2583799362183,70.4018936157227,7.0285271162872,0.921000003814697,546.799987792969,0.420425891876221
10.75,42.75,NA,NA,4.95536005111665,140.933700561523,34.3361884355545,0,0.670389354228973,NA,NA,5.0857458114624,50.857458114624,NA,NA,NA,605,NA
11.25,42.75,2.3006694316864,5,4.01777891257398,54.5775260925293,65.3357923030853,0,0.527435958385468,4.24648356807303,68.8593243658543,4.13109111785889,41.3109111785889,70.4018936157227,6.3444804152602,0.921000003814697,586.777770996094,0.47213351726532
11.75,42.75,2.12012481689453,4.37364387512207,3.78811452752662,43.1730346679688,50.7617175579071,0.371093745343387,0.607884049415588,4.48957513541461,88.0835893750191,4.69978666305542,46.9978666305542,70.4018936157227,6.38024759942473,0.921000003814697,516.111083984375,0.432728558778763
12.25,42.75,2.12012481689453,4.37364387512207,4.29583466564115,72.3934478759766,57.7044725418091,0,0.551599144935608,3.57271559772802,34.6131730079651,4.60919570922852,46.0919570922852,70.4018936157227,6.51447430887384,0.907999992370605,511.666656494141,0.429115384817123
12.75,42.75,2.12012481689453,4.37364387512207,4.90686054753231,134.214248657227,37.4215692281723,0,0.613809466362,3.33199845697809,26.9942311048508,5.72005128860474,57.2005128860474,70.4018936157227,6.36312954303431,0.907999992370605,701.666687011719,0.599053204059601
13.25,42.75,2.05893063545227,4.44919919967651,2.8943597964382,17.071928024292,14.484877884388,0.431596580892801,0.620538651943207,3.83892502756095,45.4754877090454,6.79896354675293,67.9896354675293,70.4018936157227,6.28079203178889,0.915000021457672,862.888916015625,0.776022851467133
13.75,42.75,2.05893063545227,4.44919919967651,5.45525642643315,232.98486328125,64.3684327602386,0,0.518906533718109,3.83211416638907,45.1600251197815,4.89942598342896,48.9942598342896,70.4018936157227,7.17639096521497,0.901000022888184,760.888916015625,0.680405378341675
14.25,42.75,NA,NA,6.7448648995311,848.684326171875,77.4661064147949,0,0.41762101650238,NA,NA,4.20630359649658,42.0630359649658,NA,NA,NA,676.666687011719,NA
14.75,42.75,NA,NA,NA,NA,NA,NA,NA,NA,NA,NA,NA,NA,NA,NA,NA,NA
15.25,42.75,NA,NA,NA,NA,NA,NA,NA,NA,NA,NA,NA,NA,NA,NA,NA,NA
15.75,42.75,NA,NA,NA,NA,NA,NA,NA,NA,NA,NA,NA,NA,NA,NA,NA,NA
16.25,42.75,NA,NA,NA,NA,NA,NA,NA,NA,NA,NA,NA,NA,NA,NA,NA,NA
16.75,42.75,NA,NA,3.72397064238391,40.4285659790039,12.488928437233,0,0.456696510314941,NA,NA,5.67642307281494,56.7642307281494,NA,6.93995418569113,NA,660,NA
17.25,42.75,NA,NA,3.52179390637314,32.8450889587402,11.226712167263,0,0.478990882635117,NA,NA,7.04599094390869,70.4599094390869,NA,NA,NA,830.5,NA
17.75,42.75,NA,NA,3.55469040945782,33.9769897460938,16.8943107128143,0.0146081365528516,0.655651867389679,NA,NA,8.42193508148193,84.2193508148193,NA,NA,NA,1020.83331298828,NA
18.25,42.75,1.47434544563293,0,3.7951302003063,43.4840278625488,11.5151956677437,0,0.467473953962326,3.44880051615399,30.4626307487488,8.33433246612549,83.3433246612549,33.6770133972168,5.73026494077172,0.776000022888184,1179.77783203125,0.927688717842102
18.75,42.75,1.47434544563293,0,3.62080441341892,36.3676147460938,6.47437274456024,0,0.25295501947403,3.21882491643738,23.9987273216248,8.53373336791992,85.3373336791992,55.9083976745605,5.35131235630388,0.852999985218048,1207.22216796875,1.0861496925354
19.25,42.75,1.41770350933075,1.22690391540527,3.80185307112737,43.7840957641602,12.4378725886345,0,0.482970982789993,3.12903906853823,21.8520097732544,8.62258243560791,86.2258243560791,55.9083976745605,5.50343442227083,0.837999999523163,1207.44445800781,1.1704648733139
19.75,42.75,1.65072214603424,0,3.69083352968703,39.078239440918,4.76352274417877,0,0.42624107003212,3.43387195707057,29.9964275360107,8.4195499420166,84.195499420166,55.9083976745605,5.63106727775856,0.837999999523163,1048.88891601562,1.1066917181015
20.25,42.75,1.41770350933075,1.22690391540527,4.67584509339378,106.323226928711,20.277450978756,0.25644195266068,0.56847733259201,3.40522207033451,29.1209839582443,7.56597423553467,75.6597423553467,NA,5.10097495966601,0.754000008106232,946.444458007812,0.96384984254837
20.75,42.75,1.41770350933075,1.22690391540527,5.12748491537964,167.592559814453,45.4914718866348,0.337984506040812,0.518727123737335,2.95582256448585,18.2175238728523,5.99176740646362,59.9176740646362,NA,4.72235293028605,0.763999998569489,791.222229003906,0.72453773021698
21.25,42.75,1.66679418087006,4.54299640655518,5.44592391844957,230.81135559082,35.4659080505371,0.358866481110454,0.533217132091522,2.82438752751652,15.8506212830544,5.53162813186646,55.3162813186646,NA,4.67009205839608,0.767000019550323,709.888916015625,0.641626715660095
21.75,42.75,1.79733693599701,4.22540760040283,4.45925089059856,85.4227447509766,23.7923160195351,0.0339757854817435,0.466321170330048,2.8282868116128,15.916454911232,5.08511972427368,50.8511972427368,47.8784675598145,4.89643238236362,0.796000003814697,650.111083984375,0.583390057086945
22.25,42.75,1.79733693599701,4.22540760040283,3.67206968490272,38.3332290649414,7.70902559161186,0.00620944483671337,0.24700465798378,2.48389900259928,10.9879143238068,5.6862416267395,56.862416267395,47.8784675598145,5.36607697462298,0.796000003814697,665.333312988281,0.639587163925171
22.75,42.75,1.79733693599701,4.22540760040283,3.11883180950305,21.6199398040771,13.7797594070435,0.142410455737263,0.462331235408783,2.44063434611748,10.480320930481,4.93215656280518,49.3215656280518,56.3976440429688,6.11164995463098,0.856000006198883,641.555541992188,0.614677131175995
23.25,42.75,1.97860670089722,0,6.19148645732539,487.571807861328,20.4358994960785,1.3343240134418,0.659083843231201,2.56574998574976,12.0104123353958,5.07026672363281,50.7026672363281,56.3976440429688,7.50652269393617,0.856000006198883,640,0.6097332239151
23.75,42.75,1.97860670089722,0,5.09262191193282,161.816192626953,17.2883450984955,0.742919044569135,0.487502574920654,2.60270552690894,12.5002138614655,5.0062427520752,50.062427520752,56.3976440429688,6.58800557295273,0.856000006198883,640.888916015625,0.601082026958466
24.25,42.75,1.48467886447906,4.12858247756958,3.38246386192702,28.4432258605957,11.7894738912582,0.829721335321665,0.45258241891861,2.93291380700301,17.7822787761688,5.497483253479,54.97483253479,56.3976440429688,5.57980041698666,0.856000006198883,672.222229003906,0.620822310447693
24.75,42.75,1.12068545818329,0,3.61671211492061,36.2150077819824,21.8443006277084,1.52610437944531,0.538588583469391,3.05247764258,20.1677255630493,5.33138132095337,53.3138132095337,56.3976440429688,5.66181583996083,0.742999970912933,659.888916015625,0.609328329563141
25.25,42.75,1.12068545818329,0,4.12738347836117,61.0154457092285,19.9540570378304,0.89712543413043,0.528025805950165,2.8583461890861,16.4326727390289,5.13695573806763,51.3695573806763,56.3976440429688,6.14608717888545,0.765999972820282,646.333312988281,0.573712706565857
25.75,42.75,1.54033529758453,1.60128545761108,3.76503389137999,42.165168762207,19.1452726721764,1.66562311351299,0.397492617368698,2.82747382073863,15.9027075767517,5.02364635467529,50.2364635467529,56.3976440429688,5.78700091110366,0.765999972820282,634.111083984375,0.536746561527252
26.25,42.75,1.54033529758453,1.60128545761108,4.06778473945409,57.4273872375488,33.4177285432816,0.771914655342698,0.49702662229538,3.42491636169056,29.7200753688812,4.9547061920166,49.547061920166,56.3976440429688,5.61226109825318,0.765999972820282,623.777770996094,0.526496648788452
26.75,42.75,1.54033529758453,1.60128545761108,3.45743437604906,30.7354507446289,49.3136644363403,1.40062114223838,0.537740290164948,3.34560645158507,27.3777801990509,4.55445957183838,45.5445957183838,56.3976440429688,5.48757371986857,0.765999972820282,593.888916015625,0.506579875946045
27.25,42.75,1.14915716648102,0,4.64250444036849,102.803993225098,49.6174067258835,0.752589991316199,0.577957451343536,3.34473311955231,27.3530077934265,4.45422029495239,44.5422029495239,56.3976440429688,6.26979655559289,0.765999972820282,564,0.490248382091522
27.75,42.75,1.14915716648102,0,4.02937863584933,55.2259635925293,31.868252158165,0.468164775520563,0.556052923202515,NA,NA,4.83325052261353,48.3325052261353,56.3976440429688,6.9661660549905,0.765999972820282,536.375,0.484688729047775
28.25,42.75,NA,NA,NA,NA,NA,NA,NA,NA,NA,NA,NA,NA,NA,NA,NA,NA
28.75,42.75,NA,NA,NA,NA,NA,NA,NA,NA,NA,NA,NA,NA,NA,NA,NA,NA
29.25,42.75,NA,NA,NA,NA,NA,NA,NA,NA,NA,NA,NA,NA,NA,NA,NA,NA
29.75,42.75,NA,NA,NA,NA,NA,NA,NA,NA,NA,NA,NA,NA,NA,NA,NA,NA
30.25,42.75,NA,NA,NA,NA,NA,NA,NA,NA,NA,NA,NA,NA,NA,NA,NA,NA
30.75,42.75,NA,NA,NA,NA,NA,NA,NA,NA,NA,NA,NA,NA,NA,NA,NA,NA
31.25,42.75,NA,NA,NA,NA,NA,NA,NA,NA,NA,NA,NA,NA,NA,NA,NA,NA
31.75,42.75,NA,NA,NA,NA,NA,NA,NA,NA,NA,NA,NA,NA,NA,NA,NA,NA
32.25,42.75,NA,NA,NA,NA,NA,NA,NA,NA,NA,NA,NA,NA,NA,NA,NA,NA
32.75,42.75,NA,NA,NA,NA,NA,NA,NA,NA,NA,NA,NA,NA,NA,NA,NA,NA
33.25,42.75,NA,NA,NA,NA,NA,NA,NA,NA,NA,NA,NA,NA,NA,NA,NA,NA
33.75,42.75,NA,NA,NA,NA,NA,NA,NA,NA,NA,NA,NA,NA,NA,NA,NA,NA
34.25,42.75,NA,NA,NA,NA,NA,NA,NA,NA,NA,NA,NA,NA,NA,NA,NA,NA
34.75,42.75,NA,NA,NA,NA,NA,NA,NA,NA,NA,NA,NA,NA,NA,NA,NA,NA
35.25,42.75,NA,NA,NA,NA,NA,NA,NA,NA,NA,NA,NA,NA,NA,NA,NA,NA
35.75,42.75,NA,NA,NA,NA,NA,NA,NA,NA,NA,NA,NA,NA,NA,NA,NA,NA
36.25,42.75,NA,NA,NA,NA,NA,NA,NA,NA,NA,NA,NA,NA,NA,NA,NA,NA
36.75,42.75,NA,NA,NA,NA,NA,NA,NA,NA,NA,NA,NA,NA,NA,NA,NA,NA
37.25,42.75,NA,NA,NA,NA,NA,NA,NA,NA,NA,NA,NA,NA,NA,NA,NA,NA
37.75,42.75,NA,NA,NA,NA,NA,NA,NA,NA,NA,NA,NA,NA,NA,NA,NA,NA
38.25,42.75,NA,NA,NA,NA,NA,NA,NA,NA,NA,NA,NA,NA,NA,NA,NA,NA
38.75,42.75,NA,NA,NA,NA,NA,NA,NA,NA,NA,NA,NA,NA,NA,NA,NA,NA
39.25,42.75,NA,NA,NA,NA,NA,NA,NA,NA,NA,NA,NA,NA,NA,NA,NA,NA
39.75,42.75,NA,NA,NA,NA,NA,NA,NA,NA,NA,NA,NA,NA,NA,NA,NA,NA
-9.75,42.25,NA,NA,NA,NA,NA,NA,NA,NA,NA,NA,NA,NA,NA,NA,NA,NA
-9.25,42.25,NA,NA,NA,NA,NA,NA,NA,NA,NA,NA,NA,NA,NA,NA,NA,NA
-8.75,42.25,NA,NA,6.29639586462627,541.612731933594,10.0052937865257,0.250252662226558,0.634571075439453,2.87601660426599,16.7434530258179,8.34184551239014,83.4184551239014,NA,7.47541929875372,NA,1626,NA
-8.25,42.25,2.29388046264648,1.74062550067902,4.01372838883322,54.3528633117676,2.7557710185647,0.0652437331154943,0.51887845993042,3.21207246286473,23.8304932117462,8.6475830078125,86.475830078125,74.0227508544922,6.43063566843407,0.910000026226044,1563.77783203125,1.38816428184509
-7.75,42.25,2.29388046264648,1.74062550067902,4.45138608223347,84.7457122802734,20.0700834393501,0.555090373381972,0.58998167514801,3.53203272391626,33.1934027671814,8.2591609954834,82.591609954834,74.0227508544922,6.49937099723739,0.910000026226044,1632.33337402344,1.35492098331451
-7.25,42.25,2.29388046264648,1.74062550067902,2.83810091027117,16.0832920074463,5.23088462650776,0.00938555895118043,0.423953831195831,3.20672043270292,23.6979546546936,7.52106094360352,75.2106094360352,74.0227508544922,6.48680926325711,0.910000026226044,1387.66662597656,1.16294157505035
-6.75,42.25,2.29388046264648,1.74062550067902,3.12609262381735,21.7847766876221,0.864777434617281,0.233303266577423,0.260213822126389,2.92080234758934,17.5561699867249,6.46941089630127,64.6941089630127,74.0227508544922,6.35464842850449,0.912000000476837,1150.11108398438,0.934589445590973
-6.25,42.25,2.27080583572388,4.10164165496826,2.83794626313849,16.0806503295898,10.564099252224,4.40016090869904,0.64730966091156,3.65209408444138,37.5553196668625,4.98518228530884,49.8518228530884,74.0227508544922,6.25588850348128,0.912000000476837,911.777770996094,0.725130379199982
-5.75,42.25,2.27080583572388,4.10164165496826,3.48302371735775,31.5580196380615,76.1250674724579,53.8953006267548,0.641777396202087,4.64160427410257,102.710594415665,3.53149461746216,35.3149461746216,74.0227508544922,6.70127194646219,0.912000000476837,640.777770996094,0.49764296412468
-5.25,42.25,2.27080583572388,4.10164165496826,2.36144747824067,9.60629272460938,97.3024666309357,12.0895065367222,0.247668594121933,4.62702475046514,101.209512472153,3.49255871772766,34.9255871772766,74.0227508544922,6.30965279554593,0.912000000476837,514.111083984375,0.391794562339783
-4.75,42.25,2.29540729522705,3.9952290058136,3.08258462860261,20.8147125244141,95.3546524047852,15.3342798352242,0.315277606248856,4.23443302167814,68.0225333571434,3.46086168289185,34.6086168289185,74.0227508544922,6.24970526075411,0.912000000476837,471.555541992188,0.370463728904724
-4.25,42.25,2.29540729522705,3.9952290058136,2.26979796270792,8.67744541168213,95.4228401184082,9.92592573165894,0.259467869997025,3.59052773532277,35.2532029747963,3.51765823364258,35.1765823364258,74.0227508544922,6.26869427253507,0.912000000476837,456.666656494141,0.363291680812836
-3.75,42.25,2.29540729522705,3.9952290058136,4.57811778903712,96.3310241699219,85.3364169597626,2.04629637300968,0.323879301548004,3.31680489066284,26.5721137523651,3.6681854724884,36.681854724884,74.0227508544922,6.48789190658471,0.912000000476837,484.333343505859,0.39275649189949
-3.25,42.25,2.29540729522705,3.9952290058136,2.05587765233864,6.81369256973267,27.4661391973495,0.476219924166799,0.536634802818298,3.6022800824966,35.6817766427994,4.89362287521362,48.9362287521362,74.0227508544922,5.98384787573464,0.912000000476837,601.888916015625,0.497228592634201
-2.75,42.25,1.87365877628326,3.05166673660278,3.67785508706509,38.5614471435547,30.0111383199692,0.860201753675938,0.620088815689087,3.59562179696105,35.4383502006531,4.92672634124756,49.2672634124756,74.0227508544922,5.99978819243596,0.916000008583069,617.777770996094,0.520758628845215
-2.25,42.25,1.87365877628326,3.05166673660278,4.56572895291661,95.1326446533203,41.3929373025894,1.97270922362804,0.784360766410828,3.9420461531252,50.5239193439484,4.19392395019531,41.9392395019531,74.0227508544922,6.07790321857834,0.916000008583069,517.111083984375,0.428279221057892
-1.75,42.25,1.89401650428772,2.65051579475403,4.41387045747705,81.5885009765625,83.1518054008484,18.7666311860085,0.736281752586365,4.40626103844814,80.9624354839325,3.5783679485321,35.783679485321,74.0227508544922,6.15123595409432,0.927999973297119,471,0.356265842914581
-1.25,42.25,1.94049727916718,3.5517680644989,2.76282800856572,14.8445882797241,71.8943119049072,25.8065521717072,0.654694199562073,4.28540310911032,71.6318193674088,3.9305248260498,39.305248260498,74.0227508544922,5.44908847118935,0.915000021457672,525.222229003906,0.365557342767715
-0.75,42.25,1.72057020664215,3.63756990432739,2.10875208696092,7.23795461654663,50.1849472522736,4.91125546395779,0.514586806297302,3.92664314370641,49.7363767623901,4.35980081558228,43.5980081558228,74.0227508544922,5.48197787538176,0.915000021457672,571.555541992188,0.378704965114594
-0.25,42.25,1.63957631587982,3.544997215271,3.50418990724458,32.2544937133789,49.0197896957397,4.7574944794178,0.572444021701813,3.95247936609589,51.064293384552,4.62460517883301,46.2460517883301,74.0227508544922,5.73661895875193,0.915000021457672,649.888916015625,0.445054143667221
0.25,42.25,1.63957631587982,3.544997215271,2.70998029071052,14.0289793014526,33.1727921962738,2.62705236673355,0.614013493061066,4.14130942432022,61.8851108551025,4.97590970993042,49.7590970993042,74.0227508544922,5.5878647636293,0.915000021457672,688.111083984375,0.522187113761902
0.75,42.25,1.63957631587982,3.544997215271,2.30311719703756,9.00532245635986,29.2992830276489,0.479601370170712,0.681800305843353,4.19829737380517,65.5728857517242,5.45960998535156,54.5960998535156,74.0227508544922,5.30989837770174,0.921999990940094,855.666687011719,0.677579820156097
1.25,42.25,1.63957631587982,3.544997215271,2.89703139929157,17.1202735900879,11.6322934627533,0.17006277339533,0.439700663089752,3.74539962176219,41.3259181976318,5.72910070419312,57.2910070419312,74.0227508544922,5.36795264029304,0.921999990940094,874.666687011719,0.735808312892914
1.75,42.25,1.84208619594574,2.97297930717468,3.84586778099437,45.7992782592773,11.2224079668522,0.0216410073335283,0.506990551948547,3.54976797514034,33.8052408695221,6.11639928817749,61.1639928817749,74.0227508544922,5.9229200472467,0.921999990940094,975.444458007812,0.834474205970764
2.25,42.25,2.33179068565369,3.35387778282166,4.07842096410234,58.0521507263184,7.81529694795609,0.367306615225971,0.459170401096344,3.85134481637682,46.0563027858734,6.39655876159668,63.9655876159668,74.0227508544922,6.24841409296082,0.921999990940094,975,0.788892149925232
2.75,42.25,2.40450716018677,2.68397545814514,4.66914762235599,105.606834411621,24.540314078331,3.32519561052322,0.519833564758301,3.97536758722985,52.2696945667267,5.33654165267944,53.3654165267944,74.0227508544922,6.77186710742837,0.921999990940094,722.222229003906,0.563385963439941
3.25,42.25,2.40450716018677,2.68397545814514,5.08686336222812,160.881301879883,56.8706214427948,35.6520265340805,0.784866809844971,NA,NA,4.25462484359741,42.5462484359741,NA,NA,0.921999990940094,546.166687011719,0.427460968494415
3.75,42.25,NA,NA,NA,NA,NA,NA,NA,NA,NA,NA,NA,NA,NA,NA,NA,NA
4.25,42.25,NA,NA,NA,NA,NA,NA,NA,NA,NA,NA,NA,NA,NA,NA,NA,NA
4.75,42.25,NA,NA,NA,NA,NA,NA,NA,NA,NA,NA,NA,NA,NA,NA,NA,NA
5.25,42.25,NA,NA,NA,NA,NA,NA,NA,NA,NA,NA,NA,NA,NA,NA,NA,NA
5.75,42.25,NA,NA,NA,NA,NA,NA,NA,NA,NA,NA,NA,NA,NA,NA,NA,NA
6.25,42.25,NA,NA,NA,NA,NA,NA,NA,NA,NA,NA,NA,NA,NA,NA,NA,NA
6.75,42.25,NA,NA,NA,NA,NA,NA,NA,NA,NA,NA,NA,NA,NA,NA,NA,NA
7.25,42.25,NA,NA,NA,NA,NA,NA,NA,NA,NA,NA,NA,NA,NA,NA,NA,NA
7.75,42.25,NA,NA,NA,NA,NA,NA,NA,NA,NA,NA,NA,NA,NA,NA,NA,NA
8.25,42.25,NA,NA,NA,NA,NA,NA,NA,NA,NA,NA,NA,NA,NA,NA,NA,NA
8.75,42.25,1.3314106464386,0.98031085729599,2.54147934492828,11.6984424591064,1.13500598818064,0,0.620503902435303,3.16833633164115,22.767909526825,6.41704225540161,64.1704225540161,79.9921722412109,6.23154341184968,0.864000022411346,815,0.672682344913483
9.25,42.25,1.3314106464386,0.98031085729599,2.9717361180004,18.5257892608643,6.02972805500031,0.00311613839585334,0.647951304912567,3.40482915755221,29.1091513633728,6.53999948501587,65.3999948501587,79.9921722412109,6.11466791123686,0.864000022411346,802.777770996094,0.646029829978943
9.75,42.25,NA,NA,4.176501544659,64.1375732421875,34.3125253915787,0,0.818850338459015,NA,NA,5.75794553756714,57.5794553756714,NA,NA,NA,637.666687011719,NA
10.25,42.25,NA,NA,NA,NA,NA,NA,NA,NA,NA,NA,NA,NA,NA,NA,NA,NA
10.75,42.25,NA,NA,NA,NA,NA,NA,NA,NA,NA,NA,NA,NA,NA,NA,NA,NA
11.25,42.25,NA,NA,4.83067142939354,124.295059204102,42.7035331726074,0,0.687959671020508,NA,NA,4.67939615249634,46.7939615249634,NA,NA,NA,519,NA
11.75,42.25,2.3006694316864,5,4.5132029231476,90.2135009765625,75.660228729248,0,0.412399977445602,4.65692592419133,104.311847448349,4.25540733337402,42.5540733337402,70.4018936157227,6.52408262766385,0.929000020027161,455.125,0.32237035036087
12.25,42.25,2.12012481689453,4.37364387512207,5.25381529379055,190.294723510742,64.7725105285645,0,0.523184478282928,4.27893111548243,71.1632645726204,4.95941400527954,49.5941400527954,70.4018936157227,7.00010865477938,0.929000020027161,299,0.284336984157562
12.75,42.25,2.12012481689453,4.37364387512207,5.07735201755224,159.348892211914,43.2576447725296,0,0.632543861865997,3.79240541866054,43.362983584404,5.37093448638916,53.7093448638916,70.4018936157227,6.930975891219,0.929000020027161,634.555541992188,0.52623838186264
13.25,42.25,2.12012481689453,4.37364387512207,4.32415226006996,74.5014801025391,18.2189866900444,0.845593959093094,0.683630704879761,3.45692074058286,30.7191544771194,6.52381038665771,65.2381038665771,70.4018936157227,6.25604732429098,0.929000020027161,825.888916015625,0.742006599903107
13.75,42.25,1.98178863525391,2.7815899848938,4.13593103496222,61.5477981567383,33.3364218473434,1.8153190612793,0.734641551971436,3.62482438301552,36.5181337594986,5.9453592300415,59.453592300415,70.4018936157227,6.48551459378752,0.901000022888184,828.777770996094,0.733851373195648
14.25,42.25,2.01312732696533,4.17424631118774,5.60995358855187,272.131561279297,61.7302179336548,0.0431654683779925,0.756841659545898,3.11895196050898,21.6226577758789,4.80777835845947,48.0777835845947,70.4018936157227,7.06176194034772,0.901000022888184,676.111083984375,0.587527751922607
14.75,42.25,NA,NA,5.33574069663792,206.626480102539,86.616849899292,0,0.495259702205658,NA,NA,3.95309019088745,39.5309019088745,NA,NA,NA,500,NA
15.25,42.25,NA,NA,6.54687542699678,696.062744140625,23.9999994635582,0,0.661546647548676,NA,NA,5.36250400543213,53.6250400543213,NA,NA,NA,358,NA
15.75,42.25,NA,NA,NA,NA,NA,NA,NA,NA,NA,NA,NA,NA,NA,NA,NA,NA
16.25,42.25,NA,NA,NA,NA,NA,NA,NA,NA,NA,NA,NA,NA,NA,NA,NA,NA
16.75,42.25,NA,NA,NA,NA,NA,NA,NA,NA,NA,NA,NA,NA,NA,NA,NA,NA
17.25,42.25,NA,NA,NA,NA,NA,NA,NA,NA,NA,NA,NA,NA,NA,NA,NA,NA
17.75,42.25,NA,NA,NA,NA,NA,NA,NA,NA,NA,NA,NA,NA,NA,NA,NA,NA
18.25,42.25,NA,NA,3.8117417653765,44.2291488647461,12.2762151062489,0,0.382950931787491,NA,NA,7.04922819137573,70.4922819137573,NA,NA,NA,1288,NA
18.75,42.25,NA,NA,4.54817500094129,93.4598617553711,12.9117965698242,0,0.403935194015503,NA,NA,7.82499694824219,78.2499694824219,NA,NA,NA,1346.33337402344,NA
19.25,42.25,1.41770350933075,1.22690391540527,4.83866669825864,125.300842285156,38.7148201465607,0.079725740943104,0.639955043792725,3.24735847029329,24.7223038673401,6.95810985565186,69.5810985565186,55.9083976745605,6.44226109579021,0.852999985218048,1510.22216796875,1.19843411445618
19.75,42.25,1.41770350933075,1.22690391540527,3.65241482715879,37.5676879882812,14.1045764088631,0.084740441525355,0.645873844623566,3.77001882122531,42.3808813095093,7.90747308731079,79.0747308731079,52.2665328979492,6.62360650784427,0.777999997138977,1265,1.16419410705566
20.25,42.25,1.41770350933075,1.22690391540527,4.21866452609877,66.9426879882812,17.7671864628792,0.0599709630478173,0.605511128902435,3.90047445252634,48.4258937835693,7.2944278717041,72.944278717041,52.2665328979492,6.5739074885537,0.745000004768372,1026.33337402344,0.947468996047974
20.75,42.25,1.41770350933075,1.22690391540527,5.46369213855925,234.967041015625,31.1172842979431,0.31790123321116,0.669371664524078,3.56050819705625,34.1810715198517,6.52691411972046,65.2691411972046,NA,5.41986217095354,0.741999983787537,866.222229003906,0.799149036407471
21.25,42.25,1.77786862850189,2.99595499038696,5.41420747133271,223.574493408203,36.6018503904343,0.305555551312864,0.644203245639801,3.53487929647485,33.2908754348755,5.254638671875,52.54638671875,NA,5.60144022208352,0.75900000333786,677.555541992188,0.611540079116821
21.75,42.25,1.77786862850189,2.99595499038696,4.90397750541355,133.824981689453,47.9699909687042,0.23156008683145,0.607972919940948,3.798205386831,43.6210350990295,4.3474907875061,43.474907875061,51.2410659790039,5.57307412567165,0.796000003814697,559.444458007812,0.48218160867691
22.25,42.25,1.77786862850189,2.99595499038696,3.39605685718212,28.8461799621582,9.29069668054581,0.33952712547034,0.467577457427979,3.48085917796384,31.4876227378845,5.0908408164978,50.908408164978,51.2410659790039,4.7400894890731,0.737999975681305,611.888916015625,0.546833992004395
22.75,42.25,1.69436228275299,4.04638004302979,3.5643731134438,34.3173065185547,12.4208249151707,0.392399216070771,0.51848965883255,2.83381036227215,16.0101523399353,4.55542039871216,45.5542039871216,56.3976440429688,5.77805360081729,0.856000006198883,588.888916015625,0.531624376773834
23.25,42.25,1.69436228275299,4.04638004302979,4.28126115680646,71.3316040039062,16.4281964302063,0.577891757711768,0.630586564540863,2.60474790856728,12.5278146266937,5.35649442672729,53.5649442672729,56.3976440429688,6.2880424428608,0.856000006198883,625.555541992188,0.60064709186554
23.75,42.25,1.48467886447906,4.12858247756958,4.17288796816897,63.9026184082031,9.15415734052658,0.401140749454498,0.455554395914078,2.54941584873574,11.7996246814728,5.39732456207275,53.9732456207275,56.3976440429688,5.92145945128427,0.856000006198883,647.555541992188,0.626403450965881
24.25,42.25,1.48467886447906,4.12858247756958,4.43911763736215,83.7001724243164,51.1213004589081,3.00148688256741,0.613534450531006,2.99706677709039,19.0267078876495,3.93698310852051,39.3698310852051,56.3976440429688,6.0688506247208,0.772000014781952,560.555541992188,0.518650710582733
24.75,42.25,1.48467886447906,4.12858247756958,5.27376689854825,194.149688720703,71.938681602478,8.12301337718964,0.582172572612762,3.29832857994721,26.067360162735,3.80894804000854,38.0894804000854,56.3976440429688,6.24686054937922,0.772000014781952,532.111083984375,0.479454398155212
25.25,42.25,1.48467886447906,4.12858247756958,3.87445117016536,47.1562614440918,60.6869876384735,3.97338680922985,0.581352591514587,3.2362463295208,24.438056230545,4.12456703186035,41.2456703186035,56.3976440429688,6.11351958624265,0.765999972820282,566.444458007812,0.480650871992111
25.75,42.25,1.46481263637543,1.98918187618256,4.39246325893789,79.8393020629883,74.5751678943634,6.12751170992851,0.508600234985352,3.42760265172926,29.8027093410492,4.2479772567749,42.479772567749,56.3976440429688,5.71426294564945,0.765999972820282,569.888916015625,0.467846482992172
26.25,42.25,1.46481263637543,1.98918187618256,3.64878451097153,37.4279289245605,62.5967741012573,0.954512972384691,0.52938586473465,3.42379001748585,29.6854934692383,4.25559377670288,42.5559377670288,56.3976440429688,5.63889070102815,0.765999972820282,579,0.464866697788239
26.75,42.25,1.54033529758453,1.60128545761108,3.09438209993448,21.0735950469971,66.7265057563782,1.87569633126259,0.485770493745804,3.21975306830405,24.0219407081604,4.27387380599976,42.7387380599976,56.3976440429688,5.5951135861856,0.765999972820282,580.777770996094,0.470176666975021
27.25,42.25,1.14915716648102,0,3.67606732041454,38.4907836914062,37.7911239862442,0.424906564876437,0.514162361621857,3.25296723634733,24.866979598999,4.76985597610474,47.6985597610474,56.3976440429688,6.24273172288904,0.765999972820282,576.888916015625,0.478415012359619
27.75,42.25,1.14915716648102,0,3.29837733293455,26.0686798095703,13.237102329731,0,0.300637006759644,2.72867040694591,14.3125140666962,5.34626054763794,53.4626054763794,56.3976440429688,7.05925072082315,0.765999972820282,568.375,0.481540560722351
28.25,42.25,NA,NA,2.97495137516678,18.5886707305908,0,0,0.140666842460632,NA,NA,5.73581027984619,57.3581027984619,NA,NA,NA,578,NA
28.75,42.25,NA,NA,NA,NA,NA,NA,NA,NA,NA,NA,NA,NA,NA,NA,NA,NA
29.25,42.25,NA,NA,NA,NA,NA,NA,NA,NA,NA,NA,NA,NA,NA,NA,NA,NA
29.75,42.25,NA,NA,NA,NA,NA,NA,NA,NA,NA,NA,NA,NA,NA,NA,NA,NA
30.25,42.25,NA,NA,NA,NA,NA,NA,NA,NA,NA,NA,NA,NA,NA,NA,NA,NA
30.75,42.25,NA,NA,NA,NA,NA,NA,NA,NA,NA,NA,NA,NA,NA,NA,NA,NA
31.25,42.25,NA,NA,NA,NA,NA,NA,NA,NA,NA,NA,NA,NA,NA,NA,NA,NA
31.75,42.25,NA,NA,NA,NA,NA,NA,NA,NA,NA,NA,NA,NA,NA,NA,NA,NA
32.25,42.25,NA,NA,NA,NA,NA,NA,NA,NA,NA,NA,NA,NA,NA,NA,NA,NA
32.75,42.25,NA,NA,NA,NA,NA,NA,NA,NA,NA,NA,NA,NA,NA,NA,NA,NA
33.25,42.25,NA,NA,3.11674672602804,21.5728244781494,1.71821303665638,0,0.384137779474258,NA,NA,6.63941669464111,66.3941669464111,NA,NA,NA,775.5,NA
33.75,42.25,NA,NA,3.11411547765182,21.5135078430176,0,0,0,NA,NA,6.78328657150269,67.8328657150269,NA,NA,NA,NA,NA
34.25,42.25,NA,NA,NA,NA,NA,NA,NA,NA,NA,NA,NA,NA,NA,NA,NA,NA
34.75,42.25,NA,NA,4.87026158219012,129.355010986328,13.785557448864,4.92341369390488,0.541719138622284,NA,NA,5.87198925018311,58.7198925018311,NA,NA,NA,720,NA
35.25,42.25,NA,NA,4.89708648365203,132.89909362793,43.6133474111557,20.3682392835617,0.792332649230957,NA,NA,5.4945650100708,54.945650100708,NA,NA,NA,697,NA
35.75,42.25,NA,NA,NA,NA,NA,NA,NA,NA,NA,NA,NA,NA,NA,NA,NA,NA
36.25,42.25,NA,NA,NA,NA,NA,NA,NA,NA,NA,NA,NA,NA,NA,NA,NA,NA
36.75,42.25,NA,NA,NA,NA,NA,NA,NA,NA,NA,NA,NA,NA,NA,NA,NA,NA
37.25,42.25,NA,NA,NA,NA,NA,NA,NA,NA,NA,NA,NA,NA,NA,NA,NA,NA
37.75,42.25,NA,NA,NA,NA,NA,NA,NA,NA,NA,NA,NA,NA,NA,NA,NA,NA
38.25,42.25,NA,NA,NA,NA,NA,NA,NA,NA,NA,NA,NA,NA,NA,NA,NA,NA
38.75,42.25,NA,NA,NA,NA,NA,NA,NA,NA,NA,NA,NA,NA,NA,NA,NA,NA
39.25,42.25,NA,NA,NA,NA,NA,NA,NA,NA,NA,NA,NA,NA,NA,NA,NA,NA
39.75,42.25,NA,NA,NA,NA,NA,NA,NA,NA,NA,NA,NA,NA,NA,NA,NA,NA
-9.75,41.75,NA,NA,NA,NA,NA,NA,NA,NA,NA,NA,NA,NA,NA,NA,NA,NA
-9.25,41.75,NA,NA,NA,NA,NA,NA,NA,NA,NA,NA,NA,NA,NA,NA,NA,NA
-8.75,41.75,1.83202767372131,3.16390943527222,5.33139393965576,205.725936889648,15.7144784927368,4.27028723061085,0.652075231075287,4.2049766032027,66.0190296173096,7.31851243972778,73.1851243972778,78.6764907836914,7.11538814349511,0.861999988555908,1541.5,1.34245693683624
-8.25,41.75,1.83202767372131,3.16390943527222,5.01020317356464,148.935195922852,6.1472725123167,0.405451748520136,0.55441552400589,3.78823418024503,43.1783204078674,7.68300342559814,76.8300342559814,78.6764907836914,6.65852646029806,0.861999988555908,1434.11108398438,1.21696138381958
-7.75,41.75,1.83202767372131,3.16390943527222,3.10812309140754,21.3790016174316,8.2207664847374,0,0.508836984634399,3.59423829022799,35.3879723548889,6.50155019760132,65.0155019760132,78.6764907836914,6.13499936334139,0.861999988555908,1364.77783203125,1.15104842185974
-7.25,41.75,2.44741892814636,2.24281001091003,3.57671746161335,34.7559776306152,30.6250959634781,0.552554428577423,0.648627400398254,3.50751339904917,32.3651986122131,5.10158395767212,51.0158395767212,78.6764907836914,6.25627895131022,0.861999988555908,1346.88891601562,1.04642558097839
-6.75,41.75,2.44741892814636,2.24281001091003,3.16930128027689,22.7908554077148,23.0681180953979,0.340283359400928,0.638563334941864,3.74997002238904,41.5198073387146,4.6435079574585,46.435079574585,78.6764907836914,6.03486103239828,0.861999988555908,912.444458007812,0.748200058937073
-6.25,41.75,2.27080583572388,4.10164165496826,2.11760327400114,7.31119394302368,13.360159099102,1.06681641191244,0.70326566696167,4.29584575595697,72.3942618370056,4.32809782028198,43.2809782028198,74.0227508544922,6.00551801238539,0.912000000476837,830.777770996094,0.62889963388443
-5.75,41.75,2.27080583572388,4.10164165496826,3.53044634620625,33.1392021179199,77.6787400245667,13.1716534495354,0.556691646575928,4.8240807402765,123.471993684769,3.47586750984192,34.7586750984192,74.0227508544922,6.24076079643625,0.912000000476837,650.777770996094,0.481312841176987
-5.25,41.75,2.5200879573822,4.02348756790161,2.47996331964093,10.9408264160156,93.9411699771881,11.861477047205,0.327285081148148,4.61549586830871,100.037917613983,3.25177764892578,32.5177764892578,74.0227508544922,6.16775100728954,0.912000000476837,493.555541992188,0.363558292388916
-4.75,41.75,2.29540729522705,3.9952290058136,5.39503667325032,219.31022644043,80.6571125984192,8.27260389924049,0.484836548566818,3.89289144493515,48.0525143146515,3.36371827125549,33.6371827125549,74.0227508544922,6.65649663527805,0.912000000476837,437.111114501953,0.319647252559662
-4.25,41.75,2.29540729522705,3.9952290058136,2.76440318468386,14.8695659637451,89.9135828018188,7.45061710476875,0.33789449930191,3.47171665901197,31.1919576525688,3.43793368339539,34.3793368339539,74.0227508544922,6.17309101527687,0.912000000476837,408.777770996094,0.305240303277969
-3.75,41.75,2.24116683006287,4.58195161819458,3.23348071894073,24.3678016662598,83.1587076187134,6.63885027170181,0.512618005275726,3.69267732949403,39.1522038578987,3.4889497756958,34.889497756958,74.0227508544922,6.14694784777424,0.912000000476837,400.888885498047,0.308771580457687
-3.25,41.75,2.24116683006287,4.58195161819458,2.34774133950633,9.46191310882568,47.5246906280518,3.14814820885658,0.584527790546417,3.73210855812752,40.7670837044716,3.80852675437927,38.0852675437927,74.0227508544922,5.87360070336188,0.912000000476837,432.888885498047,0.351360827684402
-2.75,41.75,2.24116683006287,4.58195161819458,3.02820259520961,19.6600646972656,18.589523434639,0.943014491349459,0.499499469995499,3.39283539697115,28.7501863837242,4.26095771789551,42.6095771789551,74.0227508544922,5.85242747775211,0.912000000476837,500.777770996094,0.410843074321747
-2.25,41.75,2.24116683006287,4.58195161819458,2.15031877396983,7.58759546279907,59.9141895771027,0.530896987766027,0.573716580867767,3.59039428464281,35.2483652830124,3.89109802246094,38.9109802246094,74.0227508544922,5.95598781138925,0.912000000476837,501.222229003906,0.387090891599655
-1.75,41.75,1.94049727916718,3.5517680644989,3.17971827500328,23.0399799346924,37.4378442764282,3.56712676584721,0.799116373062134,4.14621778466368,62.1945323944092,3.96330046653748,39.6330046653748,74.0227508544922,5.5206457663806,0.915000021457672,464.222229003906,0.320670276880264
-1.25,41.75,1.94049727916718,3.5517680644989,4.86199852557764,128.282318115234,76.9380390644073,28.7857741117477,0.711588263511658,4.34929775882244,76.4240734577179,3.52769446372986,35.2769446372986,74.0227508544922,6.03019869464648,0.915000021457672,374,0.242744028568268
-0.75,41.75,1.72057020664215,3.63756990432739,5.536756188346,252.853210449219,60.3168249130249,18.3856219053268,0.765127599239349,3.97738399907114,52.3772165775299,3.62319207191467,36.2319207191467,74.0227508544922,6.35136397735034,0.915000021457672,399,0.242638364434242
-0.25,41.75,1.63957631587982,3.544997215271,2.23018678500554,8.30160331726074,78.0630230903625,42.292246222496,0.655424296855927,4.138681807693,61.7200897932053,3.63256621360779,36.3256621360779,74.0227508544922,5.42967216726055,0.915000021457672,435.777770996094,0.262190878391266
0.25,41.75,1.63957631587982,3.544997215271,3.96421263794434,51.6787757873535,89.6612584590912,52.3965835571289,0.624408423900604,4.36477683975974,77.6318504810333,3.88870429992676,38.8870429992676,74.0227508544922,5.90818203245963,0.915000021457672,429.333343505859,0.28461429476738
0.75,41.75,1.63957631587982,3.544997215271,4.78805857327353,119.06803894043,76.3464272022247,39.4371449947357,0.7513307929039,4.22554305076452,67.4116444587708,4.18533897399902,41.8533897399902,74.0227508544922,6.27500142051297,0.921999990940094,471,0.348327070474625
1.25,41.75,1.63957631587982,3.544997215271,3.6498031854841,37.4670944213867,81.6512048244476,4.81756329536438,0.455793648958206,3.60350488270715,35.7267320156097,4.24540376663208,42.4540376663208,74.0227508544922,6.09693749083274,0.921999990940094,611.111083984375,0.458360403776169
1.75,41.75,1.84208619594574,2.97297930717468,5.47041616629014,236.559036254883,32.5470089912415,0.160558253992349,0.66970819234848,3.61310518726329,36.0810177326202,4.95876264572144,49.5876264572144,74.0227508544922,6.94066740090391,0.921999990940094,666.555541992188,0.509983777999878
2.25,41.75,1.82037937641144,4.5440821647644,6.45855121405559,637.135864257812,25.2696603536606,0.696099316701293,0.561677694320679,4.13547113681798,61.5190391540527,5.48550415039062,54.8550415039062,74.0227508544922,7.58516055096585,0.921999990940094,743.333312988281,0.563286066055298
2.75,41.75,1.82037937641144,4.5440821647644,5.96758230363539,389.560272216797,23.1072872877121,3.16228307783604,0.540729939937592,3.89298691471206,48.0571975708008,5.32733249664307,53.2733249664307,74.0227508544922,7.13610536990267,0.921999990940094,749.75,0.575937688350677
3.25,41.75,NA,NA,6.06327884356511,428.782318115234,40.6451612710953,11.3763444125652,0.642955303192139,NA,NA,4.34702110290527,43.4702110290527,NA,NA,NA,566.333312988281,NA
3.75,41.75,NA,NA,NA,NA,NA,NA,NA,NA,NA,NA,NA,NA,NA,NA,NA,NA
4.25,41.75,NA,NA,NA,NA,NA,NA,NA,NA,NA,NA,NA,NA,NA,NA,NA,NA
4.75,41.75,NA,NA,NA,NA,NA,NA,NA,NA,NA,NA,NA,NA,NA,NA,NA,NA
5.25,41.75,NA,NA,NA,NA,NA,NA,NA,NA,NA,NA,NA,NA,NA,NA,NA,NA
5.75,41.75,NA,NA,NA,NA,NA,NA,NA,NA,NA,NA,NA,NA,NA,NA,NA,NA
6.25,41.75,NA,NA,NA,NA,NA,NA,NA,NA,NA,NA,NA,NA,NA,NA,NA,NA
6.75,41.75,NA,NA,NA,NA,NA,NA,NA,NA,NA,NA,NA,NA,NA,NA,NA,NA
7.25,41.75,NA,NA,NA,NA,NA,NA,NA,NA,NA,NA,NA,NA,NA,NA,NA,NA
7.75,41.75,NA,NA,NA,NA,NA,NA,NA,NA,NA,NA,NA,NA,NA,NA,NA,NA
8.25,41.75,NA,NA,NA,NA,NA,NA,NA,NA,NA,NA,NA,NA,NA,NA,NA,NA
8.75,41.75,1.3314106464386,0.98031085729599,4.8236770277972,123.421752929688,5.53085431456566,0,0.653102457523346,NA,NA,6.04325675964355,60.4325675964355,79.9921722412109,6.44192641934006,0.864000022411346,633.625,0.52797144651413
9.25,41.75,1.3314106464386,0.98031085729599,3.10456731398574,21.2995681762695,3.46629656851292,0.0244967959588394,0.601521551609039,2.90291223874935,17.2271499633789,6.2452597618103,62.452597618103,79.9921722412109,6.14575579409902,0.864000022411346,653.333312988281,0.539987862110138
9.75,41.75,NA,NA,NA,NA,NA,NA,NA,NA,NA,NA,NA,NA,NA,NA,NA,NA
10.25,41.75,NA,NA,NA,NA,NA,NA,NA,NA,NA,NA,NA,NA,NA,NA,NA,NA
10.75,41.75,NA,NA,NA,NA,NA,NA,NA,NA,NA,NA,NA,NA,NA,NA,NA,NA
11.25,41.75,NA,NA,NA,NA,NA,NA,NA,NA,NA,NA,NA,NA,NA,NA,NA,NA
11.75,41.75,NA,NA,1.77403075780538,4.89456510543823,100,0,0,NA,NA,4.29749250411987,42.9749250411987,NA,NA,NA,562,NA
12.25,41.75,2.12012481689453,4.37364387512207,7.35521716003808,1563.33666992188,54.1551232337952,0,0.539836585521698,NA,NA,4.4972825050354,44.972825050354,NA,7.98882038808256,0.929000020027161,653.666687011719,0.451514065265656
12.75,41.75,2.18343734741211,3.90889167785645,6.92111624498009,1012.45062255859,57.6116681098938,0,0.720732986927032,3.81825282673795,44.5245994329453,5.35483026504517,53.5483026504517,70.4018936157227,7.63662314416586,0.929000020027161,839.666687011719,0.634091556072235
13.25,41.75,2.18343734741211,3.90889167785645,5.07622040177044,159.167541503906,35.7237726449966,0.685629574581981,0.640324771404266,3.71285047391531,39.9704253673553,6.21589803695679,62.1589803695679,70.4018936157227,6.49038570018215,0.929000020027161,944.111083984375,0.778093278408051
13.75,41.75,2.18343734741211,3.90889167785645,4.31458809956947,73.7828140258789,23.0928599834442,2.6036674156785,0.698962509632111,3.38320275934706,28.4649894237518,6.43613338470459,64.3613338470459,70.4018936157227,6.24145290462391,0.929000020027161,861.444458007812,0.763425052165985
14.25,41.75,1.99351048469543,4.04724788665771,3.77594748570034,42.6388359069824,24.0814566612244,0.046352090430446,0.636103928089142,3.5980563852511,35.5271706581116,5.82184219360352,58.2184219360352,70.4018936157227,6.38216192673236,0.884999990463257,706.444458007812,0.613689422607422
14.75,41.75,2.01312732696533,4.17424631118774,4.31748943596382,74.0000991821289,77.7090847492218,0,0.373210936784744,3.49758605133895,32.0356093645096,4.05150508880615,40.5150508880615,70.4018936157227,6.878132155214,0.884999990463257,524.888916015625,0.422569781541824
15.25,41.75,2.70521116256714,5,4.4734778344099,86.6610641479492,78.1076967716217,0,0.42387580871582,3.10527972633754,21.3154603242874,3.76726055145264,37.6726055145264,70.4018936157227,6.85706759116557,0.869000017642975,431,0.323644250631332
15.75,41.75,2.01312732696533,4.17424631118774,4.53154452172772,91.9019393920898,50.0815212726593,0,0.72446596622467,3.72524661719006,40.4814615249634,6.12206554412842,61.2206554412842,70.4018936157227,6.78623495984095,0.869000017642975,322.666656494141,0.236989989876747
16.25,41.75,NA,NA,4.5860420229622,97.1053619384766,15.024776756763501,0,0.614518105983734,NA,NA,6.77500677108765,67.7500677108765,NA,NA,NA,301,NA
16.75,41.75,NA,NA,NA,NA,NA,NA,NA,NA,NA,NA,NA,NA,NA,NA,NA,NA
17.25,41.75,NA,NA,NA,NA,NA,NA,NA,NA,NA,NA,NA,NA,NA,NA,NA,NA
17.75,41.75,NA,NA,NA,NA,NA,NA,NA,NA,NA,NA,NA,NA,NA,NA,NA,NA
18.25,41.75,NA,NA,NA,NA,NA,NA,NA,NA,NA,NA,NA,NA,NA,NA,NA,NA
18.75,41.75,NA,NA,NA,NA,NA,NA,NA,NA,NA,NA,NA,NA,NA,NA,NA,NA
19.25,41.75,NA,NA,4.26978462373701,70.506233215332,40.7533556222916,0.400721281766891,0.592039525508881,NA,NA,5.78829669952393,57.8829669952393,NA,NA,NA,1402.75,NA
19.75,41.75,1.70871591567993,4.4094820022583,4.44896368856397,84.5382537841797,25.7834225893021,0.3260683035478,0.635344386100769,4.32446096947389,74.5247917175293,6.33860349655151,63.3860349655151,52.2665328979492,7.16729498271041,0.763999998569489,1306.88891601562,1.06151854991913
20.25,41.75,1.41770350933075,1.22690391540527,3.60928967094405,35.9398040771484,25.8672833442688,0.280864187516272,0.657345354557037,4.41369008390949,81.5736055374146,6.91861009597778,69.1861009597778,52.2665328979492,7.03482051375365,0.749000012874603,1076.66662597656,0.999051570892334
20.75,41.75,1.77786862850189,2.99595499038696,4.67037579433455,105.737846374512,9.42357927560806,0.0963810482062399,0.563664972782135,4.12632394115604,60.9497728347778,7.18860149383545,71.8860149383545,51.2410659790039,5.78195848846606,0.748000025749207,965.111083984375,0.928164720535278
21.25,41.75,1.77786862850189,2.99595499038696,5.26274292125702,192.010177612305,11.7394663393497,0.234604114666581,0.495492160320282,3.74778483790362,41.4269951581955,5.5189471244812,55.189471244812,51.2410659790039,5.47601468958311,0.762000024318695,697.111083984375,0.609736800193787
21.75,41.75,1.77786862850189,2.99595499038696,4.30133334132072,72.7981262207031,47.5281774997711,0.268642883747816,0.662653505802155,3.82650404969898,44.9017870426178,4.07874822616577,40.7874822616577,51.2410659790039,5.4105586808783,0.760999977588654,477.777770996094,0.402376770973206
22.25,41.75,1.77786862850189,2.99595499038696,4.09654886974006,59.1324043273926,48.1719553470612,3.04107312113047,0.70438027381897,3.93061140137458,49.938111782074,3.96865582466125,39.6865582466125,51.2410659790039,4.87728908242736,0.742999970912933,473.333343505859,0.387798517942429
22.75,41.75,1.77786862850189,2.99595499038696,3.80976351834985,44.139762878418,16.3023963570595,0.656306091696024,0.538933634757996,3.73815716758554,41.0204820632935,4.27083158493042,42.7083158493042,51.2410659790039,5.10027805127614,0.742999970912933,541.444458007812,0.459204077720642
23.25,41.75,1.69436228275299,4.04638004302979,3.57954174141412,34.857105255127,13.0147561430931,0.237698340788484,0.570615291595459,3.30940813591094,26.368921995163,4.71715927124023,47.1715927124023,56.3976440429688,5.9514570560202404,0.856000006198883,570.888916015625,0.522139310836792
23.75,41.75,1.88576722145081,3.43580651283264,3.79679168117292,43.5579986572266,9.8209872841835,0.941358041018248,0.390525549650192,3.19620759625074,23.4396691322327,4.58941888809204,45.8941888809204,56.3976440429688,5.59082071421154,0.856000006198883,607.555541992188,0.570795357227325
24.25,41.75,1.48467886447906,4.12858247756958,3.2772053344596,25.5016059875488,1.54089545831084,0.126562255900353,0.156256347894669,3.01480096151619,19.3850331306458,4.98726367950439,49.8726367950439,56.3976440429688,5.52030283787844,0.772000014781952,657.666687011719,0.579736471176147
24.75,41.75,1.48467886447906,4.12858247756958,3.6449842353563,37.282169342041,3.46030369400978,0.382763310335577,0.171470776200294,2.95158090469802,18.136182308197,5.26632070541382,52.6632070541382,56.3976440429688,5.57043916888093,0.772000014781952,679.222229003906,0.567395389080048
25.25,41.75,1.94278621673584,3.77021074295044,4.10364741877033,59.5607757568359,33.0967128276825,0.66589186899364,0.54399436712265,3.57503893435081,34.6960105895996,4.12928533554077,41.2928533554077,56.3976440429688,5.51710035017219,0.772000014781952,605.888916015625,0.499536871910095
25.75,41.75,1.49264323711395,1.37143564224243,4.00866078923844,54.0730667114258,48.1117933988571,1.01913213729858,0.554969608783722,3.98645148612388,52.8634147644043,4.12027788162231,41.2027788162231,56.3976440429688,5.61123667923971,0.772000014781952,587,0.473898142576218
26.25,41.75,1.49264323711395,1.37143564224243,3.68139271610433,38.7016487121582,60.5956375598907,12.9416137933731,0.688104927539825,3.84696013623218,45.8504276275635,3.95375394821167,39.5375394821167,56.3976440429688,6.15644711416173,0.772000014781952,587,0.463985413312912
26.75,41.75,1.71779298782349,1.70954775810242,4.29532797927847,72.3562698364258,86.7981195449829,12.6694738864899,0.432031810283661,3.96730726767351,51.8420495986938,3.99071574211121,39.9071574211121,31.9290428161621,6.51674648285997,0.857999980449677,597.111083984375,0.45957487821579
27.25,41.75,1.85302495956421,2.08924579620361,3.98038801464901,52.5378036499023,73.9401817321777,4.23305071890354,0.456162422895432,4.2949928851015,72.3316926956177,4.42309617996216,44.2309617996216,31.9290428161621,6.46402266538326,0.857999980449677,606,0.464619427919388
27.75,41.75,1.14915716648102,0,3.17923124259822,23.0282745361328,26.125705242157,4.0401216596365,0.447144895792007,3.31372136198331,26.4872252941132,5.41855764389038,54.1855764389038,31.9290428161621,6.19543896671437,0.857999980449677,612.333312988281,0.480690568685532
28.25,41.75,NA,NA,3.80080540807715,43.7372016906738,3.37148793041706,0.228928192518651,0.160093873739243,NA,NA,5.5200662612915,55.200662612915,NA,NA,NA,611.25,NA
28.75,41.75,NA,NA,NA,NA,NA,NA,NA,NA,NA,NA,NA,NA,NA,NA,NA,NA
29.25,41.75,NA,NA,NA,NA,NA,NA,NA,NA,NA,NA,NA,NA,NA,NA,NA,NA
29.75,41.75,NA,NA,NA,NA,NA,NA,NA,NA,NA,NA,NA,NA,NA,NA,NA,NA
30.25,41.75,NA,NA,NA,NA,NA,NA,NA,NA,NA,NA,NA,NA,NA,NA,NA,NA
30.75,41.75,NA,NA,NA,NA,NA,NA,NA,NA,NA,NA,NA,NA,NA,NA,NA,NA
31.25,41.75,NA,NA,NA,NA,NA,NA,NA,NA,NA,NA,NA,NA,NA,NA,NA,NA
31.75,41.75,NA,NA,5.80388038778382,330.583740234375,0,0,0.274481296539307,NA,NA,6.81761693954468,68.1761693954468,NA,NA,NA,1046,NA
32.25,41.75,NA,NA,4.67975078007233,106.743217468262,23.73968064785,3.07395048439503,0.620187222957611,3.30788066176776,26.3271485865116,6.6041955947876,66.041955947876,NA,6.60597865653382,NA,854,NA
32.75,41.75,1.02892374992371,1.59041845798492,3.56979786337368,34.5094146728516,5.26129007339478,0.354893086478114,0.32774955034256,2.51813183169811,11.4053996279836,6.48356294631958,64.8356294631958,31.9290428161621,6.23892752305581,0.82700002193450906,743.375,0.623117566108704
33.25,41.75,1.02892374992371,1.59041845798492,2.66086998256886,13.3087320327759,5.00325746834278,0.211726385168731,0.306550234556198,2.36123863378978,9.60407789051533,6.39096403121948,63.9096403121948,31.9290428161621,6.46618098396854,0.82700002193450906,699.888916015625,0.602225124835968
33.75,41.75,1.02892374992371,1.59041845798492,3.35227962680333,27.5677833557129,14.3646225333214,1.03407306596637,0.466896831989288,2.95160344285857,18.1366136074066,6.37458086013794,63.7458086013794,31.9290428161621,6.37278762141682,0.82700002193450906,688.777770996094,0.586056172847748
34.25,41.75,1.02892374992371,1.59041845798492,3.06371412082249,20.4069175720215,10.2531477808952,1.44655769690871,0.432079046964645,2.81660041177213,15.7199131250381,6.21341323852539,62.1341323852539,31.9290428161621,6.506926015169,0.82700002193450906,718.444458007812,0.595322847366333
34.75,41.75,1.02892374992371,1.59041845798492,3.51510509750012,32.6194610595703,11.0686644911766,2.42832936346531,0.478484869003296,3.02383169234656,19.569958627224,6.05375623703003,60.5375623703003,31.9290428161621,6.71652863759937,0.82700002193450906,695.222229003906,0.579558074474335
35.25,41.75,NA,NA,3.63894788217937,37.0517807006836,29.6168565750122,7.38804787397385,0.622416496276855,3.33497115870756,27.0775734186172,5.54479503631592,55.4479503631592,31.9290428161621,7.10438609793702,NA,663.714294433594,NA
35.75,41.75,NA,NA,4.34382791345216,76.0017318725586,74.25457239151,41.6268795728683,0.653992652893066,NA,NA,5.3346152305603,53.346152305603,NA,6.49857928403264,NA,716.200012207031,NA
36.25,41.75,NA,NA,4.470934984783,86.4384384155273,48.0667471885681,38.8278394937515,0.696043372154236,NA,NA,5.81945848464966,58.1945848464966,NA,NA,NA,742,NA
36.75,41.75,NA,NA,NA,NA,NA,NA,NA,NA,NA,NA,NA,NA,NA,NA,NA,NA
37.25,41.75,NA,NA,NA,NA,NA,NA,NA,NA,NA,NA,NA,NA,NA,NA,NA,NA
37.75,41.75,NA,NA,NA,NA,NA,NA,NA,NA,NA,NA,NA,NA,NA,NA,NA,NA
38.25,41.75,NA,NA,NA,NA,NA,NA,NA,NA,NA,NA,NA,NA,NA,NA,NA,NA
38.75,41.75,NA,NA,NA,NA,NA,NA,NA,NA,NA,NA,NA,NA,NA,NA,NA,NA
39.25,41.75,NA,NA,NA,NA,NA,NA,NA,NA,NA,NA,NA,NA,NA,NA,NA,NA
39.75,41.75,NA,NA,NA,NA,NA,NA,NA,NA,NA,NA,NA,NA,NA,NA,NA,NA
-9.75,41.25,NA,NA,NA,NA,NA,NA,NA,NA,NA,NA,NA,NA,NA,NA,NA,NA
-9.25,41.25,NA,NA,NA,NA,NA,NA,NA,NA,NA,NA,NA,NA,NA,NA,NA,NA
-8.75,41.25,NA,NA,7.21730478316836,1361.81103515625,23.5026970505714,15.2568832039833,0.682663798332214,4.76587627480973,116.433976650238,6.20079326629639,62.0079326629639,NA,8.17811529739135,NA,1323.5,NA
-8.25,41.25,2.44741892814636,2.24281001091003,5.96284618233824,387.714904785156,16.6349843144417,0.881922151893377,0.659182131290436,3.89499241786844,48.1556806564331,6.26138305664062,62.6138305664062,78.6764907836914,7.43653281231822,0.861999988555908,1347.44445800781,1.12358856201172
-7.75,41.25,2.44741892814636,2.24281001091003,4.39105141659792,79.7252502441406,12.9024252295494,0.676787411794066,0.544165670871735,3.33898522010464,27.190505027771,5.53038740158081,55.3038740158081,78.6764907836914,6.41735869393376,0.861999988555908,1272,1.04160809516907
-7.25,41.25,2.44741892814636,2.24281001091003,3.28450827945527,25.6958541870117,22.0856413245201,0.121366779785603,0.553973972797394,3.23966442047144,24.5251545906067,4.32761478424072,43.2761478424072,78.6764907836914,6.14037041345408,0.861999988555908,1179.22216796875,0.915374934673309
-6.75,41.25,2.44741892814636,2.24281001091003,2.49883974729083,11.1683673858643,17.2271400690079,0.140770163852721,0.716979086399078,4.25402151388783,69.3879098892212,4.23172998428345,42.3172998428345,78.6764907836914,5.89769959768574,0.861999988555908,1052.22216796875,0.781347692012787
-6.25,41.25,2.48152995109558,0.794604301452637,2.20103972302791,8.03440189361572,20.7816183567047,0.254598679021001,0.658860146999359,4.8189694577807,122.837405323982,3.99746036529541,39.9746036529541,74.0227508544922,5.91271129728718,0.912000000476837,985.666687011719,0.700295865535736
-5.75,41.25,2.48152995109558,0.794604301452637,3.27576761516812,25.4635314941406,71.1131691932678,7.77211636304855,0.541231870651245,4.60191186934745,98.6746985912323,3.68776750564575,36.8776750564575,74.0227508544922,6.38289650963265,0.912000000476837,655.777770996094,0.476814568042755
-5.25,41.25,2.5200879573822,4.02348756790161,2.76808793533476,14.9281492233276,94.9350655078888,16.2368580698967,0.381436467170715,4.10356821313799,59.5559791922569,2.98747420310974,29.8747420310974,74.0227508544922,6.19915911380038,0.912000000476837,440.555541992188,0.324707359075546
-4.75,41.25,2.42713403701782,5,3.51976689633811,32.776554107666,79.0279746055603,11.6161301732063,0.540519654750824,3.92479930897583,49.6429134607315,2.98189187049866,29.8189187049866,74.0227508544922,6.38599885423517,0.912000000476837,400.111114501953,0.295554488897324
-4.25,41.25,2.24116683006287,4.58195161819458,3.02933149974369,19.6834011077881,61.1820995807648,7.53395035862923,0.56528514623642,4.09341916147776,58.9445016384125,3.13109612464905,31.3109612464905,74.0227508544922,6.25925207672356,0.912000000476837,411.333343505859,0.318195879459381
-3.75,41.25,2.24116683006287,4.58195161819458,2.33207511721197,9.29929161071777,39.2287731170654,0.951674673706293,0.610336184501648,4.18266005882849,64.5399616956711,4.00543928146362,40.0543928146362,74.0227508544922,6.26039442989322,0.912000000476837,499.444458007812,0.381754040718079
-3.25,41.25,2.62819933891296,5,1.58159653287395,3.862713098526,25.7679343223572,0.751693639904261,0.611024141311646,3.78283100157556,42.9402607679367,4.5103588104248,45.103588104248,74.0227508544922,5.89026313904916,0.875999987125397,523.111083984375,0.374839782714844
-2.75,41.25,2.62819933891296,5,1.98133874960648,6.25244569778442,44.0447479486465,1.83262247592211,0.684804379940033,3.54934510755613,33.7905259728432,3.75012230873108,37.5012230873108,74.0227508544922,5.77576090229287,0.875999987125397,465.444458007812,0.341577708721161
-2.25,41.25,2.03640699386597,4.97296810150146,1.48867775132264,3.43123245239258,55.6976079940796,0.8307084441185,0.606120645999908,3.3410793064002,27.2496002316475,3.75679564476013,37.5679564476013,74.0227508544922,5.66225960184701,0.912000000476837,479.111114501953,0.339811056852341
-1.75,41.25,2.03640699386597,4.97296810150146,2.97426692207693,18.575267791748,36.9247883558273,1.74727849662304,0.819062888622284,3.67340780152231,38.3858967423439,3.67807245254517,36.7807245254517,74.0227508544922,5.2726641219526,0.915000021457672,428,0.296898782253265
-1.25,41.25,2.02153444290161,0.925228595733643,2.74814445285458,14.6136331558228,51.4307737350464,2.05278601497412,0.766938626766205,3.73583073460675,40.9228378534317,3.7417266368866,37.417266368866,74.0227508544922,5.67875613227128,0.915000021457672,410.222229003906,0.269676983356476
-0.75,41.25,1.89794504642487,2.51958560943604,3.16789946151812,22.7575283050537,70.2296435832977,3.76566462218761,0.567001461982727,3.82513090083994,44.8388003110886,3.361323595047,33.61323595047,74.0227508544922,5.80378779547239,0.915000021457672,376.888885498047,0.241849482059479
-0.25,41.25,1.89794504642487,2.51958560943604,2.97160638581609,18.5232563018799,79.4613718986511,9.56859812140465,0.593329131603241,3.96815449130052,51.8868376016617,3.45039224624634,34.5039224624634,74.0227508544922,5.29181087836597,0.915000021457672,377.333343505859,0.239423036575317
0.25,41.25,1.63632166385651,0.491274446249008,3.00375786258799,19.1611576080322,54.9620985984802,2.61163134127855,0.692009925842285,3.47697186926112,31.3615784645081,3.88307285308838,38.8307285308838,74.0227508544922,5.51374057980497,0.915000021457672,415.777770996094,0.27568644285202
0.75,41.25,1.63632166385651,0.491274446249008,3.67556624206143,38.4710006713867,38.950389623642,0.165268639102578,0.633992493152618,3.36515218989471,27.93790102005,4.36792707443237,43.6792707443237,74.0227508544922,6.45865173297142,0.921999990940094,518.555541992188,0.354171365499496
1.25,41.25,1.96293663978577,5,5.92115893997085,371.843566894531,42.657533288002,0.140900199767202,0.717695355415344,3.18002384865474,23.047327041626,4.4416298866272,44.416298866272,74.0227508544922,7.25052452485247,0.921999990940094,572.666687011719,0.428213536739349
1.75,41.25,1.96293663978577,5,6.31941923224042,554.250427246094,34.9380344152451,0.0936381169594824,0.694845139980316,NA,NA,4.59115743637085,45.9115743637085,74.0227508544922,7.70245906982922,0.921999990940094,633.666687011719,0.465353786945343
2.25,41.25,NA,NA,8.98513463722882,7982.51953125,9.96125265955925,1.27542782574892,0.579559803009033,NA,NA,4.56497430801392,45.6497430801392,NA,NA,NA,623,NA
2.75,41.25,NA,NA,NA,NA,NA,NA,NA,NA,NA,NA,NA,NA,NA,NA,NA,NA
3.25,41.25,NA,NA,NA,NA,NA,NA,NA,NA,NA,NA,NA,NA,NA,NA,NA,NA
3.75,41.25,NA,NA,NA,NA,NA,NA,NA,NA,NA,NA,NA,NA,NA,NA,NA,NA
4.25,41.25,NA,NA,NA,NA,NA,NA,NA,NA,NA,NA,NA,NA,NA,NA,NA,NA
4.75,41.25,NA,NA,NA,NA,NA,NA,NA,NA,NA,NA,NA,NA,NA,NA,NA,NA
5.25,41.25,NA,NA,NA,NA,NA,NA,NA,NA,NA,NA,NA,NA,NA,NA,NA,NA
5.75,41.25,NA,NA,NA,NA,NA,NA,NA,NA,NA,NA,NA,NA,NA,NA,NA,NA
6.25,41.25,NA,NA,NA,NA,NA,NA,NA,NA,NA,NA,NA,NA,NA,NA,NA,NA
6.75,41.25,NA,NA,NA,NA,NA,NA,NA,NA,NA,NA,NA,NA,NA,NA,NA,NA
7.25,41.25,NA,NA,NA,NA,NA,NA,NA,NA,NA,NA,NA,NA,NA,NA,NA,NA
7.75,41.25,NA,NA,NA,NA,NA,NA,NA,NA,NA,NA,NA,NA,NA,NA,NA,NA
8.25,41.25,NA,NA,0,0,2.68907565623522,0,0.586578249931335,NA,NA,5.33696842193604,53.3696842193604,NA,NA,NA,500,NA
8.75,41.25,NA,NA,2.68019935871697,13.5880012512207,4.76190485060215,0,0.574552476406097,NA,NA,5.26015615463257,52.6015615463257,NA,NA,NA,536.5,NA
9.25,41.25,NA,NA,3.77648494468069,42.662296295166,15.6546488404274,0,0.71169525384903,3.4858121659198,31.6489326953888,5.18742609024048,51.8742609024048,NA,6.91691141449848,NA,504.125,NA
9.75,41.25,NA,NA,3.94040641262106,50.4395027160645,3.9473682641983,0,0.575133323669434,NA,NA,5.25969314575195,52.5969314575195,NA,NA,NA,494,NA
10.25,41.25,NA,NA,NA,NA,NA,NA,NA,NA,NA,NA,NA,NA,NA,NA,NA,NA
10.75,41.25,NA,NA,NA,NA,NA,NA,NA,NA,NA,NA,NA,NA,NA,NA,NA,NA
11.25,41.25,NA,NA,NA,NA,NA,NA,NA,NA,NA,NA,NA,NA,NA,NA,NA,NA
11.75,41.25,NA,NA,NA,NA,NA,NA,NA,NA,NA,NA,NA,NA,NA,NA,NA,NA
12.25,41.25,NA,NA,NA,NA,NA,NA,NA,NA,NA,NA,NA,NA,NA,NA,NA,NA
12.75,41.25,NA,NA,6.50200817921376,665.478698730469,66.3748621940613,0,0.573424696922302,NA,NA,4.57123565673828,45.7123565673828,NA,NA,NA,881,NA
13.25,41.25,NA,NA,5.25060619464199,189.681823730469,37.2445225715637,0,0.838199615478516,NA,NA,5.74061298370361,57.4061298370361,NA,NA,NA,959,NA
13.75,41.25,2.61458301544189,5,5.3636331162354,212.499206542969,42.7463233470917,2.77186501771212,0.819831788539886,3.18958445169281,23.2783365249634,5.47834300994873,54.7834300994873,70.4018936157227,6.76245675195854,0.929000020027161,921.142883300781,0.758499264717102
14.25,41.25,1.99351048469543,4.04724788665771,5.62841930175622,277.221984863281,45.8174735307693,6.43394291400909,0.778123021125793,3.70274410200938,39.5584483146667,5.42924404144287,54.2924404144287,70.4018936157227,6.96376587178408,0.867999970912933,842.222229003906,0.682272136211395
14.75,41.25,1.99351048469543,4.04724788665771,4.93164651489442,137.607543945312,62.4444425106049,0.00925925924093463,0.548444509506226,3.73926614500037,41.0671076774597,4.78269386291504,47.8269386291504,70.4018936157227,6.72994000868886,0.867999970912933,705.333312988281,0.568888604640961
15.25,41.25,2.68752527236938,5,4.01452618656538,54.3970413208008,88.2674515247345,0,0.248044803738594,3.35159568278116,27.5482512712479,3.85159516334534,38.5159516334534,70.4018936157227,6.48343440534334,0.867999970912933,549.111083984375,0.439572244882584
15.75,41.25,2.68752527236938,5,4.76116314883106,115.881797790527,93.4964716434479,0,0.377442181110382,3.18087900996778,23.0679001808167,3.6982159614563,36.982159614563,70.4018936157227,6.53122260368996,0.869000017642975,500.444458007812,0.363420456647873
16.25,41.25,2.37441396713257,5,5.65998536336613,286.144439697266,72.8603839874268,0,0.658114790916443,2.90751302593952,17.3112024068832,4.23133134841919,42.3133134841919,70.4018936157227,6.88493403897613,0.869000017642975,448,0.338128477334976
16.75,41.25,NA,NA,6.92929093907598,1020.76922607422,51.1932849884033,0,0.5758096575737,NA,NA,3.99963736534119,39.9963736534119,NA,NA,NA,517.400024414062,NA
17.25,41.25,NA,NA,6.21300188972578,498.197540283203,62.5258803367615,0,0.500465273857117,NA,NA,3.8373589515686,38.373589515686,NA,NA,NA,551.5,NA
17.75,41.25,NA,NA,NA,NA,NA,NA,NA,NA,NA,NA,NA,NA,NA,NA,NA,NA
18.25,41.25,NA,NA,NA,NA,NA,NA,NA,NA,NA,NA,NA,NA,NA,NA,NA,NA
18.75,41.25,NA,NA,NA,NA,NA,NA,NA,NA,NA,NA,NA,NA,NA,NA,NA,NA
19.25,41.25,NA,NA,6.69017112044477,803.459899902344,52.1868348121643,0.169851374812424,0.602480053901672,NA,NA,7.04041433334351,70.4041433334351,NA,NA,NA,994.333312988281,NA
19.75,41.25,1.70871591567993,4.4094820022583,6.23175606542203,507.647918701172,49.4679361581802,0.0156030582729727,0.645207703113556,4.8100238815109,121.734548568726,5.53974485397339,55.3974485397339,52.2665328979492,7.44975858692991,0.814000010490417,1113.11108398438,0.886958062648773
20.25,41.25,1.70871591567993,4.4094820022583,4.29169923274232,72.0905609130859,18.7970846891403,1.00345807150006,0.650241136550903,4.52044388404655,90.876371383667,6.48599767684937,64.8599767684937,52.2665328979492,7.06465823645451,0.778999984264374,1059.22216796875,0.932788968086243
20.75,41.25,1.41770350933075,1.22690391540527,4.27873281940254,71.1489562988281,14.9840846657753,0.60545252636075,0.532442331314087,3.90805143938611,48.8018155097961,6.05861186981201,60.5861186981201,51.2410659790039,6.209146310563,0.762000024318695,908,0.814885199069977
21.25,41.25,1.77786862850189,2.99595499038696,3.93608050188372,50.2174606323242,47.2388833761215,5.29651828110218,0.577992081642151,3.63739635425133,36.9927880764008,4.91123390197754,49.1123390197754,51.2410659790039,5.43678160288163,0.763999998569489,657.888916015625,0.577331781387329
21.75,41.25,1.77786862850189,2.99595499038696,3.74904539926419,41.4805107116699,19.4793507456779,0.226504076272249,0.661753594875336,3.71545128289799,40.0771203041077,4.66778039932251,46.6778039932251,51.2410659790039,4.94757029616493,0.763999998569489,523.777770996094,0.429449528455734
22.25,41.25,1.77786862850189,2.99595499038696,3.47264027774725,31.2217044830322,19.5388466119766,1.40445102006197,0.580321907997131,3.69105007929437,39.0869193077087,4.5191011428833,45.191011428833,51.2410659790039,5.51839059645272,0.760999977588654,484.111114501953,0.38690459728241
22.75,41.25,1.77786862850189,2.99595499038696,4.11722991933726,60.3889541625977,53.2814383506775,3.17943580448627,0.588967263698578,4.1016259944213,59.4384803771973,3.88164329528809,38.8164329528809,62.8060684204102,6.08225061192428,0.717999994754791,459.777770996094,0.366133868694305
23.25,41.25,1.69436228275299,4.04638004302979,3.73564405296319,40.9150123596191,48.9986300468445,17.3337161540985,0.719589531421661,4.19145804488909,65.1191253662109,3.91866278648376,39.1866278648376,62.8060684204102,6.37881780965666,0.875999987125397,481.444458007812,0.397109478712082
23.75,41.25,1.88576722145081,3.43580651283264,3.87253764544257,47.0642013549805,39.8641139268875,8.75849276781082,0.710041522979736,4.15292933856716,62.6200923919678,4.18453693389893,41.8453693389893,62.8060684204102,5.96145317130958,0.861999988555908,544.222229003906,0.439603835344315
24.25,41.25,1.69436228275299,4.04638004302979,3.71137909725912,39.9101867675781,30.7246744632721,12.5533312559128,0.671762704849243,4.14657598295727,62.2171726226807,4.32022047042847,43.2022047042847,62.8060684204102,5.67065103736441,0.861999988555908,563.888916015625,0.462354570627213
24.75,41.25,1.88576722145081,3.43580651283264,3.9440728478169,50.6284484863281,23.6779555678368,7.7424131333828,0.570358872413635,4.39197638954537,79.7999534606934,4.61482572555542,46.1482572555542,62.8060684204102,5.63714409410623,0.861999988555908,603.555541992188,0.48471873998642
25.25,41.25,1.94278621673584,3.77021074295044,4.06942809721659,57.5234832763672,36.6971611976624,14.9242907762527,0.727979302406311,4.39977943207636,80.4329051971436,4.0305552482605,40.305552482605,56.3976440429688,5.78473128461572,0.772000014781952,589.777770996094,0.465469866991043
25.75,41.25,1.88576722145081,3.43580651283264,2.98730087101867,18.8320808410645,34.7191363573074,1.99074074625969,0.644525349140167,4.24469447533409,68.7344512939453,4.33252096176147,43.3252096176147,62.8060684204102,5.43598846177249,0.861999988555908,617.666687011719,0.479522854089737
26.25,41.25,1.71779298782349,1.70954775810242,3.08291149108458,20.8218441009521,50.8500814437866,15.8279404044151,0.704856336116791,3.86450359846514,46.6795983314514,4.23398923873901,42.3398923873901,62.8060684204102,6.12443795136805,0.861999988555908,604.555541992188,0.469064652919769
26.75,41.25,1.85302495956421,2.08924579620361,3.9391420942606,50.3745079040527,93.1757569313049,32.4989140033722,0.444228678941727,4.0389035725476,55.7640709877014,4.13940525054932,41.3940525054932,31.9290428161621,6.50470245063658,0.857999980449677,637.555541992188,0.476860672235489
27.25,41.25,1.85302495956421,2.08924579620361,4.4929630638767,88.3859100341797,96.5766787528992,17.3021614551544,0.303871035575867,5.25017879949705,189.600344657898,4.44698333740234,44.4698333740234,31.9290428161621,6.66641493922834,0.857999980449677,618.111083984375,0.46129584312439
27.75,41.25,1.85302495956421,2.08924579620361,5.47396507865662,237.403610229492,92.0161545276642,4.33985702693462,0.252299666404724,4.67486339500362,106.217919588089,4.47269582748413,44.7269582748413,31.9290428161621,7.37019643386113,0.857999980449677,595.444458007812,0.452320426702499
28.25,41.25,1.14915716648102,0,5.60361891227936,270.406829833984,47.6949453353882,3.09650599956512,0.551396429538727,3.39750099914923,28.8893132209778,4.97395324707031,49.7395324707031,31.9290428161621,7.70943165567986,0.888000011444092,644.777770996094,0.493524163961411
28.75,41.25,1.74206686019897,4.30669403076172,8.70213768875565,6014.75830078125,34.8334968090057,1.83334201574326,0.650543093681335,3.438501687422,30.1402653455734,4.96030855178833,49.6030855178833,31.9290428161621,8.58346772312565,0.888000011444092,699.5,0.532672822475433
29.25,41.25,NA,NA,8.08923800429633,3258.203125,9.63139086961746,0.735731283202767,0.569866240024567,2.66333041778605,13.3439810872078,5.88781404495239,58.8781404495239,NA,8.30819948444973,NA,775.666687011719,NA
29.75,41.25,NA,NA,4.69865527603589,108.799423217773,15.6091749668121,0.397180020809174,0.498524993658066,NA,NA,6.22734022140503,62.2734022140503,NA,7.04653486910239,NA,839,NA
30.25,41.25,NA,NA,4.0777843988938,58.0145721435547,64.4905388355255,8.33492651581764,0.727918207645416,3.78115785284941,42.8668036460876,5.8082275390625,58.082275390625,NA,7.24095775401905,NA,873.799987792969,NA
30.75,41.25,NA,NA,4.64762266207399,103.336647033691,62.4323904514313,8.57672691345215,0.698853731155396,NA,NA,6.33281278610229,63.3281278610229,NA,NA,NA,903,NA
31.25,41.25,NA,NA,5.08312598800372,160.277420043945,23.8870576024055,0.123660347890109,0.492298364639282,NA,NA,6.74671220779419,67.4671220779419,NA,NA,NA,955,NA
31.75,41.25,1.02892374992371,1.59041845798492,5.2757638352644,194.539779663086,14.6094650030136,1.04001965373755,0.518546342849731,2.8196878331656,15.7716143131256,6.18351459503174,61.8351459503174,31.9290428161621,6.74337951691761,0.82700002193450906,826.333312988281,0.641933619976044
32.25,41.25,1.02892374992371,1.59041845798492,4.76643969713465,116.500160217285,11.1234568059444,1.15740736946464,0.441969156265259,2.93765109376652,17.8714669048786,6.14402484893799,61.4402484893799,31.9290428161621,6.47486687642349,0.82700002193450906,782.222229003906,0.612549543380737
32.75,41.25,1.02892374992371,1.59041845798492,4.25354587725919,69.3544387817383,8.23275223374367,0.0401296507334337,0.451108038425446,2.53626166797149,11.6323586404324,5.67038679122925,56.7038679122925,31.9290428161621,6.46979361864159,0.82700002193450906,681.111083984375,0.548952877521515
33.25,41.25,1.02892374992371,1.59041845798492,2.19963372727646,8.02170848846436,6.63312524557114,0.0648188171908259,0.386909306049347,2.73990555959298,14.4855225682259,5.65179061889648,56.5179061889648,31.9290428161621,6.17003801497565,0.82700002193450906,607.333312988281,0.502015471458435
33.75,41.25,1.00678694248199,2.63725256919861,4.00610548656188,53.9325180053711,19.363608956337,1.80413965135813,0.522309601306915,3.17715592793196,22.9784600138664,5.5809211730957,55.809211730957,31.9290428161621,6.37614704960702,0.82700002193450906,568.666687011719,0.476150572299957
34.25,41.25,1.00678694248199,2.63725256919861,3.44634636599123,30.3855113983154,9.30232554674149,2.42132246494293,0.39689427614212,3.09244242863417,21.0308210253716,5.52914905548096,55.2914905548096,31.9290428161621,6.26727848983053,0.82700002193450906,573.777770996094,0.483969807624817
34.75,41.25,1.00678694248199,2.63725256919861,3.22077762552785,24.0475902557373,9.67374444007874,2.15499512851238,0.482946813106537,3.13318670106299,21.9469883441925,5.31502151489258,53.1502151489258,31.9290428161621,6.26657923309246,0.82700002193450906,577.444458007812,0.475007444620132
35.25,41.25,1.65071833133698,0,3.77740494558568,42.7024841308594,27.9323250055313,1.79012734442949,0.617211401462555,3.18018954682093,23.0513119697571,5.35423469543457,53.5423469543457,31.9290428161621,6.28715130064479,0.82700002193450906,576.333312988281,0.480831652879715
35.75,41.25,1.65071833133698,0,4.20416571076166,65.9647064208984,46.8910425901413,4.45268414914608,0.618368446826935,3.43151076900428,29.9233254790306,5.42656278610229,54.2656278610229,31.9290428161621,6.14265209660344,0.82700002193450906,590.222229003906,0.503488600254059
36.25,41.25,1.00785112380981,3.71135330200195,6.03322643182428,416.058471679688,43.8591361045837,4.39261347055435,0.651297271251678,3.73861558745474,41.0397495031357,5.53040075302124,55.3040075302124,31.9290428161621,7.20405154024979,0.82700002193450906,641,0.541785538196564
36.75,41.25,1.12870109081268,0,4.99281064705087,146.349990844727,12.6933082938194,4.68668714165688,0.562335968017578,3.81479752830457,44.3675698041916,6.25908708572388,62.5908708572388,31.9290428161621,6.69709241775312,0.82700002193450906,737,0.640790164470673
37.25,41.25,NA,NA,5.12564720495736,167.283020019531,1.74385029822588,0.819956138730049,0.46201291680336,NA,NA,6.86319637298584,68.6319637298584,NA,NA,NA,816.75,NA
37.75,41.25,NA,NA,4.98585810100441,145.329086303711,0.541401281952858,0.191082805395126,0.366717129945755,NA,NA,7.29189205169678,72.9189205169678,NA,NA,NA,947,NA
38.25,41.25,NA,NA,NA,NA,NA,NA,NA,NA,NA,NA,NA,NA,NA,NA,NA,NA
38.75,41.25,NA,NA,4.67402436581027,106.127998352051,0,0,0.266295045614243,NA,NA,7.05475521087646,70.5475521087646,NA,NA,NA,1051,NA
39.25,41.25,NA,NA,5.14790221143026,171.07014465332,0.0702082819771022,0,0.337790310382843,NA,NA,7.18677997589111,71.8677997589111,NA,NA,NA,977.333312988281,NA
39.75,41.25,NA,NA,6.32556887012861,557.675537109375,0,0,0.140357717871666,NA,NA,6.94020748138428,69.4020748138428,NA,NA,NA,938.5,NA
-9.75,40.75,NA,NA,NA,NA,NA,NA,NA,NA,NA,NA,NA,NA,NA,NA,NA,NA
-9.25,40.75,NA,NA,NA,NA,NA,NA,NA,NA,NA,NA,NA,NA,NA,NA,NA,NA
-8.75,40.75,NA,NA,5.89671956857027,362.841949462891,20.5104485154152,8.31983983516693,0.727798759937286,NA,NA,5.27584648132324,52.7584648132324,NA,7.58989168441444,NA,1007.83331298828,NA
-8.25,40.75,2.6079888343811,4.18827772140503,4.76315946673412,116.115364074707,6.19753077626228,0.959876552224159,0.423228889703751,3.57987354447427,34.8690047264099,6.24489593505859,62.4489593505859,78.6764907836914,7.10676541679377,0.865000009536743,1367.55554199219,1.05480861663818
-7.75,40.75,2.6079888343811,4.18827772140503,4.43835909575846,83.6359481811523,10.4412950575352,0.160920957569033,0.50743693113327,3.47463132969559,31.2859234809875,5.50840759277344,55.0840759277344,78.6764907836914,6.69065126842149,0.865000009536743,1508.55554199219,1.10248160362244
-7.25,40.75,2.44741892814636,2.24281001091003,3.4806486363857,31.4807834625244,20.6430092453957,0.166774762328714,0.617503225803375,3.7050494064336,39.6520557403564,4.24872875213623,42.4872875213623,78.6764907836914,6.20437106387579,0.865000009536743,1118.88891601562,0.83144736289978
-6.75,40.75,2.44741892814636,2.24281001091003,2.46559390511187,10.7704706192017,13.0593210458755,0.605255831032991,0.714343369007111,4.31998004539756,74.1871279478073,3.93808627128601,39.3808627128601,74.0227508544922,5.86447863287201,0.912000000476837,950,0.700753569602966
-6.25,40.75,2.44741892814636,2.24281001091003,2.32099249426382,9.18577861785889,18.2365477085114,0.460004340857267,0.68067479133606,4.48279387088085,87.4815336465836,4.47137832641602,44.7137832641602,74.0227508544922,5.92024736049075,0.912000000476837,1020.77777099609,0.705361902713776
-5.75,40.75,2.48152995109558,0.794604301452637,4.56388722212439,94.9557571411133,37.4275028705597,5.37885874509811,0.733736634254456,4.47079479247165,86.4261810779572,4.53716373443604,45.3716373443604,74.0227508544922,6.45550004691601,0.912000000476837,667.111083984375,0.487159311771393
-5.25,40.75,2.48152995109558,0.794604301452637,2.56000408593759,11.9358701705933,56.7638576030731,6.35107159614563,0.681113719940186,4.37533593678839,78.4665307998657,3.91853594779968,39.1853594779968,74.0227508544922,6.17729638716007,0.912000000476837,497,0.37819442152977
-4.75,40.75,2.42713403701782,5,3.52499179496928,32.9534950256348,50.7475614547729,1.08118122443557,0.633647739887238,4.31317639331593,73.6773171424866,3.57669019699097,35.7669019699097,74.0227508544922,6.31016971145828,0.912000000476837,438.444458007812,0.33541265130043
-4.25,40.75,2.42713403701782,5,4.73694892590747,113.085586547852,25.0976264476776,0.48038181848824,0.630895495414734,4.10091563616209,59.3955626487732,4.2863302230835,42.863302230835,74.0227508544922,6.79904572350319,0.912000000476837,514.777770996094,0.378717392683029
-3.75,40.75,2.62819933891296,5,6.73943752890938,844.085266113281,12.6553431153297,0.427777413278818,0.677112281322479,3.68348498505416,38.78480219841,4.24626684188843,42.4626684188843,74.0227508544922,7.49697023112194,0.941999971866608,528.555541992188,0.378706961870193
-3.25,40.75,2.62819933891296,5,5.25931824749331,191.350311279297,63.132655620575,4.15790118277073,0.639273703098297,3.20204581002412,23.5827704668045,3.36946201324463,33.6946201324463,74.0227508544922,6.82312007169232,0.875999987125397,407.222229003906,0.297708332538605
-2.75,40.75,2.62819933891296,5,2.37900249799028,9.79413032531738,47.4645912647247,2.66459137201309,0.562552154064178,3.20203144143767,23.5824172496796,3.63790488243103,36.3790488243103,74.0227508544922,5.74183276044448,0.875999987125397,464,0.321011036634445
-2.25,40.75,2.2269971370697,3.04307222366333,1.30987215336364,2.7056999206543,6.57837837934494,0.373525964096189,0.379497796297073,3.26947342259826,25.2974880337715,4.60291719436646,46.0291719436646,74.0227508544922,5.24848704215367,0.875999987125397,550.333312988281,0.380326420068741
-1.75,40.75,2.2269971370697,3.04307222366333,1.82349928392758,5.19349336624146,35.4012340307236,0.922839529812336,0.600203096866608,3.80932275387757,44.1198712587357,4.35042667388916,43.5042667388916,74.0227508544922,4.95458742634271,0.875999987125397,548.777770996094,0.382982045412064
-1.25,40.75,2.03640699386597,4.97296810150146,2.08970872075279,7.08256053924561,66.4321005344391,3.2006174325943,0.591594099998474,4.26484665926547,70.1540083289146,3.65926194190979,36.5926194190979,74.0227508544922,5.42695946856442,0.915000021457672,461.111114501953,0.32483783364296
-0.75,40.75,1.89794504642487,2.51958560943604,1.81410501205129,5.135582447052,26.9645214080811,1.44811188802123,0.718214452266693,4.17223681618185,63.860370695591,4.16021347045898,41.6021347045898,74.0227508544922,5.40315517023734,0.915000021457672,480.111114501953,0.342250674962997
-0.25,40.75,1.89794504642487,2.51958560943604,2.47834606979955,10.9215307235718,27.4785786867142,1.40439877286553,0.725381910800934,3.97702897401015,52.3582696914673,4.23073482513428,42.3073482513428,74.0227508544922,5.59392873431174,0.915000021457672,464.222229003906,0.333361595869064
0.25,40.75,1.68971526622772,2.9043972492218,3.67477517521603,38.4397888183594,37.4795377254486,0.627027032896876,0.616489112377167,3.36678714557794,27.9852519035339,4.71780347824097,47.1780347824097,74.0227508544922,5.84960933566111,0.921999990940094,521.666687011719,0.355640649795532
0.75,40.75,1.63632166385651,0.491274446249008,4.98299848905249,144.911239624023,45.2305912971497,21.6762080788612,0.800502777099609,3.00997195737695,19.2868310213089,4.92727375030518,49.2727375030518,74.0227508544922,6.75063792264516,0.921999990940094,565.125,0.366668164730072
1.25,40.75,NA,NA,NA,NA,NA,NA,NA,NA,NA,NA,NA,NA,NA,NA,NA,NA
1.75,40.75,NA,NA,NA,NA,NA,NA,NA,NA,NA,NA,NA,NA,NA,NA,NA,NA
2.25,40.75,NA,NA,NA,NA,NA,NA,NA,NA,NA,NA,NA,NA,NA,NA,NA,NA
2.75,40.75,NA,NA,NA,NA,NA,NA,NA,NA,NA,NA,NA,NA,NA,NA,NA,NA
3.25,40.75,NA,NA,NA,NA,NA,NA,NA,NA,NA,NA,NA,NA,NA,NA,NA,NA
3.75,40.75,NA,NA,NA,NA,NA,NA,NA,NA,NA,NA,NA,NA,NA,NA,NA,NA
4.25,40.75,NA,NA,NA,NA,NA,NA,NA,NA,NA,NA,NA,NA,NA,NA,NA,NA
4.75,40.75,NA,NA,NA,NA,NA,NA,NA,NA,NA,NA,NA,NA,NA,NA,NA,NA
5.25,40.75,NA,NA,NA,NA,NA,NA,NA,NA,NA,NA,NA,NA,NA,NA,NA,NA
5.75,40.75,NA,NA,NA,NA,NA,NA,NA,NA,NA,NA,NA,NA,NA,NA,NA,NA
6.25,40.75,NA,NA,NA,NA,NA,NA,NA,NA,NA,NA,NA,NA,NA,NA,NA,NA
6.75,40.75,NA,NA,NA,NA,NA,NA,NA,NA,NA,NA,NA,NA,NA,NA,NA,NA
7.25,40.75,NA,NA,NA,NA,NA,NA,NA,NA,NA,NA,NA,NA,NA,NA,NA,NA
7.75,40.75,NA,NA,NA,NA,NA,NA,NA,NA,NA,NA,NA,NA,NA,NA,NA,NA
8.25,40.75,1.54485487937927,4.11692428588867,4.63242878596082,101.76335144043,70.8489298820496,0,0.614837348461151,5.03609602964534,152.868144273758,4.72661113739014,47.2661113739014,70.4018936157227,6.70470991292164,0.879000008106232,676.5,0.503416061401367
8.75,40.75,1.54485487937927,4.11692428588867,4.70886058371499,109.92569732666,69.2729234695435,0,0.61661022901535,5.57886581797354,263.771136760712,5.18562269210815,51.8562269210815,70.4018936157227,6.76092476678635,0.879000008106232,659.222229003906,0.515952110290527
9.25,40.75,1.54485487937927,4.11692428588867,3.78124703815798,42.8707160949707,32.7546030282974,0,0.701878786087036,5.09195073698389,161.706951141357,5.54665231704712,55.4665231704712,70.4018936157227,6.30940689482896,0.879000008106232,687.222229003906,0.48963937163353
9.75,40.75,NA,NA,4.02085510352088,54.7487564086914,24.3768379092216,0,0.722214102745056,NA,NA,4.84708070755005,48.4708070755005,NA,NA,NA,519.166687011719,NA
10.25,40.75,NA,NA,NA,NA,NA,NA,NA,NA,NA,NA,NA,NA,NA,NA,NA,NA
10.75,40.75,NA,NA,NA,NA,NA,NA,NA,NA,NA,NA,NA,NA,NA,NA,NA,NA
11.25,40.75,NA,NA,NA,NA,NA,NA,NA,NA,NA,NA,NA,NA,NA,NA,NA,NA
11.75,40.75,NA,NA,NA,NA,NA,NA,NA,NA,NA,NA,NA,NA,NA,NA,NA,NA
12.25,40.75,NA,NA,NA,NA,NA,NA,NA,NA,NA,NA,NA,NA,NA,NA,NA,NA
12.75,40.75,NA,NA,NA,NA,NA,NA,NA,NA,NA,NA,NA,NA,NA,NA,NA,NA
13.25,40.75,NA,NA,NA,NA,NA,NA,NA,NA,NA,NA,NA,NA,NA,NA,NA,NA
13.75,40.75,NA,NA,7.24309772724213,1397.41918945312,14.0127390623093,6.4968153834343,0.487264513969421,NA,NA,6.336181640625,63.36181640625,NA,NA,NA,882,NA
14.25,40.75,NA,NA,7.95727049603798,2855.26611328125,12.0872810482979,0.00717772054485977,0.539274036884308,NA,NA,5.29883670806885,52.9883670806885,NA,NA,NA,938.875,NA
14.75,40.75,2.1119601726532,5,6.57788359837906,718.015991210938,14.8928597569466,0.411164714023471,0.666637599468231,3.25046524211901,24.8023414611816,6.22808456420898,62.2808456420898,70.4018936157227,7.30568187122047,0.867999970912933,924.333312988281,0.727137982845306
15.25,40.75,2.1119601726532,5,4.4178029315426,81.9139175415039,49.2380440235138,0.0370931345969439,0.639390707015991,3.69586469735757,39.280387878418,5.24808549880981,52.4808549880981,70.4018936157227,6.59187331128549,0.867999970912933,750.222229003906,0.622725307941437
15.75,40.75,2.71151208877563,5,4.49173193657369,88.2759323120117,64.914071559906,0,0.486928105354309,3.98957066674376,53.0316867828369,4.43314075469971,44.3314075469971,70.4018936157227,6.26626048970369,0.879999995231628,590.555541992188,0.493461579084396
16.25,40.75,2.63325142860413,5,3.73402968426061,40.8474006652832,81.7554414272308,0,0.388472378253937,3.61758460931155,36.2474918365479,4.08335018157959,40.8335018157959,70.4018936157227,5.98852956493715,0.879999995231628,567.777770996094,0.435382157564163
16.75,40.75,2.37441396713257,5,4.997109787186,146.984832763672,79.5118451118469,0,0.618973076343536,3.87494236556701,47.1799213886261,4.16849803924561,41.6849803924561,70.4018936157227,6.55922483023126,0.869000017642975,586.777770996094,0.441462844610214
17.25,40.75,2.37441396713257,5,5.43429347844693,228.130905151367,73.6579477787018,0,0.689185261726379,3.83194667579874,45.1522943973541,4.37350797653198,43.7350797653198,70.4018936157227,7.14729675194746,0.869000017642975,573,0.43537050485611
17.75,40.75,NA,NA,5.48991185939653,241.235855102539,69.2582786083221,0,0.652461409568787,3.11396102081997,21.51003074646,3.79674649238586,37.9674649238586,NA,7.1409924445102,NA,509.666656494141,NA
18.25,40.75,NA,NA,2.86236195717195,16.5028190612793,75.3731369972229,0,0.637579023838043,NA,NA,3.71400046348572,37.1400046348572,NA,NA,NA,501,NA
18.75,40.75,NA,NA,NA,NA,NA,NA,NA,NA,NA,NA,NA,NA,NA,NA,NA,NA
19.25,40.75,NA,NA,4.05175947193532,56.49853515625,65.419065952301,0,0.518851816654205,NA,NA,5.70849084854126,57.0849084854126,NA,NA,NA,898,NA
19.75,40.75,1.69390571117401,3.2434504032135,4.9774013283313,144.096832275391,78.8131892681122,0.131381384562701,0.393953084945679,5.12527638412333,167.220628738403,5.20454788208008,52.0454788208008,52.2665328979492,7.37549950650476,0.762000024318695,998,0.790664434432983
20.25,40.75,1.69390571117401,3.2434504032135,3.0522814165312,20.1635723114014,18.9215108752251,0.906475260853767,0.68228405714035,4.85353636673077,127.19292640686,6.12808847427368,61.2808847427368,52.2665328979492,7.08208170287278,0.778999984264374,1045.66662597656,0.881130933761597
20.75,40.75,1.69390571117401,3.2434504032135,4.38548772117518,79.2773666381836,39.9315983057022,3.35440635681152,0.666810274124146,4.46000394383201,85.487850189209,5.72099018096924,57.2099018096924,52.2665328979492,6.97220483742241,0.785000026226044,872.888916015625,0.760552525520325
21.25,40.75,2.24708843231201,3.35932159423828,3.79421443958442,43.4433097839355,36.9846761226654,5.02441003918648,0.659463584423065,4.01777820046063,54.5774865150452,5.34700345993042,53.4700345993042,62.8060684204102,6.12355981989456,0.884999990463257,766.222229003906,0.629457771778107
21.75,40.75,2.02304673194885,4.88700389862061,3.54368240292421,33.5940742492676,43.7228053808212,4.27795611321926,0.832090020179749,4.27223153672425,70.6814169883728,4.7046160697937,47.046160697937,62.8060684204102,6.11675493577881,0.884999990463257,604.333312988281,0.485570728778839
22.25,40.75,2.02304673194885,4.88700389862061,4.61318008937101,99.8042068481445,71.1194097995758,21.0885405540466,0.811667680740356,4.35400805743407,76.7896242141724,3.9254686832428,39.254686832428,62.8060684204102,6.92328566709791,0.875999987125397,461.666656494141,0.371205359697342
22.75,40.75,1.68963158130646,3.28339672088623,6.21943875816664,501.421173095703,84.087347984314,32.8370928764343,0.556920826435089,4.52037716973038,90.8702421188354,3.57774686813354,35.7774686813354,62.8060684204102,7.51509534648207,0.875999987125397,438,0.325567573308945
23.25,40.75,1.68963158130646,3.28339672088623,4.02818933778833,55.1591339111328,51.2549459934235,3.24418433010578,0.702834367752075,4.67082729854552,105.786049842834,3.68858075141907,36.8858075141907,62.8060684204102,6.97295158086586,0.875999987125397,475.333343505859,0.359787255525589
23.75,40.75,NA,NA,3.42368701639001,29.6823329925537,51.0383546352386,16.8366298079491,0.707050144672394,NA,NA,3.94522857666016,39.4522857666016,62.8060684204102,NA,NA,489.333343505859,NA
24.25,40.75,NA,NA,4.88616222060673,131.444305419922,38.5952889919281,18.8950747251511,0.74449747800827,NA,NA,4.59095811843872,45.9095811843872,NA,NA,NA,543.599975585938,NA
24.75,40.75,0.924638271331787,5,3.86879493883213,46.8846473693848,56.8114221096039,33.9083880186081,0.8233602643013,NA,NA,3.98030257225037,39.8030257225037,62.8060684204102,6.36744611462805,NA,548.285705566406,0.405182063579559
25.25,40.75,NA,NA,2.95195991180485,18.1434364318848,79.585182666778607,35.5259269475937,0.631713092327118,NA,NA,3.57649064064026,35.7649064064026,NA,NA,NA,537,NA
25.75,40.75,NA,NA,4.56511616063873,95.0737533569336,37.0615631341934,0.941541604697704,0.679793894290924,NA,NA,4.17627668380737,41.7627668380737,NA,NA,NA,570.599975585938,NA
26.25,40.75,1.79167461395264,1.7573584318161,3.54254045404636,33.5545921325684,75.9542167186737,27.3090541362762,0.659637451171875,4.10231272430243,59.4799995422363,4.14160776138306,41.4160776138306,31.9290428161621,6.15882579096688,0.857999980449677,599.222229003906,0.451327234506607
26.75,40.75,1.79167461395264,1.7573584318161,3.95727778756531,51.3147201538086,68.9906358718872,12.9888266324997,0.591419041156769,4.09904711852799,59.2828178405762,4.53417158126831,45.3417158126831,31.9290428161621,6.24109086173772,0.857999980449677,658.888916015625,0.486633956432343
27.25,40.75,1.74206686019897,4.30669403076172,4.49554321022854,88.6168365478516,74.7406303882599,7.95578956604004,0.558676779270172,5.48048657816058,238.963439941406,4.8298921585083,48.298921585083,31.9290428161621,6.37448409141664,0.857999980449677,675.555541992188,0.49873286485672
27.75,40.75,NA,NA,4.54338673659531,93.0086441040039,30.5743247270584,1.52027029544115,0.749849736690521,NA,NA,5.49165916442871,54.9165916442871,NA,NA,NA,637.833312988281,NA
28.25,40.75,NA,NA,NA,NA,NA,NA,NA,NA,NA,NA,NA,NA,NA,NA,NA,NA
28.75,40.75,NA,NA,8.11024351019484,3327.38842773438,7.54865854978561,0.499736983329058,0.526638388633728,NA,NA,5.64005851745605,56.4005851745605,NA,NA,NA,667.166687011719,NA
29.25,40.75,NA,NA,7.78367455773066,2400.08154296875,22.2332507371902,1.33002484217286,0.717126905918121,NA,NA,5.00247097015381,50.0247097015381,NA,8.28962396769052,NA,712.875,NA
29.75,40.75,NA,NA,6.07399687583293,433.413513183594,27.9068976640701,1.36031173169613,0.65787398815155,3.42643891961474,29.7668840885162,5.34774541854858,53.4774541854858,NA,7.49536492626444,NA,722.666687011719,NA
30.25,40.75,1.39194011688232,0.932827115058899,5.98778361697095,397.530334472656,49.2893695831299,13.1324619054794,0.765211880207062,3.71890030086463,40.2190406322479,5.27425622940063,52.7425622940063,31.9290428161621,7.61444432535088,0.864000022411346,745.555541992188,0.581297874450684
30.75,40.75,1.39194011688232,0.932827115058899,5.07406226247671,158.822250366211,38.793209195137,9.1388888657093,0.582058310508728,3.35264559767323,27.5782402455807,5.64649200439453,56.4649200439453,31.9290428161621,7.26202011880332,0.864000022411346,735.111083984375,0.591271162033081
31.25,40.75,1.02892374992371,1.59041845798492,5.00852817659406,148.684265136719,26.5594571828842,1.66692435741425,0.521682560443878,3.03326614086267,19.7649431824684,5.62402009963989,56.2402009963989,31.9290428161621,6.87591818210326,0.864000022411346,666.333312988281,0.548247992992401
31.75,40.75,1.02892374992371,1.59041845798492,4.35791579204297,77.0942001342773,13.5601103305817,4.39083389937878,0.44124099612236,3.0947170985962,21.0809909105301,5.465407371521,54.65407371521,31.9290428161621,6.47165391430245,0.864000022411346,600.222229003906,0.491451799869537
32.25,40.75,1.02892374992371,1.59041845798492,2.89315208837762,17.0501155853271,10.4171819984913,3.39925847947598,0.518556535243988,2.87078783764811,16.6509187817574,5.61203622817993,56.1203622817993,31.9290428161621,6.33754827753447,0.864000022411346,647.111083984375,0.508951246738434
32.75,40.75,1.02892374992371,1.59041845798492,2.31156167333338,9.09016990661621,13.9478728175163,0.0835758051835001,0.560910999774933,3.03259979463036,19.7511111497879,5.58561086654663,55.8561086654663,31.9290428161621,6.1595487910946,0.82700002193450906,636.888916015625,0.48803237080574
33.25,40.75,1.59784376621246,2.53629732131958,2.24483570893643,8.43886470794678,13.3833467960358,0.694637419655919,0.46865901350975,3.1735299170295,22.8916712999344,5.23776721954346,52.3776721954346,31.9290428161621,6.13442981230376,0.82700002193450906,557.888916015625,0.42507216334343
33.75,40.75,1.38938009738922,0.266124933958054,3.30369891146879,26.2131118774414,27.8944104909897,2.32787895947695,0.734419286251068,3.00124613204033,19.1105817556381,4.80529260635376,48.0529260635376,31.9290428161621,6.05506132455198,0.82700002193450906,484.222229003906,0.383012861013412
34.25,40.75,1.40008842945099,0.639416515827179,3.2403752252954,24.5433044433594,33.4313929080963,4.23930883407593,0.558791935443878,3.09582338247978,21.1054322719574,4.95734119415283,49.5734119415283,31.9290428161621,6.14585497916336,0.82700002193450906,502,0.385216534137726
34.75,40.75,1.40008842945099,0.639416515827179,4.06720251373999,57.3933792114258,35.6237679719925,11.577333509922,0.688715279102325,3.19372819658822,23.3791484832764,4.80753231048584,48.0753231048584,31.9290428161621,6.4308877170681,0.82700002193450906,499,0.384878516197205
35.25,40.75,1.13836216926575,2.8513400554657,3.99111651820492,53.1152763366699,49.9242633581161,16.8753281235695,0.745285928249359,3.49033944827361,31.7970787286758,5.01800680160522,50.1800680160522,31.9290428161621,6.46929961684625,0.82700002193450906,505.777770996094,0.392580598592758
35.75,40.75,1.13836216926575,2.8513400554657,4.30114289362642,72.7840728759766,56.7466199398041,17.5405979156494,0.732226312160492,3.96772384676947,51.8640670776367,4.8601541519165,48.601541519165,31.9290428161621,6.38786443871857,0.82700002193450906,480.666656494141,0.389021307229996
36.25,40.75,1.13836216926575,2.8513400554657,3.87837269235205,47.3454780578613,34.3348562717438,8.46941024065018,0.645710647106171,3.5694185982873,34.4959497451782,5.30750274658203,53.0750274658203,31.9290428161621,6.25100512186992,0.82700002193450906,530.222229003906,0.433613151311874
36.75,40.75,1.12870109081268,0,4.07785634053772,58.0188179016113,21.6373547911644,9.09260734915733,0.583915650844574,3.54075578369672,33.4929785728455,5.69833946228027,56.9833946228027,31.9290428161621,6.197320114376,0.82700002193450906,586.222229003906,0.494423449039459
37.25,40.75,0.821256160736084,0,4.34227659138664,75.8823699951172,9.35551598668098,1.75319463014603,0.524403035640717,3.54139388567581,33.5149956345558,6.43728351593018,64.3728351593018,31.9290428161621,6.19184630340359,0.828000009059906,677.444458007812,0.589307010173798
37.75,40.75,0.821256160736084,0,4.86906244788735,129.198791503906,4.13982011377811,1.19214365258813,0.453967750072479,3.30047077169054,26.1254057884216,6.55239820480347,65.5239820480347,31.9290428161621,6.23917059345846,0.828000009059906,769.555541992188,0.657216489315033
38.25,40.75,0.821256160736084,0,4.76927361389951,116.833618164062,6.36785849928856,1.10118212178349,0.524195551872253,2.99680388540447,19.0214437246323,6.54003143310547,65.4003143310547,31.9290428161621,6.1560080295135,0.828000009059906,828.888916015625,0.666498959064484
38.75,40.75,0.821256160736084,0,3.98314481435962,52.6856002807617,2.55622379481792,0.634152721613646,0.422586798667908,2.576625962323,12.1526855528355,6.5622091293335,65.622091293335,31.9290428161621,6.35134853941963,0.828000009059906,805.666687011719,0.648353397846222
39.25,40.75,0.821256160736084,0,3.8097640254012,44.1397857666016,4.30555567145348,0.598765444010496,0.374088644981384,3.02358496280334,19.5648840367794,6.2763352394104,62.763352394104,31.9290428161621,6.30501837603023,0.828000009059906,693.111083984375,0.590157747268677
39.75,40.75,0.821256160736084,0,5.26336435264535,192.130157470703,4.72175367176533,1.80724803358316,0.617809534072876,3.22488817974969,24.1507616341114,6.44650268554688,64.4650268554688,31.9290428161621,7.48949450657216,0.828000009059906,763.555541992188,0.609387278556824
-9.75,40.25,NA,NA,NA,NA,NA,NA,NA,NA,NA,NA,NA,NA,NA,NA,NA,NA
-9.25,40.25,NA,NA,NA,NA,NA,NA,NA,NA,NA,NA,NA,NA,NA,NA,NA,NA
-8.75,40.25,2.6079888343811,4.18827772140503,4.7975032328188,120.207412719727,28.2195091247559,10.185944288969,0.724362254142761,3.49377495002437,31.9099469184875,4.70556402206421,47.0556402206421,78.6764907836914,7.03317714162479,0.865000009536743,859.111083984375,0.690254747867584
-8.25,40.25,2.6079888343811,4.18827772140503,4.79394397847953,119.77677154541,8.77220332622528,1.05640385299921,0.457115292549133,3.10162904905481,21.2341423034668,5.43455266952515,54.3455266952515,78.6764907836914,6.78818725732584,0.865000009536743,1114,0.821760177612305
-7.75,40.25,2.6079888343811,4.18827772140503,3.88020775689008,47.4342765808105,8.05798545479774,0.392544735223055,0.389823734760284,3.42350753167851,29.6768264770508,6.04892683029175,60.4892683029175,78.6764907836914,6.46758934967217,0.865000009536743,1311.55554199219,0.895585119724274
-7.25,40.25,2.32632207870483,2.43253564834595,3.32154281297619,26.7030582427979,26.0712176561356,1.36744733899832,0.602223634719849,3.94489934430359,50.6711368560791,4.68111133575439,46.8111133575439,78.6764907836914,6.07272355580307,0.865000009536743,973.444458007812,0.669677793979645
-6.75,40.25,2.44741892814636,2.24281001091003,2.60492203934458,12.5301704406738,18.4171319007874,5.71384243667126,0.700253367424011,4.09770227379484,59.2018013000488,4.86626243591309,48.6626243591309,74.0227508544922,5.76224790434905,0.875999987125397,827.444458007812,0.563975691795349
-6.25,40.25,2.34964203834534,3.3105297088623,3.29762027054282,26.0481948852539,19.7571739554405,7.70419389009476,0.747610330581665,4.25259303605579,69.2874341011047,5.05762338638306,50.5762338638306,74.0227508544922,6.01416878759263,0.875999987125397,756.777770996094,0.52218359708786
-5.75,40.25,2.34964203834534,3.3105297088623,3.40701601724159,29.1750679016113,23.8559365272522,7.52807930111885,0.780458927154541,4.22293643633021,67.2335538864136,5.66915893554688,56.6915893554688,74.0227508544922,6.11654638882658,0.875999987125397,757.333312988281,0.514733374118805
-5.25,40.25,2.31786298751831,3.73533153533936,2.88810017668168,16.9591579437256,12.9385754466057,4.79125790297985,0.821628034114838,4.26171652447542,69.9316349029541,5.28014612197876,52.8014612197876,74.0227508544922,5.82811294897331,0.912000000476837,649.666687011719,0.458074599504471
-4.75,40.25,2.31786298751831,3.73533153533936,3.26030822875387,25.0575675964355,12.3719975352287,1.53602678328753,0.754337906837463,4.18783787460794,64.8801956176758,4.64624309539795,46.4624309539795,74.0227508544922,6.07157044764659,0.875999987125397,442.777770996094,0.31241849064827
-4.25,40.25,2.54904556274414,3.68333101272583,4.43623684667457,83.4565200805664,52.4962902069092,1.08265280723572,0.630134582519531,3.67318716556866,38.3772077560425,3.43596339225769,34.3596339225769,74.0227508544922,6.70680100110509,0.875999987125397,351.666656494141,0.249313980340958
-3.75,40.25,2.62819933891296,5,7.59252826020838,1982.32153320312,53.6332726478577,7.31601715087891,0.682552933692932,3.09938725789915,21.1843538284302,3.09137296676636,30.9137296676636,74.0227508544922,7.96064057826071,0.941999971866608,392.111114501953,0.254642009735107
-3.25,40.25,2.62819933891296,5,5.45497799457859,232.919723510742,71.6168642044067,5.39264120161533,0.65590626001358,2.90660306779263,17.2945475578308,3.18055653572083,31.8055653572083,74.0227508544922,6.9338429260623,0.941999971866608,427.111114501953,0.278782367706299
-2.75,40.25,2.2269971370697,3.04307222366333,2.38534706037944,9.86283206939697,72.0639824867249,1.40043627470732,0.50078147649765,2.9622428051343,18.3413019180298,3.3895540237426798,33.8955402374268,74.0227508544922,5.81814005377535,0.875999987125397,455.666656494141,0.302270948886871
-2.25,40.25,2.2269971370697,3.04307222366333,2.74225986714728,14.5220232009888,48.9567905664444,1.52777777984738,0.542526423931122,3.62780648783423,36.6301837563515,4.04101514816284,40.4101514816284,74.0227508544922,5.48796157011123,0.875999987125397,515.888916015625,0.353067010641098
-1.75,40.25,2.05532479286194,5,2.89531892479788,17.0892696380615,2.01945342123508,0.62992125749588,0.279879510402679,3.86861596441922,46.8760780096054,4.76525497436523,47.6525497436523,74.0227508544922,5.04328945216024,0.875999987125397,576,0.401223003864288
-1.25,40.25,1.68971526622772,2.9043972492218,3.01712037039637,19.4323692321777,25.3171980381012,2.41718888282776,0.706008434295654,3.90978276077409,48.8881131410599,4.13623809814453,41.3623809814453,74.0227508544922,5.3618335986636,0.915000021457672,457.666656494141,0.326646596193314
-0.75,40.25,1.68971526622772,2.9043972492218,1.8789812814526,5.54683208465576,7.71368592977524,0.750370556488633,0.497500777244568,3.68352647168961,38.7864527702332,4.4488844871521,44.488844871521,74.0227508544922,5.46008860295773,0.915000021457672,495.111114501953,0.354428201913834
-0.25,40.25,1.68971526622772,2.9043972492218,4.08716175609132,58.5705757141113,10.0058697164059,0.0463377713458613,0.59812331199646,3.5784370699342,34.8175168037415,4.61450004577637,46.1450004577637,74.0227508544922,6.26523193659619,0.897000014781952,481.666656494141,0.348812460899353
0.25,40.25,1.68971526622772,2.9043972492218,4.73674888484856,113.062767028809,36.41137778759,0.175054708961397,0.767703175544739,NA,NA,4.33517742156982,43.3517742156982,74.0227508544922,6.77730618476295,0.897000014781952,480.125,0.330050706863403
0.75,40.25,NA,NA,5.87388109556779,354.626525878906,0,0,0,NA,NA,NA,NA,NA,NA,NA,NA,NA
1.25,40.25,NA,NA,NA,NA,NA,NA,NA,NA,NA,NA,NA,NA,NA,NA,NA,NA
1.75,40.25,NA,NA,NA,NA,NA,NA,NA,NA,NA,NA,NA,NA,NA,NA,NA,NA
2.25,40.25,NA,NA,NA,NA,NA,NA,NA,NA,NA,NA,NA,NA,NA,NA,NA,NA
2.75,40.25,NA,NA,NA,NA,NA,NA,NA,NA,NA,NA,NA,NA,NA,NA,NA,NA
3.25,40.25,NA,NA,NA,NA,NA,NA,NA,NA,NA,NA,NA,NA,NA,NA,NA,NA
3.75,40.25,NA,NA,5.24639898927006,188.881271362305,39.4622087478638,5.01453503966331,0.69633823633194,NA,NA,4.77418279647827,47.7418279647827,NA,NA,NA,603,NA
4.25,40.25,NA,NA,4.16679804924451,63.5085678100586,32.7156096696854,0.213827518746257,0.700530290603638,NA,NA,5.00085830688477,50.0085830688477,NA,NA,NA,561,NA
4.75,40.25,NA,NA,NA,NA,NA,NA,NA,NA,NA,NA,NA,NA,NA,NA,NA,NA
5.25,40.25,NA,NA,NA,NA,NA,NA,NA,NA,NA,NA,NA,NA,NA,NA,NA,NA
5.75,40.25,NA,NA,NA,NA,NA,NA,NA,NA,NA,NA,NA,NA,NA,NA,NA,NA
6.25,40.25,NA,NA,NA,NA,NA,NA,NA,NA,NA,NA,NA,NA,NA,NA,NA,NA
6.75,40.25,NA,NA,NA,NA,NA,NA,NA,NA,NA,NA,NA,NA,NA,NA,NA,NA
7.25,40.25,NA,NA,NA,NA,NA,NA,NA,NA,NA,NA,NA,NA,NA,NA,NA,NA
7.75,40.25,NA,NA,NA,NA,NA,NA,NA,NA,NA,NA,NA,NA,NA,NA,NA,NA
8.25,40.25,NA,NA,3.42571351016434,29.7445735931396,44.6283042430878,0,0.752237260341644,NA,NA,5.68825960159302,56.8825960159302,NA,NA,NA,700.333312988281,NA
8.75,40.25,1.54485487937927,4.11692428588867,3.47456904605305,31.2839126586914,56.978040933609,0.0558243365958333,0.634832620620728,5.7306996453014,307.184813022614,5.85654306411743,58.5654306411743,70.4018936157227,6.47103719140437,0.879000008106232,777.444458007812,0.552981853485107
9.25,40.25,1.54485487937927,4.11692428588867,3.71692226561267,40.1375885009766,45.0994938611984,0,0.707807958126068,5.49672525491437,242.891939163208,5.64122581481934,56.4122581481934,70.4018936157227,6.29685165768455,0.879000008106232,718.777770996094,0.526502132415771
9.75,40.25,NA,NA,3.39275783628446,28.7478790283203,18.4835582971573,0,0.758812189102173,NA,NA,5.20525026321411,52.0525026321411,NA,NA,NA,478.333343505859,NA
10.25,40.25,NA,NA,NA,NA,NA,NA,NA,NA,NA,NA,NA,NA,NA,NA,NA,NA
10.75,40.25,NA,NA,NA,NA,NA,NA,NA,NA,NA,NA,NA,NA,NA,NA,NA,NA
11.25,40.25,NA,NA,NA,NA,NA,NA,NA,NA,NA,NA,NA,NA,NA,NA,NA,NA
11.75,40.25,NA,NA,NA,NA,NA,NA,NA,NA,NA,NA,NA,NA,NA,NA,NA,NA
12.25,40.25,NA,NA,NA,NA,NA,NA,NA,NA,NA,NA,NA,NA,NA,NA,NA,NA
12.75,40.25,NA,NA,NA,NA,NA,NA,NA,NA,NA,NA,NA,NA,NA,NA,NA,NA
13.25,40.25,NA,NA,NA,NA,NA,NA,NA,NA,NA,NA,NA,NA,NA,NA,NA,NA
13.75,40.25,NA,NA,NA,NA,NA,NA,NA,NA,NA,NA,NA,NA,NA,NA,NA,NA
14.25,40.25,NA,NA,NA,NA,NA,NA,NA,NA,NA,NA,NA,NA,NA,NA,NA,NA
14.75,40.25,NA,NA,5.72907989669051,306.68603515625,54.7311067581177,1.90605856478214,0.83559387922287,NA,NA,5.40416049957275,54.0416049957275,NA,NA,NA,954,NA
15.25,40.25,2.1119601726532,5,4.38959517657259,79.607780456543,26.0353922843933,0.0414156616898254,0.713846683502197,3.35255870195191,27.5757570266724,6.08135461807251,60.8135461807251,70.4018936157227,6.65199839785474,0.867999970912933,831.555541992188,0.672052800655365
15.75,40.25,2.1119601726532,5,4.12472693811663,60.8509178161621,25.396466255188,0.139451923314482,0.660851955413818,3.79442310972936,43.4525847434998,6.09681081771851,60.9681081771851,70.4018936157227,6.4207696948976,0.867999970912933,808.555541992188,0.671698451042175
16.25,40.25,2.1119601726532,5,3.33729911775576,27.1430130004883,49.2029041051865,0,0.648804903030396,3.72906480192588,40.6401481628418,4.99600458145142,49.9600458145142,70.4018936157227,6.22580735896981,0.879999995231628,759.222229003906,0.603141188621521
16.75,40.25,2.1119601726532,5,4.24173744799845,68.5285491943359,75.255024433136,0,0.666121780872345,NA,NA,4.1511025428772,41.511025428772,70.4018936157227,NA,0.879999995231628,648.857116699219,NA
17.25,40.25,NA,NA,6.53475561799242,687.665466308594,69.0781533718109,0,0.679451823234558,NA,NA,3.84273815155029,38.4273815155029,NA,NA,NA,550.25,NA
17.75,40.25,NA,NA,5.25139794138392,189.832855224609,71.4314460754395,0,0.605298638343811,NA,NA,3.70695304870605,37.0695304870605,NA,NA,NA,521.142883300781,NA
18.25,40.25,2.37441396713257,5,5.79088907890953,326.303894042969,67.0980751514435,0,0.677466928958893,3.29112583220996,25.873101234436,3.89096641540527,38.9096641540527,70.4018936157227,7.16759080802612,0.869000017642975,582.111083984375,0.399735182523727
18.75,40.25,NA,NA,NA,NA,NA,NA,NA,NA,NA,NA,NA,NA,NA,NA,NA,NA
19.25,40.25,NA,NA,5.87359829990551,354.525970458984,43.8330173492432,0.151802657637745,0.75636088848114,NA,NA,6.19019079208374,61.9019079208374,NA,NA,NA,971.333312988281,NA
19.75,40.25,1.69550836086273,2.09895133972168,3.15510784012453,22.45556640625,53.4491181373596,0.112777715548873,0.671523928642273,5.10819379509313,164.371390342712,6.01489782333374,60.1489782333374,52.2665328979492,6.8034905575792,0.796999990940094,1185.11108398438,0.94257640838623
20.25,40.25,1.69550836086273,2.09895133972168,3.05029373735457,20.1215476989746,40.8460706472397,0.0679326825775206,0.66898787021637,4.84450914372488,126.040907859802,5.92519330978394,59.2519330978394,52.2665328979492,6.56443893505283,0.788999974727631,1240.44445800781,0.998580634593964
20.75,40.25,1.69550836086273,2.09895133972168,2.18924095041426,7.92843341827393,10.1830415427685,1.06182675808668,0.502571761608124,4.28598651144456,71.6742053031921,5.78362607955933,57.8362607955933,62.8060684204102,6.14692309584134,0.878000020980835,971,0.840070486068726
21.25,40.25,2.24708843231201,3.35932159423828,3.10320478657672,21.2692050933838,47.7506190538406,0.346534652635455,0.56964528560638406,4.03537358574281,55.5640478134155,4.37738704681396,43.7738704681396,62.8060684204102,5.7919903740256,0.884999990463257,774.555541992188,0.640783905982971
21.75,40.25,2.24708843231201,3.35932159423828,3.76455018952396,42.1442947387695,43.1490272283554,1.30449812859297,0.762488543987274,4.38096818763907,78.9153690338135,4.37654495239258,43.7654495239258,62.8060684204102,6.35131585280742,0.884999990463257,583.555541992188,0.473989516496658
22.25,40.25,2.14716100692749,5,3.47095080099034,31.1673126220703,33.4831446409225,0.717852683737874,0.719263136386871,4.5859947733172,97.1007266044617,4.80227136611938,48.0227136611938,62.8060684204102,6.49782428099878,0.875999987125397,532.777770996094,0.41956827044487
22.75,40.25,NA,NA,5.30870670667016,201.08869934082,77.1394073963165,11.7199756205082,0.60516220331192,NA,NA,3.63199162483215,36.3199162483215,NA,NA,NA,432.399993896484,NA
23.25,40.25,1.68963158130646,3.28339672088623,4.14236004285679,61.9512138366699,63.1261229515076,0.481745880097151,0.71242618560791,NA,NA,3.62759971618652,36.2759971618652,62.8060684204102,7.13942904357531,0.875999987125397,458.5,NA
23.75,40.25,NA,NA,3.34031171306286,27.2279243469238,15.6159818172455,0.102610141038895,0.617010533809662,NA,NA,4.3239164352417,43.239164352417,62.8060684204102,6.5587069055224,NA,473.777770996094,NA
24.25,40.25,1.68963158130646,3.28339672088623,1.99293814898523,6.33705949783325,2.18041893094778,0.0213766572414897,0.269592463970184,4.00181119581224,53.6971275806427,5.4312047958374,54.312047958374,62.8060684204102,6.36560309980956,0.875999987125397,514,0.359021693468094
24.75,40.25,NA,NA,NA,NA,NA,NA,NA,NA,NA,NA,NA,NA,NA,NA,NA,NA
25.25,40.25,NA,NA,2.76263610673797,14.8415479660034,79.941862821579,0.581395346671343,0.34075802564621,NA,NA,4.17185258865356,41.7185258865356,NA,NA,NA,516,NA
25.75,40.25,NA,NA,2.96242448735189,18.3448162078857,23.8425150513649,0.777289643883705,0.843497335910797,4.97334345283577,143.50924038887,4.69558000564575,46.9558000564575,NA,5.91770640952574,NA,644.666687011719,NA
26.25,40.25,NA,NA,4.32267787049129,74.3902435302734,38.6981278657913,3.13991904258728,0.632791221141815,4.08329380662241,58.3406047821045,4.78439998626709,47.8439998626709,NA,6.21628899693214,NA,625.571411132812,NA
26.75,40.25,1.93097627162933,4.15774297714233,4.27353699133795,70.7750549316406,36.2978041172028,1.82922221720219,0.589796483516693,3.88516755362945,47.6750974655151,5.18330526351929,51.8330526351929,31.9290428161621,6.32486068111747,0.857999980449677,683.111083984375,0.479548990726471
27.25,40.25,1.93097627162933,4.15774297714233,4.06405662128856,57.2099685668945,54.8504292964935,11.6333000361919,0.653085589408875,4.08474476166503,58.4267678260803,5.31098127365112,53.1098127365112,31.9290428161621,6.31540843979173,0.857999980449677,692.888916015625,0.497880458831787
27.75,40.25,1.93097627162933,4.15774297714233,4.59495160397936,97.9833450317383,69.9674129486084,23.8965764641762,0.681707680225372,4.15622054895292,62.8298244476318,5.11857652664185,51.1857652664185,31.9290428161621,6.35637603101952,0.857999980449677,684.888916015625,0.495697975158691
28.25,40.25,1.33073627948761,3.18832278251648,4.58976108818132,97.4709014892578,77.9279470443726,45.5078363418579,0.625523090362549,4.38549944047091,79.2783074378967,4.86064195632935,48.6064195632935,31.9290428161621,6.40496905019461,0.864000022411346,671.333312988281,0.4794020652771
28.75,40.25,1.33073627948761,3.18832278251648,6.05519648293411,425.322662353516,45.3102082014084,4.58624549210072,0.753755986690521,3.94409886049844,50.6297914981842,5.08843374252319,50.8843374252319,31.9290428161621,7.20096276861138,0.864000022411346,628.777770996094,0.459479123353958
29.25,40.25,1.33073627948761,3.18832278251648,6.78964922363121,887.601806640625,33.8016539812088,2.01446283608675,0.718102216720581,3.60293087852054,35.7056567668915,4.98611259460449,49.8611259460449,31.9290428161621,7.40634222784854,0.864000022411346,632.444458007812,0.476034313440323
29.75,40.25,1.39922273159027,3.80378389358521,4.5669454854386,95.2496643066406,44.7462379932404,7.98825472593307,0.736086428165436,3.66501157326971,38.0565881729126,4.54790115356445,45.4790115356445,31.9290428161621,6.72401398925822,0.864000022411346,545.555541992188,0.428465694189072
30.25,40.25,1.51147556304932,0.558552443981171,3.92950517736921,49.8817939758301,20.211124420166,7.60232135653496,0.564259946346283,3.21652133250791,23.9412069320679,4.35378170013428,43.5378170013428,31.9290428161621,6.64057003725601,0.864000022411346,524.111083984375,0.405967324972153
30.75,40.25,1.51147556304932,0.558552443981171,3.04233704556927,19.9541568756104,16.1680534482002,1.77891906350851,0.488062262535095,3.12219881801728,21.6962296962738,4.63982057571411,46.3982057571411,31.9290428161621,6.22736584868314,0.864000022411346,516.111083984375,0.400902777910233
31.25,40.25,1.51147556304932,0.558552443981171,2.45148793535561,10.6056022644043,11.6295091807842,0.510395783931017,0.487054288387299,3.07202890621748,20.5856535434723,4.75112438201904,47.5112438201904,31.9290428161621,6.02027724221153,0.870999991893768,494.777770996094,0.376704156398773
31.75,40.25,1.51147556304932,0.558552443981171,2.66115966734394,13.3128776550293,24.0701958537102,0.869510043412447,0.75912880897522,3.48303779184046,31.5584778785706,4.54487895965576,45.4487895965576,31.9290428161621,5.98292900095502,0.870999991893768,471.444458007812,0.350320518016815
32.25,40.25,1.72090899944305,1.95568680763245,4.03325467753986,55.4443206787109,34.6364706754684,1.75378490239382,0.660055100917816,3.811150440539,44.2024116516113,4.83218193054199,48.3218193054199,31.9290428161621,6.30909340864069,0.870999991893768,484.111114501953,0.352464437484741
32.75,40.25,1.74396336078644,4.03048086166382,6.36557643900407,580.479919433594,40.2315944433212,1.64406467229128,0.692383766174316,3.74109680734943,41.1441888809204,4.9671049118042,49.671049118042,31.9290428161621,7.33233599331082,0.870999991893768,490.888885498047,0.353792518377304
33.25,40.25,1.38938009738922,0.266124933958054,4.1901673983857,65.0338439941406,37.8819823265076,3.1891155987978,0.686051666736603,3.68077255318522,38.6770348548889,4.84316730499268,48.4316730499268,31.9290428161621,6.6149370736579,0.870999991893768,464.555541992188,0.329172879457474
33.75,40.25,1.27065646648407,3.74358201026917,3.06422720309526,20.4179039001465,61.4088177680969,9.24188196659088,0.699411928653717,3.13522681966055,21.9938507080078,4.30993032455444,43.0993032455444,31.9290428161621,6.02186948371087,0.833999991416931,418.555541992188,0.2911077439785
34.25,40.25,1.46129107475281,4.14148569107056,2.88262319914052,16.8610649108887,66.7328596115112,8.26248824596405,0.586212933063507,3.08822041631733,20.938002705574,4.34510564804077,43.4510564804077,31.9290428161621,5.89193459246963,0.82700002193450906,434,0.304771393537521
34.75,40.25,1.13836216926575,2.8513400554657,4.16527037881953,63.4100952148438,54.4422030448914,19.7145074605942,0.714806973934174,2.98935761739433,18.8729123771191,4.87262964248657,48.7262964248657,31.9290428161621,6.44616246848782,0.82700002193450906,483.666656494141,0.348822981119156
35.25,40.25,1.13836216926575,2.8513400554657,3.52973666037368,33.1149826049805,44.2372411489487,12.7543300390244,0.721095263957977,3.4263181953708,29.763170003891,4.82594537734985,48.2594537734985,31.9290428161621,6.33061112197715,0.82700002193450906,472.888885498047,0.34574630856514
35.75,40.25,1.13836216926575,2.8513400554657,3.2965475599438,26.0191955566406,50.513082742691,19.0449461340904,0.712417960166931,3.73404379075776,40.8479909896851,4.71445083618164,47.1445083618164,31.9290428161621,6.29444529369344,0.82700002193450906,449.888885498047,0.331238448619843
36.25,40.25,1.13836216926575,2.8513400554657,4.02671852951379,55.0765953063965,42.198657989502,28.9362221956253,0.726572096347809,3.56757555541652,34.4305894374847,4.85516262054443,48.5516262054443,31.9290428161621,6.30091603184572,0.82700002193450906,451.555541992188,0.341831713914871
36.75,40.25,1.13836216926575,2.8513400554657,4.27771662210491,71.0756759643555,17.3171266913414,8.80229994654655,0.743822932243347,3.11691188267771,21.5765528380871,5.36568689346313,53.6568689346313,31.9290428161621,6.00643869536193,0.82700002193450906,488.777770996094,0.37974950671196
37.25,40.25,1.13836216926575,2.8513400554657,2.90208804270338,17.2121334075928,7.3022373020649,0.996182858943939,0.590223491191864,2.95465062456804,18.1950152814388,5.62752437591553,56.2752437591553,31.9290428161621,5.93970309987685,0.82700002193450906,545.333312988281,0.432154417037964
37.75,40.25,1.15732288360596,1.18572700023651,2.01169059592269,6.47594547271729,4.76896017789841,0.228416221216321,0.525003492832184,2.70687849425501,13.9824346899986,5.65139102935791,56.5139102935791,31.9290428161621,5.98981095900476,0.833999991416931,579.222229003906,0.4594586789608
38.25,40.25,1.15732288360596,1.18572700023651,2.48837335935085,11.041672706604,21.0984408855438,8.19224268198013,0.753245115280151,2.9189896803219,17.522564291954,5.61103105545044,56.1103105545044,31.9290428161621,5.97466971333446,0.828000009059906,588,0.458491951227188
38.75,40.25,1.3422384262085,0.984279453754425,1.92978416091538,5.88802337646484,5.50089739263058,2.78757493942976,0.500472247600555,2.37240084385063,9.72310590744019,5.58144903182983,55.8144903182983,31.9290428161621,6.00049817518818,0.828000009059906,577.333312988281,0.450106620788574
39.25,40.25,1.41734659671783,3.25953364372253,2.7158042050454,14.1167621612549,9.35242921113968,4.74103353917599,0.561672031879425,2.68571525445366,13.6686894744635,5.58415746688843,55.8415746688843,31.9290428161621,5.87171831626572,0.828000009059906,561.222229003906,0.436668217182159
39.75,40.25,1.41734659671783,3.25953364372253,2.66111862210835,13.3122901916504,20.1951280236244,12.9889771342278,0.626775622367859,2.85789039843053,16.4247289001942,5.50083112716675,55.0083112716675,31.9290428161621,5.89620007396173,0.828000009059906,538.111083984375,0.433092474937439
-9.75,39.75,NA,NA,NA,NA,NA,NA,NA,NA,NA,NA,NA,NA,NA,NA,NA,NA
-9.25,39.75,NA,NA,4.7844782371066,118.63892364502,29.8687487840652,6.13692812621593,0.648252248764038,NA,NA,5.14064693450928,51.4064693450928,NA,NA,NA,705.5,NA
-8.75,39.75,2.6079888343811,4.18827772140503,5.00211049494824,147.726715087891,22.8934466838837,2.24507991224527,0.697047710418701,3.34107175071666,27.2493867874146,5.24553442001343,52.4553442001343,78.6764907836914,6.82037031925752,0.865000009536743,809.777770996094,0.590841174125671
-8.25,39.75,2.32632207870483,2.43253564834595,3.88800729343435,47.8135185241699,11.1617811024189,0.283054471947253,0.401540040969849,2.96984499656589,18.4888985157013,5.16956615447998,51.6956615447998,78.6764907836914,6.35288881524814,0.865000009536743,894.888916015625,0.611318290233612
-7.75,39.75,2.48941278457642,0,2.95174756792874,18.1393718719482,6.08200579881668,0.174216029699892,0.411268889904022,3.507941822181,32.3794960975647,4.78428220748901,47.8428220748901,78.6764907836914,6.129137636773,0.865000009536743,875.555541992188,0.561366379261017
-7.25,39.75,2.48941278457642,0,2.96271944727566,18.3505229949951,19.0707519650459,3.15769799053669,0.705452799797058,4.24027829344091,68.4271702766418,4.51841688156128,45.1841688156128,78.6764907836914,5.63053743323069,0.865000009536743,711.333312988281,0.444604724645615
-6.75,39.75,2.59073686599731,0,2.5926401887383,12.36501121521,6.69809505343437,2.14199833571911,0.60520076751709,4.46276144649993,85.7266697883606,4.19385099411011,41.9385099411011,74.0227508544922,5.46839706539068,0.875999987125397,616.111083984375,0.377559214830399
-6.25,39.75,2.59073686599731,0,3.24355489053945,24.6246528625488,15.0912627577782,8.23872536420822,0.709935486316681,4.7427993762655,113.754994869232,4.11760091781616,41.1760091781616,74.0227508544922,5.85461029195026,0.875999987125397,552.888916015625,0.343505084514618
-5.75,39.75,2.54904556274414,3.68333101272583,2.85342145700954,16.3470325469971,18.1894958019257,7.28205442428589,0.663782715797424,4.7635862090462,116.16535282135,4.0545015335083,40.545015335083,74.0227508544922,5.82745120462743,0.875999987125397,497.444458007812,0.329379081726074
-5.25,39.75,2.54904556274414,3.68333101272583,2.76108877234826,14.8170547485352,30.9241414070129,3.27286571264267,0.745039165019989,4.53391053031802,92.1220064163208,3.8844792842865,38.844792842865,74.0227508544922,5.62336265120571,0.875999987125397,448.111114501953,0.290767729282379
-4.75,39.75,2.54904556274414,3.68333101272583,4.11647152628349,60.342414855957,42.2443479299545,8.02704617381096,0.847314774990082,4.2097802331333,66.3417387008667,3.78356885910034,37.8356885910034,74.0227508544922,5.63970272413535,0.875999987125397,413.888885498047,0.264762490987778
-4.25,39.75,2.54904556274414,3.68333101272583,4.29959687858023,72.6700897216797,62.8462553024292,4.86459694802761,0.735549449920654,4.22059442941966,67.0739374160767,3.28904962539673,32.8904962539673,74.0227508544922,5.86434608902622,0.875999987125397,399.888885498047,0.255418568849564
-3.75,39.75,2.54904556274414,3.68333101272583,4.39146963319655,79.7590179443359,79.0281653404236,5.5153202265501,0.677427351474762,3.68804044104704,38.9664535522461,2.96303105354309,29.6303105354309,74.0227508544922,6.20919337980754,0.875999987125397,398,0.253437727689743
-3.25,39.75,2.13727688789368,5,3.70838825045809,39.788013458252,93.0169999599457,0.958268903195858,0.456479519605637,3.26325302018129,25.1344147920609,2.92906451225281,29.2906451225281,74.0227508544922,5.92606302348253,0.875999987125397,420.666656494141,0.263584464788437
-2.75,39.75,2.67467665672302,5,2.69765419650871,13.8448677062988,90.4908895492554,0.568076549097896,0.375699877738953,3.44482277026915,30.3377289772034,3.08689570426941,30.8689570426941,74.0227508544922,5.83410653252016,0.875999987125397,455.222229003906,0.2856784760952
-2.25,39.75,2.05532479286194,5,2.1772056333103,7.82162094116211,71.9059646129608,0.829914771020412,0.43213215470314,3.66540417646992,38.0719249248505,3.34630870819092,33.4630870819092,74.0227508544922,5.70934437117206,0.875999987125397,471.111114501953,0.300760954618454
-1.75,39.75,2.05532479286194,5,2.14634983048512,7.55357933044434,24.6115118265152,0.749005470424891,0.538961887359619,3.69609573632311,39.2896952927113,3.73407769203186,37.3407769203186,74.0227508544922,5.09586986054168,0.875999987125397,448.888885498047,0.297578036785126
-1.25,39.75,2.05532479286194,5,2.78037506179714,15.1250677108765,28.8816690444946,0.745552964508533,0.635811507701874,3.11457172679331,21.5237819552422,3.90608835220337,39.0608835220337,74.0227508544922,5.32466095629796,0.897000014781952,412,0.280514925718307
-0.75,39.75,1.68971526622772,2.9043972492218,4.40393641834783,80.7721252441406,24.524162709713,0.105055002495646,0.705415904521942,3.03756760564004,19.8544552326202,4.06312894821167,40.6312894821167,74.0227508544922,6.5126014504619,0.897000014781952,412.888885498047,0.280942112207413
-0.25,39.75,1.68971526622772,2.9043972492218,6.36572159534048,580.564331054688,37.9814147949219,0.415512453764677,0.716576039791107,3.08598321177085,20.888977766037,4.37869691848755,43.7869691848755,74.0227508544922,7.5284506141263,0.897000014781952,426.375,0.281740427017212
0.25,39.75,NA,NA,7.5200600038513,1843.67797851562,44.0789461135864,0,0.437457829713821,NA,NA,4.27233982086182,42.7233982086182,NA,NA,NA,441,NA
0.75,39.75,NA,NA,NA,NA,NA,NA,NA,NA,NA,NA,NA,NA,NA,NA,NA,NA
1.25,39.75,NA,NA,NA,NA,NA,NA,NA,NA,NA,NA,NA,NA,NA,NA,NA,NA
1.75,39.75,NA,NA,NA,NA,NA,NA,NA,NA,NA,NA,NA,NA,NA,NA,NA,NA
2.25,39.75,NA,NA,5.49697878574382,242.95378112793,9.27591100335121,0.804543308913708,0.63654363155365,NA,NA,5.22015190124512,52.2015190124512,NA,NA,NA,482.333343505859,NA
2.75,39.75,2.15416193008423,5,6.22470870950113,504.075897216797,30.0150036811829,3.54943871498108,0.722272276878357,4.40323575894025,80.7148509025574,5.05385828018188,50.5385828018188,74.0227508544922,7.45688160429134,0.879000008106232,600.25,0.426352947950363
3.25,39.75,NA,NA,5.10766112372723,164.283325195312,53.3677816390991,5.45288771390915,0.694678783416748,4.61027325538494,99.5116112232208,4.58200168609619,45.8200168609619,74.0227508544922,7.44989403411026,NA,686.5,NA
3.75,39.75,NA,NA,5.18588497134756,177.731552124023,41.4974629878998,7.10659921169281,0.676242887973785,NA,NA,4.85546064376831,48.5546064376831,NA,NA,NA,594,NA
4.25,39.75,NA,NA,5.3223011991689,203.854751586914,32.001581788063,0.791139248758554,0.647867023944855,NA,NA,4.85478734970093,48.5478734970093,NA,NA,NA,563.666687011719,NA
4.75,39.75,NA,NA,NA,NA,NA,NA,NA,NA,NA,NA,NA,NA,NA,NA,NA,NA
5.25,39.75,NA,NA,NA,NA,NA,NA,NA,NA,NA,NA,NA,NA,NA,NA,NA,NA
5.75,39.75,NA,NA,NA,NA,NA,NA,NA,NA,NA,NA,NA,NA,NA,NA,NA,NA
6.25,39.75,NA,NA,NA,NA,NA,NA,NA,NA,NA,NA,NA,NA,NA,NA,NA,NA
6.75,39.75,NA,NA,NA,NA,NA,NA,NA,NA,NA,NA,NA,NA,NA,NA,NA,NA
7.25,39.75,NA,NA,NA,NA,NA,NA,NA,NA,NA,NA,NA,NA,NA,NA,NA,NA
7.75,39.75,NA,NA,NA,NA,NA,NA,NA,NA,NA,NA,NA,NA,NA,NA,NA,NA
8.25,39.75,NA,NA,1.07213234446253,1.92160272598267,42.7866369485855,0,0.655464172363281,NA,NA,4.37228441238403,43.7228441238403,NA,NA,NA,565.5,NA
8.75,39.75,1.54485487937927,4.11692428588867,4.30161419064939,72.8188552856445,70.9319174289703,1.70610006898642,0.567112147808075,5.41762958299044,224.34432888031,4.32522916793823,43.2522916793823,70.4018936157227,6.53893067144931,0.879000008106232,574.666687011719,0.417391866445541
9.25,39.75,1.54485487937927,4.11692428588867,3.1791711506305,23.0268306732178,31.2674224376678,0,0.742229163646698,5.00069997053099,147.517080307007,5.27816486358643,52.7816486358643,70.4018936157227,6.15131762627238,0.879000008106232,626.555541992188,0.442552387714386
9.75,39.75,NA,NA,4.10342869506261,59.5475311279297,24.4752034544945,0,0.729498863220215,NA,NA,4.98306512832642,49.8306512832642,NA,NA,NA,367.200012207031,NA
10.25,39.75,NA,NA,NA,NA,NA,NA,NA,NA,NA,NA,NA,NA,NA,NA,NA,NA
10.75,39.75,NA,NA,NA,NA,NA,NA,NA,NA,NA,NA,NA,NA,NA,NA,NA,NA
11.25,39.75,NA,NA,NA,NA,NA,NA,NA,NA,NA,NA,NA,NA,NA,NA,NA,NA
11.75,39.75,NA,NA,NA,NA,NA,NA,NA,NA,NA,NA,NA,NA,NA,NA,NA,NA
12.25,39.75,NA,NA,NA,NA,NA,NA,NA,NA,NA,NA,NA,NA,NA,NA,NA,NA
12.75,39.75,NA,NA,NA,NA,NA,NA,NA,NA,NA,NA,NA,NA,NA,NA,NA,NA
13.25,39.75,NA,NA,NA,NA,NA,NA,NA,NA,NA,NA,NA,NA,NA,NA,NA,NA
13.75,39.75,NA,NA,NA,NA,NA,NA,NA,NA,NA,NA,NA,NA,NA,NA,NA,NA
14.25,39.75,NA,NA,NA,NA,NA,NA,NA,NA,NA,NA,NA,NA,NA,NA,NA,NA
14.75,39.75,NA,NA,NA,NA,NA,NA,NA,NA,NA,NA,NA,NA,NA,NA,NA,NA
15.25,39.75,NA,NA,NA,NA,NA,NA,NA,NA,NA,NA,NA,NA,NA,NA,NA,NA
15.75,39.75,NA,NA,4.76563942796247,116.40616607666,7.96654224395752,0,0.608930885791779,NA,NA,6.71049022674561,67.1049022674561,NA,6.73935504608085,NA,921.200012207031,NA
16.25,39.75,2.1119601726532,5,4.24359050274367,68.6575088500977,52.0397067070007,0.133395381271839,0.726559460163116,3.3626538162576,27.8656935691833,5.44704389572144,54.4704389572144,70.4018936157227,6.40142768227372,0.859000027179718,864.444458007812,0.689659237861633
16.75,39.75,NA,NA,5.28046525123228,195.46125793457,57.6236069202423,0.0258866173680872,0.714698314666748,NA,NA,4.91046476364136,49.1046476364136,NA,NA,NA,725.200012207031,NA
17.25,39.75,NA,NA,NA,NA,NA,NA,NA,NA,NA,NA,NA,NA,NA,NA,NA,NA
17.75,39.75,NA,NA,NA,NA,NA,NA,NA,NA,NA,NA,NA,NA,NA,NA,NA,NA
18.25,39.75,NA,NA,5.65791576739431,285.55078125,72.6210355758667,0,0.58292543888092,NA,NA,4.16394233703613,41.6394233703613,NA,NA,NA,566.599975585938,NA
18.75,39.75,NA,NA,NA,NA,NA,NA,NA,NA,NA,NA,NA,NA,NA,NA,NA,NA
19.25,39.75,NA,NA,NA,NA,NA,NA,NA,NA,NA,NA,NA,NA,NA,NA,NA,NA
19.75,39.75,1.4219388961792,4.52692699432373,5.24277020277537,188.193481445312,41.4357364177704,0,0.699881792068481,4.39851869182266,80.330304145813,6.31637716293335,63.1637716293335,62.8060684204102,7.26915275779168,0.871999979019165,1133.42858886719,0.884702026844025
20.25,39.75,1.4219388961792,4.52692699432373,3.58667717770779,35.1138763427734,50.8805096149445,2.38842144608498,0.66975873708725,4.90875598109867,134.470781326294,6.09995603561401,60.9995603561401,52.2665328979492,6.80547263628481,0.796999990940094,1232.11108398438,0.938689470291138
20.75,39.75,1.4219388961792,4.52692699432373,4.21800650533805,66.8979949951172,21.9387590885162,3.10874376446009,0.621371507644653,4.31210740802692,73.5975308418274,5.91190767288208,59.1190767288208,62.8060684204102,6.34318112795825,0.878000020980835,1028.66662597656,0.838518798351288
21.25,39.75,1.94900321960449,5,2.06426359171827,6.87949323654175,7.02411532402039,0.136210257187486,0.51185154914856,4.17956816705992,64.3376321792603,5.48885107040405,54.8885107040405,62.8060684204102,5.89818464589597,0.879999995231628,873.555541992188,0.729368388652802
21.75,39.75,1.94900321960449,5,3.9497472380847,50.9222412109375,53.7993848323822,15.095679461956,0.773744165897369,4.75249758801267,114.873327255249,4.24521350860596,42.4521350860596,62.8060684204102,6.3364479980333,0.879999995231628,671.333312988281,0.510112106800079
22.25,39.75,1.94900321960449,5,4.54772259423902,93.4171371459961,57.879626750946,22.092592716217,0.772509157657623,5.1754537014727,175.876845359802,3.83257126808167,38.3257126808167,62.8060684204102,6.55440670571283,0.879999995231628,508.444458007812,0.393959134817123
22.75,39.75,1.94900321960449,5,3.19831120078323,23.4911346435547,39.9492502212524,21.1672440171242,0.800449848175049,5.01801252073231,150.110675811768,4.20064210891724,42.0064210891724,62.8060684204102,6.72758046413948,0.879999995231628,468.875,0.359151870012283
23.25,39.75,NA,NA,3.17232702057022,22.8629493713379,22.4999994039536,0,0.694621324539185,NA,NA,4.49929046630859,44.9929046630859,NA,NA,NA,469.5,NA
23.75,39.75,NA,NA,3.55862680789274,34.1149444580078,6.08814172446728,0,0.523948192596436,NA,NA,4.15721654891968,41.5721654891968,NA,NA,NA,454.666656494141,NA
24.25,39.75,NA,NA,NA,NA,NA,NA,NA,NA,NA,NA,NA,NA,NA,NA,NA,NA
24.75,39.75,NA,NA,NA,NA,NA,NA,NA,NA,NA,NA,NA,NA,NA,NA,NA,NA
25.25,39.75,NA,NA,3.58979061974874,35.226490020752,71.2480485439301,1.26365050673485,0.391964882612228,NA,NA,4.19462442398071,41.9462442398071,NA,NA,NA,492.714294433594,NA
25.75,39.75,NA,NA,NA,NA,NA,NA,NA,NA,NA,NA,NA,NA,NA,NA,NA,NA
26.25,39.75,1.93097627162933,4.15774297714233,4.17671164913932,64.1512603759766,60.7717156410217,3.68182808160782,0.762905240058899,4.51096890060111,90.009955406189,4.63396549224854,46.3396549224854,31.9290428161621,6.30775485128186,0.857999980449677,607.444458007812,0.405980408191681
26.75,39.75,1.93097627162933,4.15774297714233,4.27874624893291,71.1499252319336,26.0878592729568,1.54494866728783,0.591755330562592,3.75756107893411,41.8438057899475,5.43339395523071,54.3339395523071,31.9290428161621,6.40302119184347,0.857999980449677,702.111083984375,0.469830006361008
27.25,39.75,1.93097627162933,4.15774297714233,4.09158616845407,58.8347244262695,32.5567007064819,3.70370373129845,0.632133662700653,3.9959944420631,53.3798913955688,5.60660314559937,56.0660314559937,31.9290428161621,6.17530282114659,0.857999980449677,727.444458007812,0.495268583297729
27.75,39.75,1.33073627948761,3.18832278251648,4.91025300774297,134.673736572266,65.4357969760895,5.42159378528595,0.56110018491745,4.36613776587354,77.7389354705811,5.23397207260132,52.3397207260132,31.9290428161621,6.62720841618158,0.857999980449677,689,0.471226364374161
28.25,39.75,1.33073627948761,3.18832278251648,4.05185447239049,56.5039978027344,45.2154576778412,6.76935389637947,0.637071251869202,4.43327289184384,83.2065653800964,5.23107528686523,52.3107528686523,31.9290428161621,6.49167065895473,0.857999980449677,648.555541992188,0.453363388776779
28.75,39.75,1.33073627948761,3.18832278251648,3.45409672425102,30.6297054290771,16.0167947411537,1.98820661753416,0.507948458194733,3.95259896138261,51.070520401001,5.0589165687561,50.589165687561,31.9290428161621,6.3127831558058,0.864000022411346,646,0.470043778419495
29.25,39.75,1.33073627948761,3.18832278251648,3.7870917844307,43.1278800964355,11.641975492239,0.913580227643251,0.486857563257217,3.38782651886677,28.6015439033508,5.10946035385132,51.0946035385132,31.9290428161621,6.38821154622962,0.864000022411346,673.555541992188,0.493947774171829
29.75,39.75,1.33073627948761,3.18832278251648,4.53379355956302,92.1111145019531,18.8540533185005,1.19845559820533,0.508540749549866,3.43475357260939,30.0237665176392,5.07363939285278,50.7363939285278,31.9290428161621,6.3365255875874,0.864000022411346,606.666687011719,0.451318949460983
30.25,39.75,1.53297793865204,4.7741060256958,4.95385016621752,140.71955871582,29.7384202480316,7.57897347211838,0.748841345310211,3.75322203931523,41.6583075523376,4.73103475570679,47.3103475570679,31.9290428161621,6.68960169843597,0.864000022411346,493.333343505859,0.370821237564087
30.75,39.75,1.53297793865204,4.7741060256958,5.17684415424494,176.122955322266,60.5030834674835,16.7191356420517,0.727639496326447,3.88377040068248,47.6071383953094,4.47258424758911,44.7258424758911,31.9290428161621,6.59964028298297,0.864000022411346,440.444458007812,0.324439525604248
31.25,39.75,1.53297793865204,4.7741060256958,2.3063050293047,9.03726863861084,51.1327147483826,5.75617291033268,0.691325604915619,3.64925120463044,37.4458671808243,4.33229112625122,43.3229112625122,31.9290428161621,5.92587452933112,0.864000022411346,431,0.303373992443085
31.75,39.75,1.67978119850159,0,2.51085795577191,11.3154916763306,58.9472055435181,10.7903674244881,0.723696947097778,3.5935677403829,35.3635805845261,4.10920286178589,41.0920286178589,31.9290428161621,5.75838678953594,0.864000022411346,400.888885498047,0.272924870252609
32.25,39.75,1.74396336078644,4.03048086166382,4.96910881598494,142.898590087891,80.5124223232269,7.74193555116653,0.475463449954987,3.84341788233876,45.6847651004791,4.14360761642456,41.4360761642456,31.9290428161621,6.34606811810828,0.870999991893768,386.666656494141,0.26262965798378
32.75,39.75,1.74396336078644,4.03048086166382,7.22018263151119,1365.73864746094,60.6163024902344,3.07840164750814,0.59219354391098,4.15626427997855,62.832615852356,4.50548648834229,45.0548648834229,31.9290428161621,7.73542823065528,0.870999991893768,397.777770996094,0.271994590759277
33.25,39.75,1.27065646648407,3.74358201026917,5.58660220834767,265.827453613281,57.3575139045715,4.71316576004028,0.689850687980652,3.75813055520892,41.8682112693787,4.22882843017578,42.2882843017578,31.9290428161621,6.76494844072041,0.870999991893768,404.555541992188,0.277011513710022
33.75,39.75,1.46129107475281,4.14148569107056,4.02820305886106,55.1599044799805,73.5191404819489,18.7807068228722,0.636680424213409,3.33648180899034,27.120020866394,4.21053981781006,42.1053981781006,31.9290428161621,6.41483959944122,0.833999991416931,420.111114501953,0.284001857042313
34.25,39.75,1.46129107475281,4.14148569107056,2.97581175562673,18.6055316925049,64.5466029644012,8.50906148552895,0.646010100841522,3.61530648582682,36.1627340316772,4.27322578430176,42.7322578430176,31.9290428161621,6.08153690959748,0.833999991416931,414.444458007812,0.281106919050217
34.75,39.75,1.46129107475281,4.14148569107056,3.53417428149298,33.2667083740234,59.5443189144135,5.75159750878811,0.646681249141693,3.34491683368533,27.3582171201706,4.75608730316162,47.5608730316162,31.9290428161621,6.23300497210162,0.833999991416931,471.111114501953,0.317087084054947
35.25,39.75,1.46129107475281,4.14148569107056,3.60081730441969,35.6281585693359,67.5038158893585,12.2020378708839,0.647124111652374,3.36958919789819,28.0665839910507,4.86086130142212,48.6086130142212,31.9290428161621,6.2414299688291,0.833999991416931,457,0.319618165493011
35.75,39.75,1.13836216926575,2.8513400554657,3.38397036453373,28.4876155853271,30.4834455251694,5.42515143752098,0.726256310939789,3.38572516257304,28.5394058227539,4.82498073577881,48.2498073577881,31.9290428161621,6.0677435138693,0.833999991416931,432.222229003906,0.315530061721802
36.25,39.75,1.13836216926575,2.8513400554657,2.89764487965213,17.1313934326172,20.4223394393921,6.59751147031784,0.724671363830566,3.18849602482294,23.2519257068634,5.09266805648804,50.9266805648804,31.9290428161621,5.93523144679007,0.833999991416931,437.555541992188,0.32161283493042
36.75,39.75,1.27065646648407,3.74358201026917,4.39642218406218,80.1599731445312,34.0962439775467,12.9725724458694,0.782512009143829,3.08250856081965,20.8130531907082,5.16788673400879,51.6788673400879,31.9290428161621,6.19868847182793,0.833999991416931,431.666656494141,0.31897434592247
37.25,39.75,1.27065646648407,3.74358201026917,4.30501893107212,73.0706176757812,28.5391509532928,14.13803845644,0.831549346446991,2.84261949226034,16.1606589257717,5.26438665390015,52.6438665390015,31.9290428161621,6.1726908133315,0.833999991416931,459.777770996094,0.344552248716354
37.75,39.75,1.27065646648407,3.74358201026917,1.84899809445738,5.35345077514648,12.3757012188435,6.26064836978912,0.713410675525665,2.20814789564371,8.09884876012802,5.60521268844604,56.0521268844604,31.9290428161621,5.93299141586138,0.833999991416931,501.777770996094,0.366636157035828
38.25,39.75,1.33781671524048,0,1.69429521956192,4.44280862808228,6.22877962887287,0.780912395566702,0.674832105636597,2.4671565264063,10.7888777852058,5.76097917556763,57.6097917556763,31.9290428161621,5.92291285701632,0.833999991416931,538.888916015625,0.377894073724747
38.75,39.75,1.33781671524048,0,1.56857527665437,3.79980492591858,5.46055063605309,1.34893199428916,0.593385934829712,2.6695657684306,13.4337002635002,5.65274620056152,56.5274620056152,31.9290428161621,5.89119486178419,0.809000015258789,579.666687011719,0.407829195261002
39.25,39.75,1.33781671524048,0,3.53053171153808,33.1421165466309,10.6871642172337,5.47323562204838,0.791380882263184,3.53454010083437,33.2792460918427,5.74194812774658,57.4194812774658,31.9290428161621,5.99521711046385,0.809000015258789,610,0.436409085988998
39.75,39.75,1.33781671524048,0,3.34733671551122,27.4269237518311,21.5313374996185,14.4736036658287,0.821667671203613,3.738670329264,41.0420508980751,6.08716869354248,60.8716869354248,31.9290428161621,6.06388463427252,0.809000015258789,646.444458007812,0.471195340156555
-9.75,39.25,NA,NA,NA,NA,NA,NA,NA,NA,NA,NA,NA,NA,NA,NA,NA,NA
-9.25,39.25,2.6079888343811,4.18827772140503,5.18337742292375,177.283935546875,65.6599819660187,1.21990218758583,0.723256468772888,3.6634972465865,37.9974884986877,5.04755878448486,50.4755878448486,78.6764907836914,7.13091474813841,0.907000005245209,665.333312988281,0.514194130897522
-8.75,39.25,2.65025210380554,1.23426604270935,4.69305079618938,108.185775756836,63.5579705238342,18.1647762656212,0.777033984661102,3.49642710279653,31.9973449707031,4.56883144378662,45.6883144378662,78.6764907836914,6.58360497136288,0.865000009536743,707.888916015625,0.49839323759079
-8.25,39.25,2.65025210380554,1.23426604270935,3.70460184100113,39.6338653564453,23.1391340494156,6.92712068557739,0.446283221244812,3.50309265652773,32.2180252075195,4.84538555145264,48.4538555145264,78.6764907836914,5.94320531267964,0.865000009536743,709.222229003906,0.460529297590256
-7.75,39.25,2.58901834487915,4.71523761749268,2.39394655780879,9.95664978027344,33.5869550704956,2.24534161388874,0.619883358478546,4.30087970180724,72.7646560668945,4.14612054824829,41.4612054824829,78.6764907836914,5.88305798120158,0.850000023841858,684.444458007812,0.422441631555557
-7.25,39.25,3.30104041099548,2.2855212688446,3.18326540803423,23.1254043579102,26.4800131320953,0.634624343365431,0.604706227779388,4.46591357212216,86.0004744529724,4.52245044708252,45.2245044708252,78.6764907836914,5.81789568069566,0.850000023841858,648.888916015625,0.38230973482132
-6.75,39.25,3.30104041099548,2.2855212688446,3.7688037230957,42.3282012939453,21.9758749008179,0.657384702935815,0.64850240945816,4.47171104384443,86.506322145462,4.21757364273071,42.1757364273071,74.0227508544922,5.55810156553576,0.875999987125397,562.888916015625,0.329360395669937
-6.25,39.25,2.48941278457642,0,3.75170511077324,41.5936470031738,22.2222223877907,4.92621511220932,0.735747218132019,4.76111754951164,115.87646818161,4.02790307998657,40.2790307998657,74.0227508544922,5.80962895619785,0.875999987125397,553.888916015625,0.32432296872139
-5.75,39.25,3.07508730888367,5,3.26095610944063,25.0744552612305,46.0866034030914,24.6095940470695,0.788298845291138,5.00321729229086,147.891416549683,3.95218324661255,39.5218324661255,74.0227508544922,5.75079513070921,0.875999987125397,556.888916015625,0.335218906402588
-5.25,39.25,3.07508730888367,5,2.33830590276633,9.3636646270752,22.824439406395,3.0436884611845,0.7935950756073,4.9076809650032,134.325226306915,4.05907726287842,40.5907726287842,74.0227508544922,5.35787481182711,0.875999987125397,503.666656494141,0.317869454622269
-4.75,39.25,2.25231266021729,3.72622585296631,1.79517873816702,5.02055072784424,9.59077700972557,0.12352718040347101,0.651470005512238,4.43473513384447,83.329785823822,4.11461305618286,41.1461305618286,74.0227508544922,5.19659284467935,0.875999987125397,458.666656494141,0.296828210353851
-4.25,39.25,2.25231266021729,3.72622585296631,2.72881901325835,14.3147897720337,27.9734164476395,3.6923173815012,0.747535407543182,4.36108537940255,77.3421192169189,3.79516816139221,37.9516816139221,74.0227508544922,5.32926767580412,0.875999987125397,439,0.280167788267136
-3.75,39.25,2.25231266021729,3.72622585296631,3.71112459747735,39.8997764587402,62.6958787441254,3.36053632199764,0.795874893665314,4.27579237704575,70.9371180534363,3.25676512718201,32.5676512718201,74.0227508544922,5.82136601848254,0.875999987125397,416.444458007812,0.259663909673691
-3.25,39.25,2.25231266021729,3.72622585296631,3.84802120546437,45.9001655578613,91.4868652820587,9.842349588871,0.592830836772919,3.74593432750453,41.3485561609268,2.80184006690979,28.0184006690979,74.0227508544922,5.94869404725809,0.875999987125397,404.444458007812,0.247479319572449
-2.75,39.25,2.67467665672302,5,3.78507572484964,43.039005279541,88.9301538467407,2.29628942906857,0.551171183586121,3.61185066070556,36.0345277786255,2.85496497154236,28.5496497154236,74.0227508544922,5.86331710734073,0.875999987125397,428.555541992188,0.258002817630768
-2.25,39.25,2.05532479286194,5,3.44544879174331,30.3573532104492,93.4290111064911,11.1358024179935,0.488621234893799,4.03498553791465,55.5421025156975,2.87081146240234,28.7081146240234,74.0227508544922,5.85259877897644,0.875999987125397,423.222229003906,0.253961384296417
-1.75,39.25,2.05532479286194,5,3.89546741859577,48.1790351867676,88.7777805328369,12.3827159404755,0.653963983058929,3.89084833345005,47.9523968696594,2.82445311546326,28.2445311546326,74.0227508544922,5.71571207081508,0.875999987125397,387.222229003906,0.23987965285778
-1.25,39.25,2.05532479286194,5,2.82793301364769,15.9104709625244,39.5756781101227,0.756616517901421,0.643140256404877,3.22993146220739,24.2779244184494,3.56130719184875,35.6130719184875,74.0227508544922,5.31061411607513,0.875999987125397,386.666656494141,0.249028727412224
-0.75,39.25,2.05532479286194,5,4.7981005907752,120.279838562012,27.5709182024002,0.0403038284275681,0.705954611301422,2.8761686859769,16.7461516857147,4.14528131484985,41.4528131484985,74.0227508544922,6.58272916232141,0.897000014781952,387.222229003906,0.250900149345398
-0.25,39.25,NA,NA,7.30076916794946,1480.43896484375,62.0642900466919,15.1837781071663,0.729188978672028,NA,NA,4.44245958328247,44.4245958328247,NA,7.65765297363323,NA,387.857147216797,NA
0.25,39.25,NA,NA,NA,NA,NA,NA,NA,NA,NA,NA,NA,NA,NA,NA,NA,NA
0.75,39.25,NA,NA,NA,NA,NA,NA,NA,NA,NA,NA,NA,NA,NA,NA,NA,NA
1.25,39.25,NA,NA,4.96155491142591,141.815689086914,10.8054026961327,0.550275156274438,0.512482821941376,NA,NA,4.56963157653809,45.6963157653809,NA,NA,NA,442.5,NA
1.75,39.25,NA,NA,5.16104642914964,173.346801757812,5.95874711871147,0,0.543036758899689,NA,NA,4.73071908950806,47.3071908950806,NA,NA,NA,458,NA
2.25,39.25,NA,NA,6.06768611133942,430.6806640625,20.0000002980232,2.22222227603197,0.669015169143677,NA,NA,4.90675449371338,49.0675449371338,NA,NA,NA,424,NA
2.75,39.25,NA,NA,5.80380583599878,330.559020996094,30.1112949848175,4.4929925352335,0.66436105966568,NA,NA,4.08596563339233,40.8596563339233,NA,NA,NA,487.200012207031,NA
3.25,39.25,NA,NA,4.85753892380853,127.707054138184,45.8625078201294,6.0789305716753,0.691133320331573,NA,NA,4.06789541244507,40.6789541244507,NA,NA,NA,576.25,NA
3.75,39.25,NA,NA,NA,NA,NA,NA,NA,NA,NA,NA,NA,NA,NA,NA,NA,NA
4.25,39.25,NA,NA,NA,NA,NA,NA,NA,NA,NA,NA,NA,NA,NA,NA,NA,NA
4.75,39.25,NA,NA,NA,NA,NA,NA,NA,NA,NA,NA,NA,NA,NA,NA,NA,NA
5.25,39.25,NA,NA,NA,NA,NA,NA,NA,NA,NA,NA,NA,NA,NA,NA,NA,NA
5.75,39.25,NA,NA,NA,NA,NA,NA,NA,NA,NA,NA,NA,NA,NA,NA,NA,NA
6.25,39.25,NA,NA,NA,NA,NA,NA,NA,NA,NA,NA,NA,NA,NA,NA,NA,NA
6.75,39.25,NA,NA,NA,NA,NA,NA,NA,NA,NA,NA,NA,NA,NA,NA,NA,NA
7.25,39.25,NA,NA,NA,NA,NA,NA,NA,NA,NA,NA,NA,NA,NA,NA,NA,NA
7.75,39.25,NA,NA,NA,NA,NA,NA,NA,NA,NA,NA,NA,NA,NA,NA,NA,NA
8.25,39.25,NA,NA,4.70464164526512,109.458694458008,19.9577927589417,0,0.738316595554352,NA,NA,5.00880241394043,50.0880241394043,NA,NA,NA,640.599975585938,NA
8.75,39.25,1.54485487937927,4.11692428588867,4.40688438210793,81.013542175293,45.7228541374207,0,0.70177298784256,5.2341285640166,186.565583705902,5.01731491088867,50.1731491088867,70.4018936157227,6.35080955301729,0.879000008106232,615.333312988281,0.402046263217926
9.25,39.25,1.54485487937927,4.11692428588867,5.65576461045296,284.935028076172,35.3979229927063,0,0.762054085731506,NA,NA,4.74465847015381,47.4465847015381,70.4018936157227,6.90305583836107,0.879000008106232,449.25,0.326754450798035
9.75,39.25,NA,NA,3.95996165737784,51.4553146362305,33.3617389202118,0.383468251675367,0.746955633163452,NA,NA,4.65100574493408,46.5100574493408,NA,NA,NA,308,NA
10.25,39.25,NA,NA,NA,NA,NA,NA,NA,NA,NA,NA,NA,NA,NA,NA,NA,NA
10.75,39.25,NA,NA,NA,NA,NA,NA,NA,NA,NA,NA,NA,NA,NA,NA,NA,NA
11.25,39.25,NA,NA,NA,NA,NA,NA,NA,NA,NA,NA,NA,NA,NA,NA,NA,NA
11.75,39.25,NA,NA,NA,NA,NA,NA,NA,NA,NA,NA,NA,NA,NA,NA,NA,NA
12.25,39.25,NA,NA,NA,NA,NA,NA,NA,NA,NA,NA,NA,NA,NA,NA,NA,NA
12.75,39.25,NA,NA,NA,NA,NA,NA,NA,NA,NA,NA,NA,NA,NA,NA,NA,NA
13.25,39.25,NA,NA,NA,NA,NA,NA,NA,NA,NA,NA,NA,NA,NA,NA,NA,NA
13.75,39.25,NA,NA,NA,NA,NA,NA,NA,NA,NA,NA,NA,NA,NA,NA,NA,NA
14.25,39.25,NA,NA,NA,NA,NA,NA,NA,NA,NA,NA,NA,NA,NA,NA,NA,NA
14.75,39.25,NA,NA,NA,NA,NA,NA,NA,NA,NA,NA,NA,NA,NA,NA,NA,NA
15.25,39.25,NA,NA,NA,NA,NA,NA,NA,NA,NA,NA,NA,NA,NA,NA,NA,NA
15.75,39.25,NA,NA,5.99098820686934,398.809509277344,4.3668121099472,0,0.66301554441452,NA,NA,6.70152282714844,67.0152282714844,NA,NA,NA,960,NA
16.25,39.25,2.1119601726532,5,5.1122964094852,165.051239013672,24.2004409432411,0.248138955794275,0.595697581768036,3.26331170987954,25.1359486579895,5.91466188430786,59.1466188430786,70.4018936157227,6.70409252224746,0.859000027179718,925.111083984375,0.748175621032715
16.75,39.25,2.1119601726532,5,3.85692368128832,46.3195571899414,34.0804517269135,0,0.59692108631134,3.64678787228708,37.3512787818909,5.68245697021484,56.8245697021484,70.4018936157227,6.47758290363521,0.859000027179718,818.555541992188,0.678377330303192
17.25,39.25,NA,NA,5.28403471628085,196.163772583008,83.2158327102661,0.433839485049248,0.499207854270935,NA,NA,4.29840707778931,42.9840707778931,NA,NA,NA,690.75,NA
17.75,39.25,NA,NA,NA,NA,NA,NA,NA,NA,NA,NA,NA,NA,NA,NA,NA,NA
18.25,39.25,NA,NA,NA,NA,NA,NA,NA,NA,NA,NA,NA,NA,NA,NA,NA,NA
18.75,39.25,NA,NA,NA,NA,NA,NA,NA,NA,NA,NA,NA,NA,NA,NA,NA,NA
19.25,39.25,NA,NA,NA,NA,NA,NA,NA,NA,NA,NA,NA,NA,NA,NA,NA,NA
19.75,39.25,NA,NA,4.65336777029663,103.937797546387,28.6057680845261,0,0.499330461025238,NA,NA,6.27122068405151,62.7122068405151,NA,NA,NA,976,NA
20.25,39.25,NA,NA,3.97037029171297,52.0041542053223,32.4279308319092,0.858424045145512,0.712194621562958,NA,NA,6.02902460098267,60.2902460098267,NA,NA,NA,973.428588867188,NA
20.75,39.25,1.4219388961792,4.52692699432373,3.72486736504393,40.4657325744629,40.4711246490479,10.6880202889442,0.811096549034119,5.10954556818793,164.595086097717,5.8992748260498,58.992748260498,62.8060684204102,6.78713935417165,0.878000020980835,956.777770996094,0.724884390830994
21.25,39.25,1.4219388961792,4.52692699432373,2.98772106709007,18.8404159545898,7.04494714736938,0.124322599731386,0.566492557525635,4.66737898987549,105.418452739716,5.95848417282104,59.5848417282104,62.8060684204102,5.96020267268973,0.878000020980835,898.333312988281,0.710377752780914
21.75,39.25,1.4219388961792,4.52692699432373,3.66733498094222,38.1474380493164,28.1987339258194,19.5835798978806,0.649205029010773,4.37707615643225,78.6049404144287,5.31824636459351,53.1824636459351,62.8060684204102,6.22729919731934,0.879999995231628,787.666687011719,0.602574348449707
22.25,39.25,1.94900321960449,5,3.24911319073127,24.7674789428711,74.9135792255402,42.086419463157704,0.665375292301178,4.86969259944807,129.28086233139,3.75769257545471,37.5769257545471,62.8060684204102,6.21109344537205,0.875999987125397,591.222229003906,0.428027957677841
22.75,39.25,1.4219388961792,4.52692699432373,4.5068440950946,89.6353302001953,49.2161422967911,8.86457413434982,0.752680599689484,4.92522513331025,136.720343589783,4.21053504943848,42.1053504943848,62.8060684204102,6.48446823695893,0.879999995231628,527.888916015625,0.381586879491806
23.25,39.25,1.4219388961792,4.52692699432373,3.8985742097823,48.3320617675781,7.50539973378181,0.0755939516238868,0.554302275180817,4.25723141436287,69.6142110824585,5.29663038253784,52.9663038253784,62.8060684204102,6.62184474840219,0.879999995231628,498.875,0.355763167142868
23.75,39.25,NA,NA,3.64833948886698,37.410831451416,2.44115088135004,0,0.442731976509094,NA,NA,5.62137889862061,56.2137889862061,NA,NA,NA,460.200012207031,NA
24.25,39.25,NA,NA,NA,NA,NA,NA,NA,NA,NA,NA,NA,NA,NA,NA,NA,NA
24.75,39.25,NA,NA,NA,NA,NA,NA,NA,NA,NA,NA,NA,NA,NA,NA,NA,NA
25.25,39.25,NA,NA,NA,NA,NA,NA,NA,NA,NA,NA,NA,NA,NA,NA,NA,NA
25.75,39.25,NA,NA,2.8767644423523002,16.7567272186279,29.7740519046783,0.145772600080818,0.407787680625916,NA,NA,4.17819309234619,41.7819309234619,NA,4.85910054736942,NA,553.5,NA
26.25,39.25,0.924638271331787,5,3.50855720200423,32.4000434875488,31.8525522947311,0.272434111684561,0.769645273685455,5.52319965501612,249.435062408447,5.09126806259155,50.9126806259155,62.8060684204102,5.85124273261991,0.870000004768372,608.888916015625,0.376368016004562
26.75,39.25,1.93097627162933,4.15774297714233,4.98617547046882,145.375534057617,48.3433336019516,3.37203219532967,0.879573345184326,4.33404177922441,75.2518577575684,4.67211484909058,46.7211484909058,31.9290428161621,6.53398461032368,0.857999980449677,656.555541992188,0.412501633167267
27.25,39.25,1.93097627162933,4.15774297714233,4.24406803698976,68.6907806396484,41.756272315979,11.4757135510445,0.804413855075836,3.88736641795142,47.7822451591492,5.15062856674194,51.5062856674194,31.9290428161621,6.36975005574474,0.855000019073486,724.555541992188,0.445567637681961
27.75,39.25,1.93097627162933,4.15774297714233,4.8863036873731,131.463043212891,38.334059715271,3.14967967569828,0.773805797100067,4.02691857558423,55.0878143310547,5.23967838287354,52.3967838287354,31.9290428161621,6.47264614252764,0.855000019073486,694.333312988281,0.437348365783691
28.25,39.25,1.33073627948761,3.18832278251648,3.63845422879394,37.0330009460449,33.3570927381516,3.15163172781467,0.641938269138336,4.09632093375642,59.1186995506287,5.20367431640625,52.0367431640625,31.9290428161621,6.25685872040559,0.857999980449677,687.777770996094,0.447281360626221
28.75,39.25,1.33073627948761,3.18832278251648,3.38095112875701,28.3987197875977,23.2500001788139,3.14814820885658,0.536161243915558,3.75437892513559,41.7076869010925,5.53935575485229,55.3935575485229,31.9290428161621,6.04429744625351,0.855000019073486,752.222229003906,0.503265500068665
29.25,39.25,1.33073627948761,3.18832278251648,3.19878716271043,23.5027942657471,21.9845682382584,2.0833333954215,0.541266858577728,3.68973429607565,39.0342082977295,5.31117630004883,53.1117630004883,31.9290428161621,6.14748518593283,0.855000019073486,719,0.497023075819016
29.75,39.25,1.53297793865204,4.7741060256958,3.7938269148871,43.4260902404785,35.7710748910904,5.01778796315193,0.600687980651855,3.63485367906791,36.8963074684143,4.97916316986084,49.7916316986084,31.9290428161621,6.12545851735832,0.855000019073486,623.555541992188,0.446935713291168
30.25,39.25,1.53297793865204,4.7741060256958,4.31380937855534,73.7246017456055,43.466180562973,6.11860603094101,0.661636471748352,3.78755220011518,43.1482019424438,4.74564361572266,47.4564361572266,31.9290428161621,6.15277989843956,0.855000019073486,531.111083984375,0.381160497665405
30.75,39.25,1.44511699676514,4.68324708938599,2.62295460147505,12.7763671875,40.9356713294983,4.30396981537342,0.667055368423462,3.93818398873352,50.3253092765808,4.5356330871582,45.356330871582,31.9290428161621,6.04385047555464,0.864000022411346,466,0.334968358278275
31.25,39.25,1.44511699676514,4.68324708938599,2.72119508624142,14.1984748840332,88.4444415569305,11.2160496413708,0.395233005285263,4.00474990013656,53.8581026792526,4.28034257888794,42.8034257888794,31.9290428161621,6.01037413660443,0.855000019073486,416.666656494141,0.294481575489044
31.75,39.25,1.44511699676514,4.68324708938599,2.20544464506264,8.07428550720215,80.2753448486328,13.2022470235825,0.506717801094055,3.84296701233324,45.6637210845947,4.13145208358765,41.3145208358765,31.9290428161621,5.68013240416396,0.864000022411346,398,0.268681108951569
32.25,39.25,1.44511699676514,4.68324708938599,3.17396478867333,22.902063369751,87.0680868625641,5.97498826682568,0.338641047477722,3.60631932646679,35.8302429318428,3.96467018127441,39.6467018127441,31.9290428161621,5.71284619420312,0.870999991893768,381.555541992188,0.254567742347717
32.75,39.25,1.45446956157684,4.4140772819519,2.99367518177376,18.9589004516602,78.9339959621429,5.93740306794643,0.465282618999481,3.71832180032745,40.1952022910118,4.34003734588623,43.4003734588623,31.9290428161621,5.98463379066183,0.870999991893768,404.222229003906,0.268333733081818
33.25,39.25,1.27065646648407,3.74358201026917,2.67621965982585,13.5300607681274,84.4658315181732,3.88517379760742,0.36554029583931,3.51576288651391,32.6415828466415,3.99488735198975,39.9488735198975,31.9290428161621,6.00717514262861,0.870999991893768,406.333343505859,0.274822354316711
33.75,39.25,1.27065646648407,3.74358201026917,3.09091525979481,20.9972019195557,78.0434548854828,12.6274853944778,0.518851935863495,3.41469315690959,29.4076176285744,4.47125482559204,44.7125482559204,31.9290428161621,6.19528826715891,0.833999991416931,428.666656494141,0.286914765834808
34.25,39.25,1.46129107475281,4.14148569107056,3.78149708417349,42.8816871643066,78.4246444702148,16.8574005365372,0.534465610980988,3.6652271649353,38.065009355545,4.37522029876709,43.7522029876709,31.9290428161621,6.13018430204194,0.833999991416931,409.111114501953,0.273725539445877
34.75,39.25,1.46129107475281,4.14148569107056,2.78956547092126,15.273946762085,93.5811519622803,6.43737092614174,0.260174512863159,3.18989690433515,23.2859235405922,4.30034780502319,43.0034780502319,31.9290428161621,6.07171198329736,0.833999991416931,403.111114501953,0.269473046064377
35.25,39.25,1.46129107475281,4.14148569107056,3.14581090408132,22.2385120391846,93.4292614459991,21.0986226797104,0.393788039684296,3.66613987170101,38.1006805300713,4.5415506362915,45.415506362915,31.9290428161621,6.11286631208898,0.833999991416931,408.333343505859,0.27865394949913
35.75,39.25,1.46129107475281,4.14148569107056,3.0965148942186,21.1207237243652,47.8678911924362,10.6761567294598,0.760074555873871,3.38507497312834,28.5202058553696,4.91716814041138,49.1716814041138,31.9290428161621,6.02029970246384,0.833999991416931,424.666656494141,0.302147477865219
36.25,39.25,1.27065646648407,3.74358201026917,2.67309372401824,13.4847116470337,47.5930213928223,17.159178853035,0.809871196746826,3.63780635582137,37.0083683729172,4.89906740188599,48.9906740188599,31.9290428161621,5.94690918933315,0.833999991416931,415.888885498047,0.301806330680847
36.75,39.25,1.27065646648407,3.74358201026917,3.48873754778681,31.7445831298828,51.3428390026093,14.9904310703278,0.786033809185028,3.16307965115158,22.6432970315218,5.10967874526978,51.0967874526978,31.9290428161621,5.71970634474732,0.833999991416931,428.555541992188,0.313506543636322
37.25,39.25,1.53801584243774,4.5326132774353,1.84385918326525,5.32088470458984,50.041675567627,10.4744851589203,0.769614398479462,3.00447687046849,19.175658851862,5.16331005096436,51.6331005096436,31.9290428161621,5.74103511833481,0.833999991416931,445.777770996094,0.328107237815857
37.75,39.25,1.33781671524048,0,1.71051899781808,4.53183174133301,24.3779718875885,2.13928502053022,0.721243679523468,2.48844078907757,11.0424847006798,5.24703168869019,52.4703168869019,31.9290428161621,5.80634106443297,0.833999991416931,472,0.328934550285339
38.25,39.25,1.33781671524048,0,1.7342577298032,4.66472148895264,25.0246912240982,1.07407411560416,0.809635877609253,2.71829094970565,14.1544004678726,5.34056282043457,53.4056282043457,31.9290428161621,5.75119200100886,0.833999991416931,550.888916015625,0.356133073568344
38.75,39.25,1.33781671524048,0,1.70104175618404,4.47965288162231,26.6536891460419,1.88051369041204,0.761394143104553,3.0835579897005,20.835956454277,5.55357789993286,55.5357789993286,31.9290428161621,5.74437856475572,0.809000015258789,648.111083984375,0.412882775068283
39.25,39.25,3.23858261108398,2.0908534526825,1.9669764455458,6.14902830123901,33.9414149522781,6.23514540493488,0.803864598274231,3.43555767207408,30.048722743988,6.83438348770142,68.3438348770142,31.9290428161621,5.59259003134921,0.804000020027161,751.888916015625,0.486593425273895
39.75,39.25,3.23858261108398,2.0908534526825,2.81362042682501,15.6701622009277,31.8538516759872,12.7384379506111,0.825731575489044,3.11918915312448,21.6280243396759,7.13096332550049,71.3096332550049,31.9290428161621,5.83917680581872,0.804000020027161,825.222229003906,0.534057259559631
-9.75,38.75,NA,NA,NA,NA,NA,NA,NA,NA,NA,NA,NA,NA,NA,NA,NA,NA
-9.25,38.75,2.6079888343811,4.18827772140503,7.38745864628271,1614.59509277344,41.8601244688034,1.07558276504278,0.664862930774689,3.56066153297715,34.1864664554596,5.35118055343628,53.5118055343628,78.6764907836914,8.12632806309538,0.907000005245209,707.25,0.498292177915573
-8.75,38.75,2.58901834487915,4.71523761749268,4.99897887613543,147.261688232422,48.5822170972824,16.378553211689,0.691603124141693,3.85043841486811,46.0136702060699,4.37378311157227,43.7378311157227,78.6764907836914,6.80141595871348,0.865000009536743,687.111083984375,0.460532963275909
-8.25,38.75,2.58901834487915,4.71523761749268,2.84882887903072,16.2675476074219,46.9086974859238,6.04665540158749,0.596116483211517,4.20288287856706,65.8788570165634,4.40325403213501,44.0325403213501,78.6764907836914,5.54726327792684,0.850000023841858,666.888916015625,0.421299457550049
-7.75,38.75,3.30104041099548,2.2855212688446,3.57613499447618,34.7351570129395,55.2891194820404,3.35649587213993,0.620965182781219,4.44620737640306,84.3028082847595,4.02688217163086,40.2688217163086,78.6764907836914,5.81208257419207,0.850000023841858,630.333312988281,0.382180541753769
-7.25,38.75,3.30104041099548,2.2855212688446,3.49599736007271,31.9831676483154,57.4115872383118,8.95096585154533,0.633050978183746,4.42936786767826,82.8783779144287,3.98493027687073,39.8493027687073,78.6764907836914,5.83094126973222,0.850000023841858,575.111083984375,0.345215409994125
-6.75,38.75,3.30104041099548,2.2855212688446,4.34071361576651,75.7622985839844,66.7224168777466,16.9206470251083,0.826474249362946,4.36019641380023,77.2725067138672,3.78774642944336,37.8774642944336,74.0227508544922,5.98238552387296,0.875999987125397,556.222229003906,0.322775721549988
-6.25,38.75,5,4.56086492538452,4.04805498829907,56.2859268188477,53.6808550357819,12.4704174697399,0.898078799247742,4.57138308676737,95.6777310371399,3.6680631637573202,36.6806316375732,74.0227508544922,5.88081203838604,0.875999987125397,569,0.328457653522491
-5.75,38.75,3.07508730888367,5,3.41660979215189,29.4659538269043,53.7566184997559,7.04888105392456,0.800938844680786,5.12065922455168,166.445717573166,3.62838077545166,36.2838077545166,74.0227508544922,5.56320178696292,0.875999987125397,592.444458007812,0.3448745906353
-5.25,38.75,2.46381616592407,2.07317543029785,2.43556602830138,10.4222822189331,45.1765179634094,1.40951257199049,0.726161777973175,5.27039541282537,193.492852210999,3.63651704788208,36.3651704788208,74.0227508544922,5.4158011495335,0.875999987125397,552.222229003906,0.329981863498688
-4.75,38.75,2.46381616592407,2.07317543029785,2.27257281308437,8.70433616638184,19.0693944692612,0.268800603225827,0.630140662193298,4.98162838529207,144.711462974548,3.84620308876038,38.4620308876038,74.0227508544922,5.27905807916482,0.875999987125397,503.888885498047,0.309344112873077
-4.25,38.75,2.25231266021729,3.72622585296631,3.45164133233056,30.5521373748779,31.4042687416077,1.59913394600153,0.81220817565918,4.36167075723419,77.3879923820496,3.69603657722473,36.9603657722473,74.0227508544922,5.47581283062753,0.875999987125397,463.888885498047,0.285001784563065
-3.75,38.75,2.25231266021729,3.72622585296631,3.91399539370768,49.0987167358398,54.5479893684387,1.64340324699879,0.797292590141296,4.01691720630437,54.5296552181244,3.18252038955688,31.8252038955688,74.0227508544922,5.78297248640591,0.875999987125397,422,0.255392163991928
-3.25,38.75,2.25231266021729,3.72622585296631,3.52494651663193,32.9519577026367,75.8521437644958,0.90709263458848,0.68202155828476,3.53479827883428,33.2880973815918,3.03962397575378,30.3962397575378,74.0227508544922,5.96173489973735,0.875999987125397,430.333343505859,0.251264721155167
-2.75,38.75,2.25231266021729,3.72622585296631,2.38759395161523,9.88726711273193,57.0148587226868,2.64157932251692,0.661356449127197,3.45244535840618,30.5775163173676,3.43287563323975,34.3287563323975,74.0227508544922,5.78379015692669,0.875999987125397,455.555541992188,0.267413645982742
-2.25,38.75,2.05532479286194,5,2.63376154269445,12.9260549545288,42.6141977310181,4.74691353738308,0.573146045207977,3.67948907666896,38.6261429786682,3.77017831802368,37.7017831802368,74.0227508544922,5.47993295521098,0.875999987125397,455.777770996094,0.267531335353851
-1.75,38.75,2.05532479286194,5,3.94782593132906,50.8225784301758,65.4456079006195,11.1564502120018,0.750000834465027,3.88627182730277,47.7288777828217,3.01301121711731,30.1301121711731,74.0227508544922,5.65926176310126,0.875999987125397,388.777770996094,0.232154324650764
-1.25,38.75,2.91218900680542,5,3.66826631014439,38.1839141845703,46.1911231279373,0.938329566270113,0.743240416049957,3.68240254690084,38.7417609095573,2.97941279411316,29.7941279411316,74.0227508544922,5.15095736461338,0.875999987125397,388.555541992188,0.238312855362892
-0.75,38.75,2.91218900680542,5,4.96052538126772,141.668731689453,34.529909491539,0.583369331434369,0.856318831443787,3.02391346952157,19.5716408491135,3.79250240325928,37.9250240325928,74.0227508544922,6.30655358189825,0.897000014781952,383,0.242860361933708
-0.25,38.75,3.85917663574219,5,5.55943491537384,258.676055908203,29.191255569458,0.651499116793275,0.886348903179169,2.39162069564954,9.9311957359314,4.29669809341431,42.9669809341431,74.0227508544922,7.20788690738066,0.897000014781952,367.666656494141,0.240240082144737
0.25,38.75,NA,NA,6.27794377087794,531.692199707031,37.1278464794159,0.043782836291939,0.872604429721832,NA,NA,4.23926115036011,42.3926115036011,NA,NA,NA,327,NA
0.75,38.75,NA,NA,NA,NA,NA,NA,NA,NA,NA,NA,NA,NA,NA,NA,NA,NA
1.25,38.75,NA,NA,5.97994381725859,394.418151855469,15.0571793317795,1.52477761730552,0.7111776471138,NA,NA,4.41204881668091,44.1204881668091,NA,NA,NA,423,NA
1.75,38.75,NA,NA,5.39167570822911,218.571014404297,9.38053131103516,2.12389379739761,0.713533639907837,NA,NA,4.57220649719238,45.7220649719238,NA,NA,NA,434.333343505859,NA
2.25,38.75,NA,NA,NA,NA,NA,NA,NA,NA,NA,NA,NA,NA,NA,NA,NA,NA
2.75,38.75,NA,NA,NA,NA,NA,NA,NA,NA,NA,NA,NA,NA,NA,NA,NA,NA
3.25,38.75,NA,NA,NA,NA,NA,NA,NA,NA,NA,NA,NA,NA,NA,NA,NA,NA
3.75,38.75,NA,NA,NA,NA,NA,NA,NA,NA,NA,NA,NA,NA,NA,NA,NA,NA
4.25,38.75,NA,NA,NA,NA,NA,NA,NA,NA,NA,NA,NA,NA,NA,NA,NA,NA
4.75,38.75,NA,NA,NA,NA,NA,NA,NA,NA,NA,NA,NA,NA,NA,NA,NA,NA
5.25,38.75,NA,NA,NA,NA,NA,NA,NA,NA,NA,NA,NA,NA,NA,NA,NA,NA
5.75,38.75,NA,NA,NA,NA,NA,NA,NA,NA,NA,NA,NA,NA,NA,NA,NA,NA
6.25,38.75,NA,NA,NA,NA,NA,NA,NA,NA,NA,NA,NA,NA,NA,NA,NA,NA
6.75,38.75,NA,NA,NA,NA,NA,NA,NA,NA,NA,NA,NA,NA,NA,NA,NA,NA
7.25,38.75,NA,NA,NA,NA,NA,NA,NA,NA,NA,NA,NA,NA,NA,NA,NA,NA
7.75,38.75,NA,NA,NA,NA,NA,NA,NA,NA,NA,NA,NA,NA,NA,NA,NA,NA
8.25,38.75,NA,NA,1.38263587925736,2.98539280891418,32.6180249452591,0,0.643581509590149,NA,NA,5.14796113967896,51.4796113967896,NA,NA,NA,631,NA
8.75,38.75,NA,NA,3.12240738940064,21.700963973999,16.6025787591934,0,0.696542024612427,NA,NA,5.22449064254761,52.2449064254761,NA,NA,NA,584,NA
9.25,38.75,NA,NA,NA,NA,NA,NA,NA,NA,NA,NA,NA,NA,NA,NA,NA,NA
9.75,38.75,NA,NA,NA,NA,NA,NA,NA,NA,NA,NA,NA,NA,NA,NA,NA,NA
10.25,38.75,NA,NA,NA,NA,NA,NA,NA,NA,NA,NA,NA,NA,NA,NA,NA,NA
10.75,38.75,NA,NA,NA,NA,NA,NA,NA,NA,NA,NA,NA,NA,NA,NA,NA,NA
11.25,38.75,NA,NA,NA,NA,NA,NA,NA,NA,NA,NA,NA,NA,NA,NA,NA,NA
11.75,38.75,NA,NA,NA,NA,NA,NA,NA,NA,NA,NA,NA,NA,NA,NA,NA,NA
12.25,38.75,NA,NA,NA,NA,NA,NA,NA,NA,NA,NA,NA,NA,NA,NA,NA,NA
12.75,38.75,NA,NA,NA,NA,NA,NA,NA,NA,NA,NA,NA,NA,NA,NA,NA,NA
13.25,38.75,NA,NA,NA,NA,NA,NA,NA,NA,NA,NA,NA,NA,NA,NA,NA,NA
13.75,38.75,NA,NA,NA,NA,NA,NA,NA,NA,NA,NA,NA,NA,NA,NA,NA,NA
14.25,38.75,NA,NA,NA,NA,NA,NA,NA,NA,NA,NA,NA,NA,NA,NA,NA,NA
14.75,38.75,NA,NA,NA,NA,NA,NA,NA,NA,NA,NA,NA,NA,NA,NA,NA,NA
15.25,38.75,NA,NA,NA,NA,NA,NA,NA,NA,NA,NA,NA,NA,NA,NA,NA,NA
15.75,38.75,NA,NA,5.12237480418308,166.73323059082,73.6138939857483,0,0.660368621349335,NA,NA,5.87127590179443,58.7127590179443,NA,NA,NA,862.333312988281,NA
16.25,38.75,2.1119601726532,5,4.96908400267066,142.89501953125,43.8642203807831,0.0631537404842675,0.677989363670349,3.39533786446969,28.8247284889221,5.71201467514038,57.1201467514038,70.4018936157227,6.80688188705639,0.859000027179718,929.666687011719,0.704083144664764
16.75,38.75,NA,NA,5.46842834453588,236.087280273438,72.0573008060455,0,0.651719868183136,NA,NA,4.72010231018066,47.2010231018066,NA,NA,NA,871.799987792969,NA
17.25,38.75,NA,NA,5.06176511280142,156.868927001953,87.8077387809753,0,0.438922077417374,NA,NA,4.1160044670105,41.160044670105,NA,NA,NA,730,NA
17.75,38.75,NA,NA,NA,NA,NA,NA,NA,NA,NA,NA,NA,NA,NA,NA,NA,NA
18.25,38.75,NA,NA,NA,NA,NA,NA,NA,NA,NA,NA,NA,NA,NA,NA,NA,NA
18.75,38.75,NA,NA,NA,NA,NA,NA,NA,NA,NA,NA,NA,NA,NA,NA,NA,NA
19.25,38.75,NA,NA,NA,NA,NA,NA,NA,NA,NA,NA,NA,NA,NA,NA,NA,NA
19.75,38.75,NA,NA,NA,NA,NA,NA,NA,NA,NA,NA,NA,NA,NA,NA,NA,NA
20.25,38.75,NA,NA,NA,NA,NA,NA,NA,NA,NA,NA,NA,NA,NA,NA,NA,NA
20.75,38.75,NA,NA,4.33097965908131,75.0187225341797,33.4606170654297,0.657135248184204,0.740472435951233,NA,NA,5.50076198577881,55.0076198577881,NA,NA,NA,907.375,NA
21.25,38.75,1.4219388961792,4.52692699432373,3.89348702097465,48.0817375183105,35.9099864959717,7.57853239774704,0.76843523979187,5.57900810919155,263.808814048767,4.9510498046875,49.510498046875,62.8060684204102,6.38515559511855,0.864000022411346,867.111083984375,0.625735998153687
21.75,38.75,1.4219388961792,4.52692699432373,2.80291384604772,15.4926338195801,4.49858494102955,0.422860495746136,0.388445675373077,4.66416280143434,105.07674074173,5.89262008666992,58.9262008666992,62.8060684204102,6.33302786708497,0.875999987125397,839.444458007812,0.643963932991028
22.25,38.75,1.4219388961792,4.52692699432373,3.71658875216415,40.1238708496094,18.1501522660255,7.45785906910896,0.69732391834259,4.15982775434209,63.0604875087738,5.2955470085144,52.955470085144,62.8060684204102,6.10673867365093,0.875999987125397,750.888916015625,0.575095057487488
22.75,38.75,1.4219388961792,4.52692699432373,3.32613862853908,26.8306694030762,34.8346680402756,9.10068228840828,0.790930867195129,4.29960145469926,72.6704268455505,4.68044853210449,46.8044853210449,62.8060684204102,6.52424546931369,0.875999987125397,623.444458007812,0.449761927127838
23.25,38.75,NA,NA,3.50133638793461,32.1597366333008,22.7014511823654,4.29728589951992,0.75030654668808,NA,NA,4.98615741729736,49.8615741729736,NA,NA,NA,541.666687011719,NA
23.75,38.75,NA,NA,3.51299772647305,32.5486869812012,12.8347039222717,0.0149588624481112,0.599698305130005,NA,NA,5.17733287811279,51.7733287811279,NA,6.07669077632032,NA,532.333312988281,NA
24.25,38.75,NA,NA,3.6100478864045,35.9678230285645,30.184331536293,1.3594469986856,0.789555907249451,NA,NA,4.889967918396,48.89967918396,NA,NA,NA,453.600006103516,NA
24.75,38.75,NA,NA,2.61732168016646,12.6989841461182,20.2210962772369,0,0.795847833156586,NA,NA,4.45421934127808,44.5421934127808,NA,NA,NA,436.666656494141,NA
25.25,38.75,NA,NA,NA,NA,NA,NA,NA,NA,NA,NA,NA,NA,NA,NA,NA,NA
25.75,38.75,NA,NA,2.03776227860131,6.67341899871826,2.19732876867056,0,0.542110502719879,NA,NA,4.6216459274292,46.216459274292,NA,NA,NA,534,NA
26.25,38.75,NA,NA,3.12454183774424,21.7494697570801,7.17574805021286,0,0.717790484428406,NA,NA,4.95117473602295,49.5117473602295,NA,5.79347666123151,NA,608.833312988281,NA
26.75,38.75,NA,NA,5.29226231323401,197.79264831543,45.8025395870209,20.693576335907,0.887977659702301,4.18199526482249,64.4964056015015,4.65460443496704,46.5460443496704,NA,6.58538167425991,NA,653.25,NA
27.25,38.75,1.93097627162933,4.15774297714233,5.96491855256904,388.521301269531,35.8762562274933,10.8825378119946,0.878568053245544,4.01882640548498,54.6357736587524,4.70828914642334,47.0828914642334,31.9290428161621,7.1799972616787,0.855000019073486,714.444458007812,0.408005952835083
27.75,38.75,1.55442667007446,4.90891313552856,4.93483349289118,138.049987792969,64.3095433712006,20.2070280909538,0.841340184211731,4.00207265559756,53.7114305496216,4.3143949508667,43.143949508667,31.9290428161621,6.48656999431233,0.855000019073486,663.444458007812,0.39693757891655
28.25,38.75,1.55442667007446,4.90891313552856,4.29825672197971,72.5714263916016,50.5357384681702,7.27576017379761,0.694033265113831,4.26756684726553,70.3478240966797,4.45769882202148,44.5769882202148,31.9290428161621,6.26198927657525,0.855000019073486,641.111083984375,0.396222442388535
28.75,38.75,1.55442667007446,4.90891313552856,3.49503278761007,31.9513683319092,51.5682876110077,0.682267220690846,0.638768255710602,4.57282039625221,95.8167867660522,4.46605014801025,44.6605014801025,31.9290428161621,6.282313976724,0.855000019073486,674.555541992188,0.425266057252884
29.25,38.75,1.55442667007446,4.90891313552856,4.62919327190403,101.431396484375,60.8027160167694,2.61809192597866,0.595530569553375,4.19321328805273,65.2352824211121,4.49221992492676,44.9221992492676,31.9290428161621,6.55091604978593,0.855000019073486,646.777770996094,0.428786069154739
29.75,38.75,1.39948105812073,4.21528673171997,3.68264189364041,38.7512741088867,40.254408121109,2.10256576538086,0.558807611465454,3.94857688348802,50.8615093231201,4.79397058486938,47.9397058486938,31.9290428161621,6.2042233696430404,0.855000019073486,605.111083984375,0.417933791875839
30.25,38.75,1.22935330867767,4.29058980941772,4.25171869192231,69.2260055541992,60.502564907074,9.10551995038986,0.659720480442047,4.10281637496449,59.510468006134,4.82960891723633,48.2960891723633,31.9290428161621,6.43434458273838,0.855000019073486,554.555541992188,0.387678027153015
30.75,38.75,1.22935330867767,4.29058980941772,4.66356475529987,105.013320922852,67.7283585071564,12.650509178638501,0.631853222846985,4.26789270993966,70.371077477932,4.48610019683838,44.8610019683838,31.9290428161621,6.64431657887276,0.855000019073486,489.333343505859,0.347330331802368
31.25,38.75,1.22935330867767,4.29058980941772,3.10909185061973,21.400691986084,52.2303342819214,4.33414429426193,0.723804354667664,3.90138699625727,48.4710176587105,4.37706804275513,43.7706804275513,31.9290428161621,5.86981230322739,0.855000019073486,462,0.321716755628586
31.75,38.75,1.44511699676514,4.68324708938599,2.40611252202771,10.0907621383667,73.2642352581024,6.59034624695778,0.483612626791,3.53380057362809,33.2539050281048,4.17266321182251,41.7266321182251,31.9290428161621,5.47829000080726,0.870999991893768,423.555541992188,0.283984392881393
32.25,38.75,1.44511699676514,4.68324708938599,2.32799972522825,9.25740337371826,94.1728413105011,6.0061726719141,0.240370661020279,3.63961098002449,37.0770211219788,3.99449563026428,39.9449563026428,31.9290428161621,5.35912988718557,0.870999991893768,385.222229003906,0.258700132369995
32.75,38.75,1.35273110866547,5,2.65710137477387,13.2549095153809,92.2000586986542,7.93645903468132,0.289296269416809,3.83111619132988,45.1139815449715,4.45163345336914,44.5163345336914,31.9290428161621,5.74426144159922,0.870999991893768,465.111114501953,0.301008105278015
33.25,38.75,1.35273110866547,5,2.52290958048497,11.4648113250732,46.472093462944,3.09914238750935,0.479079604148865,3.38093758018279,28.3983214795589,4.09356355667114,40.9356355667114,31.9290428161621,NA,0.870999991893768,477.888885498047,0.314173132181168
33.75,38.75,1.35273110866547,5,2.73944582659841,14.4784049987793,68.9974963665009,2.7755182236433,0.488251000642776,3.69836132084091,39.3810784816742,3.99636483192444,39.9636483192444,31.9290428161621,6.23028907221498,0.870999991893768,410,0.271346122026443
34.25,38.75,1.27065646648407,3.74358201026917,3.46122350036491,30.8559284210205,81.0820817947388,4.62204366922379,0.415121376514435,3.87466469609914,47.1665451526642,3.84295010566711,38.4295010566711,31.9290428161621,6.39478002789986,0.833999991416931,379.333343505859,0.248158976435661
34.75,38.75,1.27065646648407,3.74358201026917,4.41427203816608,81.6216735839844,63.0816757678986,9.05048623681068,0.64021772146225,3.35110589375263,27.5342720746994,3.9145815372467,39.145815372467,31.9290428161621,6.58078363032899,0.833999991416931,379.444458007812,0.251059323549271
35.25,38.75,1.27065646648407,3.74358201026917,5.7222079709382,304.578887939453,44.8558360338211,6.49371296167374,0.746534585952759,3.77863051263274,42.7560772895813,4.15460968017578,41.5460968017578,31.9290428161621,6.94750040482489,0.833999991416931,391.111114501953,0.264491677284241
35.75,38.75,1.27065646648407,3.74358201026917,5.54244818183664,254.302261352539,57.0742428302765,16.8102383613586,0.728019237518311,3.75725086935081,41.8305172920227,4.71250057220459,47.1250057220459,31.9290428161621,6.87112529390695,0.833999991416931,412.333343505859,0.288862764835358
36.25,38.75,1.71461021900177,4.08276462554932,2.40974347958057,10.1311054229736,50.8666038513184,11.8167750537395,0.77800542116165206,3.64541468711866,37.2986515164375,5.00744533538818,50.0744533538818,31.9290428161621,5.84656921596626,0.833999991416931,448,0.324560821056366
36.75,38.75,1.71461021900177,4.08276462554932,2.6620411335186,13.3254995346069,57.5246930122375,5.51851838827133,0.670083343982697,3.14393265974211,22.1949054002762,5.0926365852356,50.926365852356,31.9290428161621,5.48959036232499,0.833999991416931,474.111114501953,0.348516821861267
37.25,38.75,1.53801584243774,4.5326132774353,2.56099922303822,11.9487495422363,63.6419773101807,1.13580245524645,0.521058201789856,3.05938943392498,20.3145392537117,4.78901815414429,47.8901815414429,31.9290428161621,5.67766306342257,0.833999991416931,470.111114501953,0.329943597316742
37.75,38.75,1.53801584243774,4.5326132774353,2.32507317361085,9.2274284362793,43.1635797023773,1.18518518283963,0.758289217948914,2.74358914942898,14.542670071125,4.64320421218872,46.4320421218872,31.9290428161621,6.11085639535298,0.804000020027161,473.333343505859,0.312552034854889
38.25,38.75,2.46470928192139,0,2.47889605076162,10.9280891418457,54.6414256095886,0.516605144366622,0.74399322271347,3.45702615838431,30.7224984169006,4.64640522003174,46.4640522003174,31.9290428161621,6.48245114826217,0.804000020027161,495.222229003906,0.305769771337509
38.75,38.75,2.46470928192139,0,3.76993811563371,42.3773803710938,45.3779220581055,1.54526140540838,0.697746753692627,3.39312262025745,28.7587325572968,4.96831893920898,49.6831893920898,31.9290428161621,6.16877261639085,0.804000020027161,569.333312988281,0.337147653102875
39.25,38.75,1.3677978515625,0,4.93518864523985,138.099380493164,58.4785997867584,9.87926498055458,0.736573576927185,4.34819784734542,76.338960647583,5.18654870986938,51.8654870986938,31.9290428161621,6.69604302788602,0.804000020027161,636.444458007812,0.395140588283539
39.75,38.75,1.59100008010864,1.00925290584564,3.58931612474128,35.2093048095703,52.3186862468719,13.0500271916389,0.754170715808868,4.03162669747558,55.3525052070618,5.94607067108154,59.4607067108154,31.9290428161621,6.37469505084279,0.804000020027161,784.888916015625,0.460591554641724
-9.75,38.25,NA,NA,NA,NA,NA,NA,NA,NA,NA,NA,NA,NA,NA,NA,NA,NA
-9.25,38.25,NA,NA,5.40808981954645,222.204818725586,23.8594323396683,0.184956844896078,0.584718823432922,NA,NA,5.4482569694519,54.482569694519,NA,NA,NA,686,NA
-8.75,38.25,2.58901834487915,4.71523761749268,3.27301064028949,25.3906726837158,15.5109286308289,5.60999251902103,0.539546847343445,3.76274376238563,42.0664280653,4.55626106262207,45.5626106262207,78.6764907836914,6.3153478473399,0.907000005245209,630.25,0.424478590488434
-8.25,38.25,2.58901834487915,4.71523761749268,2.28544309810785,8.83004093170166,51.2879550457001,6.76331520080566,0.667075455188751,4.14799747676887,62.3070993423462,4.13050222396851,41.3050222396851,78.6764907836914,5.59165973508134,0.907000005245209,597.555541992188,0.378953695297241
-7.75,38.25,2.86165928840637,1.63809943199158,3.22335818046779,24.1123104095459,58.4056854248047,2.26185973733664,0.666740298271179,4.21447773940468,66.658821105957,4.15530681610107,41.5530681610107,78.6764907836914,5.79491496143623,0.850000023841858,572.333312988281,0.341433793306351
-7.25,38.25,3.30104041099548,2.2855212688446,2.64981818169196,13.1514654159546,42.0960158109665,0.825542118400335,0.663332641124725,4.36069686929094,77.3116884231567,4.05993604660034,40.5993604660034,78.6764907836914,5.50557223606888,0.850000023841858,551,0.331200450658798
-6.75,38.25,2.76319003105164,2.1859335899353,3.00820122817202,19.250940322876,26.7890304327011,0.634517753496766,0.644505321979523,4.49755287271354,88.7971172332764,4.56843519210815,45.6843519210815,74.0227508544922,5.58450448666599,0.875999987125397,617,0.358875781297684
-6.25,38.25,3.2788348197937,4.73540449142456,3.30626998432051,26.2831687927246,42.1632796525955,0.775026250630617,0.776368975639343,4.90277774151935,133.663320541382,4.11568355560303,41.1568355560303,74.0227508544922,5.74473219539412,0.875999987125397,645.777770996094,0.366190671920776
-5.75,38.25,3.34369516372681,2.79950666427612,2.56044352735139,11.9415559768677,51.3974785804749,0.859510246664286,0.622967183589935,4.89106311438684,132.094994068146,3.83297944068909,38.3297944068909,74.0227508544922,5.52428486865174,0.875999987125397,636.888916015625,0.36550697684288
-5.25,38.25,3.34369516372681,2.79950666427612,2.72603128554108,14.2721557617188,40.309140086174,0.690766051411629,0.604507029056549,4.62411835819314,100.912882804871,3.90509271621704,39.0509271621704,74.0227508544922,5.33879760345706,0.880999982357025,608.333312988281,0.351824522018433
-4.75,38.25,3.2973530292511,3.38300013542175,3.14314839446961,22.176721572876,23.8154619932175,0.0311720708850771,0.652556240558624,4.60883119091979,99.3667714595795,3.91136932373047,39.1136932373047,74.0227508544922,5.640833184813,0.880999982357025,559.444458007812,0.326458215713501
-4.25,38.25,3.2973530292511,3.38300013542175,3.06450465666453,20.4238471984863,16.1607697606087,1.958411000669,0.684536576271057,3.73019650239016,40.6872990131378,4.02147912979126,40.2147912979126,74.0227508544922,5.21836434474315,0.880999982357025,494.111114501953,0.288798987865448
-3.75,38.25,3.25680208206177,4.24648427963257,4.03433238922781,55.505184173584,33.7119072675705,1.95857584476471,0.736879765987396,3.42952336658323,29.8619294166565,3.91354918479919,39.1354918479919,74.0227508544922,5.60238285878875,0.880999982357025,429,0.248223766684532
-3.25,38.25,2.97221779823303,4.94330739974976,3.41838234640514,29.5200042724609,52.8323113918304,0.109235045965761,0.68348503112793,3.21694388518217,23.9517481327057,3.73219108581543,37.3219108581543,74.0227508544922,5.61496460187835,0.880999982357025,402.333343505859,0.235491961240768
-2.75,38.25,2.96589875221252,5,2.90692884629988,17.3005084991455,20.3389301896095,0.439238641411066,0.590597569942474,3.52856907619377,33.0751737356186,4.48021030426025,44.8021030426025,74.0227508544922,5.53606139088367,0.880999982357025,467.777770996094,0.286373227834702
-2.25,38.25,2.91218900680542,5,2.43436000435202,10.4085149765015,18.6468437314034,0.90251592919230506,0.453266352415085,3.85675877088101,46.3117543458939,4.30690908432007,43.0690908432007,74.0227508544922,5.29572627452945,0.875999987125397,465.222229003906,0.28535184264183
-1.75,38.25,2.91218900680542,5,3.783964975034,42.9901161193848,39.6522223949432,1.81354396045208,0.782328605651855,3.7030185824427,39.5695823431015,3.51308536529541,35.1308536529541,74.0227508544922,5.56694974015695,0.884999990463257,348.111114501953,0.213762879371643
-1.25,38.25,2.91218900680542,5,5.06734880397714,157.752883911133,43.4493839740753,2.06357538700104,0.829292953014374,3.51435953333644,32.5944049358368,3.36468243598938,33.6468243598938,74.0227508544922,6.46053638403265,0.884999990463257,332,0.198731437325478
-0.75,38.25,2.91218900680542,5,6.38621130592018,592.603332519531,52.3064851760864,3.89342084527016,0.808560788631439,3.70485926135482,39.6443266868591,3.5055091381073,35.055091381073,74.0227508544922,7.6790299479352,0.897000014781952,323.111114501953,0.20305934548378
-0.25,38.25,NA,NA,6.99849113644295,1093.97973632812,28.1213521957397,1.28354728221893,0.595756053924561,NA,NA,3.65524196624756,36.5524196624756,NA,NA,NA,333.333343505859,NA
0.25,38.25,NA,NA,NA,NA,NA,NA,NA,NA,NA,NA,NA,NA,NA,NA,NA,NA
0.75,38.25,NA,NA,NA,NA,NA,NA,NA,NA,NA,NA,NA,NA,NA,NA,NA,NA
1.25,38.25,NA,NA,NA,NA,NA,NA,NA,NA,NA,NA,NA,NA,NA,NA,NA,NA
1.75,38.25,NA,NA,NA,NA,NA,NA,NA,NA,NA,NA,NA,NA,NA,NA,NA,NA
2.25,38.25,NA,NA,NA,NA,NA,NA,NA,NA,NA,NA,NA,NA,NA,NA,NA,NA
2.75,38.25,NA,NA,NA,NA,NA,NA,NA,NA,NA,NA,NA,NA,NA,NA,NA,NA
3.25,38.25,NA,NA,NA,NA,NA,NA,NA,NA,NA,NA,NA,NA,NA,NA,NA,NA
3.75,38.25,NA,NA,NA,NA,NA,NA,NA,NA,NA,NA,NA,NA,NA,NA,NA,NA
4.25,38.25,NA,NA,NA,NA,NA,NA,NA,NA,NA,NA,NA,NA,NA,NA,NA,NA
4.75,38.25,NA,NA,NA,NA,NA,NA,NA,NA,NA,NA,NA,NA,NA,NA,NA,NA
5.25,38.25,NA,NA,NA,NA,NA,NA,NA,NA,NA,NA,NA,NA,NA,NA,NA,NA
5.75,38.25,NA,NA,NA,NA,NA,NA,NA,NA,NA,NA,NA,NA,NA,NA,NA,NA
6.25,38.25,NA,NA,NA,NA,NA,NA,NA,NA,NA,NA,NA,NA,NA,NA,NA,NA
6.75,38.25,NA,NA,NA,NA,NA,NA,NA,NA,NA,NA,NA,NA,NA,NA,NA,NA
7.25,38.25,NA,NA,NA,NA,NA,NA,NA,NA,NA,NA,NA,NA,NA,NA,NA,NA
7.75,38.25,NA,NA,NA,NA,NA,NA,NA,NA,NA,NA,NA,NA,NA,NA,NA,NA
8.25,38.25,NA,NA,NA,NA,NA,NA,NA,NA,NA,NA,NA,NA,NA,NA,NA,NA
8.75,38.25,NA,NA,NA,NA,NA,NA,NA,NA,NA,NA,NA,NA,NA,NA,NA,NA
9.25,38.25,NA,NA,NA,NA,NA,NA,NA,NA,NA,NA,NA,NA,NA,NA,NA,NA
9.75,38.25,NA,NA,NA,NA,NA,NA,NA,NA,NA,NA,NA,NA,NA,NA,NA,NA
10.25,38.25,NA,NA,NA,NA,NA,NA,NA,NA,NA,NA,NA,NA,NA,NA,NA,NA
10.75,38.25,NA,NA,NA,NA,NA,NA,NA,NA,NA,NA,NA,NA,NA,NA,NA,NA
11.25,38.25,NA,NA,NA,NA,NA,NA,NA,NA,NA,NA,NA,NA,NA,NA,NA,NA
11.75,38.25,NA,NA,NA,NA,NA,NA,NA,NA,NA,NA,NA,NA,NA,NA,NA,NA
12.25,38.25,NA,NA,NA,NA,NA,NA,NA,NA,NA,NA,NA,NA,NA,NA,NA,NA
12.75,38.25,NA,NA,5.94827193050038,382.090759277344,68.8996195793152,0,0.734298229217529,NA,NA,4.54176378250122,45.4176378250122,NA,NA,NA,494,NA
13.25,38.25,NA,NA,7.16646777040388,1294.26135253906,48.654243350029,0,0.779116570949554,3.53201217530996,33.1927001476288,4.87827968597412,48.7827968597412,NA,7.91684994540575,NA,490.5,NA
13.75,38.25,NA,NA,6.79862096856716,895.609985351562,58.9540421962738,0,0.629412174224854,NA,NA,4.89116239547729,48.9116239547729,NA,NA,NA,472,NA
14.25,38.25,NA,NA,5.74745207106326,312.391143798828,23.4686344861984,0,0.756806313991547,NA,NA,5.73850679397583,57.3850679397583,NA,NA,NA,494,NA
14.75,38.25,NA,NA,5.44589883912799,230.805541992188,26.0728359222412,0,0.800229787826538,NA,NA,6.17596578598022,61.7596578598022,NA,NA,NA,593.799987792969,NA
15.25,38.25,2.75657391548157,5,5.59735270717763,268.711456298828,33.6037755012512,0,0.88008588552475,NA,NA,5.99705123901367,59.9705123901367,NA,7.58435790275447,0.859000027179718,702,NA
15.75,38.25,2.1119601726532,5,6.12235399843972,454.936706542969,28.5356074571609,0.083584088133648,0.679549694061279,3.84718413604928,45.8609232902527,5.93118000030518,59.3118000030518,70.4018936157227,7.22315222997892,0.859000027179718,811,0.579277813434601
16.25,38.25,2.1119601726532,5,4.9067108985976,134.19401550293,44.0157294273376,0,0.644252359867096,NA,NA,5.42548608779907,54.2548608779907,70.4018936157227,6.52977384837394,0.859000027179718,861.125,0.634718596935272
16.75,38.25,NA,NA,4.91800491072738,135.729553222656,83.6018979549408,0,0.488440334796906,NA,NA,4.29491662979126,42.9491662979126,NA,NA,NA,860,NA
17.25,38.25,NA,NA,NA,NA,NA,NA,NA,NA,NA,NA,NA,NA,NA,NA,NA,NA
17.75,38.25,NA,NA,NA,NA,NA,NA,NA,NA,NA,NA,NA,NA,NA,NA,NA,NA
18.25,38.25,NA,NA,NA,NA,NA,NA,NA,NA,NA,NA,NA,NA,NA,NA,NA,NA
18.75,38.25,NA,NA,NA,NA,NA,NA,NA,NA,NA,NA,NA,NA,NA,NA,NA,NA
19.25,38.25,NA,NA,NA,NA,NA,NA,NA,NA,NA,NA,NA,NA,NA,NA,NA,NA
19.75,38.25,NA,NA,NA,NA,NA,NA,NA,NA,NA,NA,NA,NA,NA,NA,NA,NA
20.25,38.25,NA,NA,4.39337122805838,79.9127349853516,54.2726159095764,3.12630273401737,0.721979379653931,NA,NA,5.13783836364746,51.3783836364746,NA,NA,NA,857,NA
20.75,38.25,NA,NA,3.58731064948312,35.1367607116699,28.2758623361588,3.34975384175777,0.786665320396423,NA,NA,5.44843530654907,54.4843530654907,NA,6.43463370806671,NA,905.571411132812,NA
21.25,38.25,NA,NA,3.98487375166522,52.7784996032715,63.8785362243652,29.020819067955,0.819066405296326,NA,NA,4.53888654708862,45.3888654708862,NA,NA,NA,770.625,NA
21.75,38.25,1.4219388961792,4.52692699432373,5.02291935768661,150.853973388672,31.6455185413361,3.11045702546835,0.814384877681732,5.06405937600606,157.231535673141,4.88273906707764,48.8273906707764,62.8060684204102,7.36348933702919,0.864000022411346,766.333312988281,0.572172403335571
22.25,38.25,NA,NA,3.87713580285814,47.285717010498,23.0457186698914,0.482008187100291,0.765594780445099,NA,NA,5.25408124923706,52.5408124923706,NA,NA,NA,726.222229003906,NA
22.75,38.25,NA,NA,4.00930268005055,54.1084289550781,31.2616318464279,5.93875125050545,0.82194983959198,NA,NA,4.89916276931763,48.9916276931763,NA,6.43585815899498,NA,644.777770996094,NA
23.25,38.25,1.4219388961792,4.52692699432373,3.93791111775324,50.3113059997559,46.575391292572,14.870984852314,0.848483204841614,4.16638445298112,63.481892824173,4.58143901824951,45.8143901824951,62.8060684204102,6.71266796641108,0.875999987125397,573,0.375464022159576
23.75,38.25,1.4219388961792,4.52692699432373,6.67227103148541,789.188110351562,24.0868702530861,0.361961172893643,0.794799864292145,3.92890350857529,49.8511891961098,4.5558009147644,45.558009147644,62.8060684204102,7.97872793905507,0.917999982833862,502.333343505859,0.321983605623245
24.25,38.25,1.4219388961792,4.52692699432373,3.62433381218278,36.4997329711914,31.4368516206741,0.430641835555434,0.744393348693848,NA,NA,4.60994386672974,46.0994386672974,62.8060684204102,6.97425027425764,0.875999987125397,453.714294433594,0.29092875123024
24.75,38.25,NA,NA,1.62891621917698,4.09834623336792,27.7036041021347,0.867823790758848,0.746810734272003,NA,NA,5.05060863494873,50.5060863494873,NA,NA,NA,497,NA
25.25,38.25,NA,NA,NA,NA,NA,NA,NA,NA,NA,NA,NA,NA,NA,NA,NA,NA
25.75,38.25,NA,NA,2.43557729971848,10.4224109649658,6.86533376574516,0,0.523905456066132,NA,NA,4.47886657714844,44.7886657714844,NA,4.6505731999182,NA,541.666687011719,NA
26.25,38.25,NA,NA,4.73241011362272,112.568946838379,22.484764456749,0.406286772340536,0.809829354286194,NA,NA,4.34857034683228,43.4857034683228,NA,6.26183093098824,NA,580.285705566406,NA
26.75,38.25,1.55263519287109,4.3053822517395,5.35352378629011,210.351745605469,13.9798209071159,0.459641264751554,0.717816054821014,3.86980790496878,46.9331774711609,5.11111974716187,51.1111974716187,31.9290428161621,6.91118445123821,0.855000019073486,635.888916015625,0.36752912402153
27.25,38.25,1.55263519287109,4.3053822517395,7.09398591306984,1203.70007324219,31.1374127864838,9.8178967833519,0.821595132350922,4.09482843485243,59.0290393829346,4.79405164718628,47.9405164718628,31.9290428161621,7.56216867371888,0.855000019073486,710.333312988281,0.399757504463196
27.75,38.25,1.55263519287109,4.3053822517395,4.87319735506474,129.738265991211,39.1882717609406,14.5123451948166,0.787687122821808,4.57709692426725,96.2317130565643,4.88101482391357,48.8101482391357,31.9290428161621,6.626657682384,0.855000019073486,728.222229003906,0.412341862916946
28.25,38.25,1.55263519287109,4.3053822517395,4.6701830714114,105.717277526855,47.8095769882202,8.31095054745674,0.792511522769928,4.56241098576592,94.8142082691193,4.8831524848938,48.831524848938,31.9290428161621,6.54108821428943,0.855000019073486,696,0.404390722513199
28.75,38.25,1.55442667007446,4.90891313552856,4.44946536127755,84.5811767578125,55.5342257022858,3.93201038241386,0.729506194591522,4.43539894186237,83.3857831954956,4.58285999298096,45.8285999298096,31.9290428161621,6.34064538528103,0.855000019073486,647.777770996094,0.393306702375412
29.25,38.25,1.39948105812073,4.21528673171997,3.59150524457248,35.2886581420898,56.2540829181671,0.76523469761014,0.636006712913513,4.58714708896653,97.2138347625732,4.2224702835083,42.224702835083,31.9290428161621,6.35631056081204,0.855000019073486,587.111083984375,0.375042855739594
29.75,38.25,1.39948105812073,4.21528673171997,3.66076557799894,37.8911056518555,69.634610414505,13.6070877313614,0.638504207134247,4.36776976812218,77.8675425052643,4.25212049484253,42.5212049484253,31.9290428161621,6.30129320962782,0.855000019073486,549.444458007812,0.366865694522858
30.25,38.25,1.20946967601776,4.59975528717041,3.26956680701225,25.2999439239502,62.3641610145569,13.0309954285622,0.738167762756348,3.94142129973461,50.4917345046997,4.68529081344604,46.8529081344604,31.9290428161621,6.15192547123506,0.855000019073486,565.777770996094,0.384492605924606
30.75,38.25,1.26632797718048,3.07620286941528,2.98102687991993,18.708044052124,47.2928375005722,5.13693802058697,0.83883261680603,3.96275567831465,51.602080821991,4.73263835906982,47.3263835906982,31.9290428161621,6.00207788667659,0.843999981880188,557.222229003906,0.380358099937439
31.25,38.25,1.26632797718048,3.07620286941528,3.56373520644854,34.2947845458984,51.0810971260071,3.34983691573143,0.781133711338043,3.93015171682635,49.9147017002106,4.79927825927734,47.9927825927734,31.9290428161621,5.98426423321687,0.843999981880188,554.777770996094,0.37488055229187
31.75,38.25,1.44511699676514,4.68324708938599,3.57549493533909,34.7122917175293,68.5066163539886,7.17049390077591,0.614281475543976,3.76607578835973,42.2101658582687,4.62039995193481,46.2039995193481,31.9290428161621,5.92172216101431,0.870999991893768,492.222229003906,0.333543837070465
32.25,38.25,1.44511699676514,4.68324708938599,4.18096909648052,64.4292297363281,76.0712504386902,6.53556436300278,0.532713353633881,3.81686866794335,44.4616297483444,4.18992471694946,41.8992471694946,31.9290428161621,6.39164144595049,0.870999991893768,422.444458007812,0.292857885360718
32.75,38.25,1.35273110866547,5,4.9322467452979,137.690765380859,83.7710082530975,22.2411021590233,0.488788068294525,3.82577403270022,44.8682901859283,4.28377342224121,42.8377342224121,31.9290428161621,6.24620990484517,0.870999991893768,450.333343505859,0.300357937812805
33.25,38.25,1.35273110866547,5,3.68718610760692,38.9323234558105,76.7949104309082,46.8251734972,0.580761194229126,3.93936403539243,50.3859112858772,4.22319650650024,42.2319650650024,31.9290428161621,6.18613025470317,0.833999991416931,463,0.302983045578003
33.75,38.25,1.35273110866547,5,4.271962573175,70.6621398925781,69.0515279769897,18.3961823582649,0.60892790555954,4.37453289451083,78.4027414321899,3.40298771858215,34.0298771858215,31.9290428161621,6.31590882176407,0.833999991416931,399.222229003906,0.257808536291122
34.25,38.25,1.35273110866547,5,4.16792192364161,63.5811080932617,56.5354645252228,6.16412907838821,0.682028353214264,4.17037709425834,63.739860534668,4.01303958892822,40.1303958892822,31.9290428161621,6.47348456055913,0.833999991416931,362.333343505859,0.242871299386024
34.75,38.25,1.35273110866547,5,4.46109089281815,85.5819091796875,58.6192011833191,31.2995940446854,0.719775021076202,4.18013229296145,64.3745012283325,4.42125463485718,44.2125463485718,31.9290428161621,6.43198819790979,0.833999991416931,380.666656494141,0.260027915239334
35.25,38.25,1.35050570964813,5,3.27679861528048,25.4908294677734,43.5022234916687,16.4652094244957,0.799341201782227,3.84001453523547,45.5261507034302,4.35454225540161,43.5454225540161,31.9290428161621,6.06326961260492,0.833999991416931,419.888885498047,0.291813999414444
35.75,38.25,1.71461021900177,4.08276462554932,3.2705408953838,25.3255748748779,41.2767022848129,6.88047930598259,0.7613765001297,3.49429258580398,31.9269866943359,4.74503564834595,47.4503564834595,31.9290428161621,5.94180958726606,0.833999991416931,469.444458007812,0.328774273395538
36.25,38.25,1.71461021900177,4.08276462554932,2.74695587089847,14.5950860977173,28.7173956632614,4.92051243782043,0.838632643222809,3.08103117316454,20.78085064888,5.17366409301758,51.7366409301758,31.9290428161621,5.75158066477716,0.843999981880188,527.222229003906,0.374654591083527
36.75,38.25,1.7300192117691,4.86105871200562,3.51028112108645,32.4576721191406,43.7248229980469,9.56616029143333,0.830917954444885,2.96363195831271,18.3681886196136,5.14032363891602,51.4032363891602,31.9290428161621,5.92372339324705,0.843999981880188,525.444458007812,0.365877538919449
37.25,38.25,1.7300192117691,4.86105871200562,3.82866793316145,45.001220703125,60.4063749313354,13.0064234137535,0.699670195579529,3.0459254999834,20.0294849872589,4.58003997802734,45.8003997802734,31.9290428161621,6.02061031382412,0.843999981880188,479.333343505859,0.322049081325531
37.75,38.25,1.53801584243774,4.5326132774353,3.42356802666116,29.6786823272705,36.1827045679092,3.04097905755043,0.826508343219757,3.12571713848858,21.7762229442596,4.94452047348022,49.4452047348022,31.9290428161621,6.24449797638913,0.843999981880188,513.333312988281,0.325866341590881
38.25,38.25,1.53801584243774,4.5326132774353,5.00943798336747,148.820510864258,42.0449525117874,1.0385756380856,0.843212842941284,3.61839046882135,36.2775201797485,4.87473011016846,48.7473011016846,31.9290428161621,6.93448658945405,0.804000020027161,526.666687011719,0.31521925330162
38.75,38.25,1.71076786518097,0,4.64813336797479,103.389945983887,18.2926833629608,0.0706033373717219,0.827770292758942,3.18341322897337,23.1289708614349,5.21269750595093,52.1269750595093,31.9290428161621,6.23112601374992,0.804000020027161,575.777770996094,0.334540069103241
39.25,38.25,1.71076786518097,0,3.33971590987197,27.2111110687256,34.5923483371735,1.83539409190416,0.68473869562149,3.63484646916555,36.8960342407227,5.39692497253418,53.9692497253418,31.9290428161621,6.32993271098556,0.805000007152557,640.888916015625,0.359968602657318
39.75,38.25,1.65463888645172,3.0480968952179,4.6379757596951,102.3349609375,61.6408824920654,21.3194265961647,0.701179027557373,4.07917612133093,58.0967612266541,4.93136548995972,49.3136548995972,31.9290428161621,6.31295642737256,0.805000007152557,644.111083984375,0.369456052780151
-9.75,37.75,NA,NA,NA,NA,NA,NA,NA,NA,NA,NA,NA,NA,NA,NA,NA,NA
-9.25,37.75,NA,NA,NA,NA,NA,NA,NA,NA,NA,NA,NA,NA,NA,NA,NA,NA
-8.75,37.75,2.58901834487915,4.71523761749268,3.32206318167052,26.7174777984619,28.0516713857651,8.73492434620857,0.633194029331207,3.86401370119279,46.6562459468842,5.06832599639893,50.6832599639893,78.6764907836914,6.07758827617555,0.850000023841858,579,0.395473510026932
-8.25,37.75,2.58901834487915,4.71523761749268,2.58121745563752,12.2132148742676,43.5916721820831,5.12916967272758,0.67000949382782,4.14441104041156,62.0804591178894,4.3121657371521,43.121657371521,78.6764907836914,5.8634431973933,0.850000023841858,577,0.360785603523254
-7.75,37.75,2.86165928840637,1.63809943199158,2.16060243064786,7.67636299133301,42.9534167051315,1.36335408315063,0.578208327293396,4.21484308034143,66.6835441589355,3.9661967754364,39.661967754364,78.6764907836914,5.71163738780556,0.850000023841858,544.222229003906,0.324539959430695
-7.25,37.75,2.86165928840637,1.63809943199158,2.46174603958406,10.725266456604,21.1972117424011,0.126155104953796,0.617653369903564,4.09867314285363,59.2602777481079,3.96286034584045,39.6286034584045,74.0227508544922,5.27851714556,0.880999982357025,543.222229003906,0.319329679012299
-6.75,37.75,3.16086673736572,4.14460182189941,3.32201948386896,26.7162666320801,5.27994558215141,0.136256660334766,0.484115272760391,3.67872978188519,38.5960664749146,4.56758594512939,45.6758594512939,74.0227508544922,5.61975979113212,0.880999982357025,578.888916015625,0.337559759616852
-6.25,37.75,3.2788348197937,4.73540449142456,3.14638011058371,22.2517433166504,11.5399047732353,0.856892671436071,0.561584174633026,4.13556299304368,61.5247821807861,4.32620620727539,43.2620620727539,74.0227508544922,6.15071507203305,0.880999982357025,590.222229003906,0.337600111961365
-5.75,37.75,3.2788348197937,4.73540449142456,3.91569112012596,49.1837425231934,42.1544045209885,12.1224462985992,0.715951502323151,4.24370584196407,68.6655435562134,4.14446640014648,41.4446640014648,74.0227508544922,6.17087672949268,0.880999982357025,581.777770996094,0.329872459173203
-5.25,37.75,3.34369516372681,2.79950666427612,3.82918517468809,45.0250205993652,63.5981142520905,20.5086335539818,0.695847868919373,3.48501984571134,31.6230745315552,3.92145180702209,39.2145180702209,74.0227508544922,5.86582680933324,0.880999982357025,555.888916015625,0.319812536239624
-4.75,37.75,5,5,5.12787456214616,167.658264160156,82.4457049369812,7.84459486603737,0.653919577598572,3.08804037986986,20.9340534210205,3.73949432373047,37.3949432373047,74.0227508544922,6.25923841799575,0.880999982357025,550,0.313237935304642
-4.25,37.75,3.2973530292511,3.38300013542175,4.2775922376161,71.0667114257812,84.8145186901093,2.17377841472626,0.499972075223923,2.79483511308053,15.3599309921265,3.48172450065613,34.8172450065613,74.0227508544922,5.93366353182441,0.880999982357025,511,0.289266645908356
-3.75,37.75,3.25680208206177,4.24648427963257,4.59587626120483,98.0749130249023,70.5686211585999,1.92628260701895,0.581421136856079,3.25998063461707,25.0490326881409,3.84751629829407,38.4751629829407,74.0227508544922,6.14649940973062,0.880999982357025,469.555541992188,0.269741386175156
-3.25,37.75,2.96589875221252,5,3.55505374153534,33.9897003173828,70.8641946315765,1.01851848885417,0.716025412082672,3.15370983844215,22.4227983951569,3.62328720092773,36.2328720092773,74.0227508544922,5.70168279873416,0.880999982357025,424.888885498047,0.254372507333755
-2.75,37.75,2.96589875221252,5,3.06695955992096,20.476505279541,47.5811988115311,1.15952873602509,0.842124402523041,3.95103215588058,50.9889999032021,3.83286118507385,38.3286118507385,74.0227508544922,5.3193201550214,0.880999982357025,455.555541992188,0.279636889696121
-2.25,37.75,2.96589875221252,5,2.73028213121452,14.3372135162354,55.0246894359589,0.891975313425064,0.706615686416626,4.18989760507267,65.0160309076309,3.47520017623901,34.7520017623901,74.0227508544922,5.22520311623437,0.880999982357025,440.555541992188,0.265565812587738
-1.75,37.75,2.91218900680542,5,4.2671237281425,70.3162155151367,31.8364202976227,9.00000035762787,0.932658672332764,4.3373111978723,75.5015649795532,3.3739709854126,33.739709854126,74.0227508544922,6.0106110556696,0.884999990463257,353.777770996094,0.208813712000847
-1.25,37.75,3.10028147697449,5,5.69109088693751,295.216583251953,49.800905585289,15.0968000292778,0.900661766529083,4.50067003356773,89.0774660110474,3.27881264686584,32.7881264686584,74.0227508544922,7.09463258434098,0.884999990463257,303.111114501953,0.179890468716621
-0.75,37.75,NA,NA,6.26898414843911,526.940795898438,63.4304225444794,30.010262131691,0.837522566318512,NA,NA,3.50397229194641,35.0397229194641,NA,NA,NA,292.142852783203,NA
-0.25,37.75,NA,NA,NA,NA,NA,NA,NA,NA,NA,NA,NA,NA,NA,NA,NA,NA
0.25,37.75,NA,NA,NA,NA,NA,NA,NA,NA,NA,NA,NA,NA,NA,NA,NA,NA
0.75,37.75,NA,NA,NA,NA,NA,NA,NA,NA,NA,NA,NA,NA,NA,NA,NA,NA
1.25,37.75,NA,NA,NA,NA,NA,NA,NA,NA,NA,NA,NA,NA,NA,NA,NA,NA
1.75,37.75,NA,NA,NA,NA,NA,NA,NA,NA,NA,NA,NA,NA,NA,NA,NA,NA
2.25,37.75,NA,NA,NA,NA,NA,NA,NA,NA,NA,NA,NA,NA,NA,NA,NA,NA
2.75,37.75,NA,NA,NA,NA,NA,NA,NA,NA,NA,NA,NA,NA,NA,NA,NA,NA
3.25,37.75,NA,NA,NA,NA,NA,NA,NA,NA,NA,NA,NA,NA,NA,NA,NA,NA
3.75,37.75,NA,NA,NA,NA,NA,NA,NA,NA,NA,NA,NA,NA,NA,NA,NA,NA
4.25,37.75,NA,NA,NA,NA,NA,NA,NA,NA,NA,NA,NA,NA,NA,NA,NA,NA
4.75,37.75,NA,NA,NA,NA,NA,NA,NA,NA,NA,NA,NA,NA,NA,NA,NA,NA
5.25,37.75,NA,NA,NA,NA,NA,NA,NA,NA,NA,NA,NA,NA,NA,NA,NA,NA
5.75,37.75,NA,NA,NA,NA,NA,NA,NA,NA,NA,NA,NA,NA,NA,NA,NA,NA
6.25,37.75,NA,NA,NA,NA,NA,NA,NA,NA,NA,NA,NA,NA,NA,NA,NA,NA
6.75,37.75,NA,NA,NA,NA,NA,NA,NA,NA,NA,NA,NA,NA,NA,NA,NA,NA
7.25,37.75,NA,NA,NA,NA,NA,NA,NA,NA,NA,NA,NA,NA,NA,NA,NA,NA
7.75,37.75,NA,NA,NA,NA,NA,NA,NA,NA,NA,NA,NA,NA,NA,NA,NA,NA
8.25,37.75,NA,NA,NA,NA,NA,NA,NA,NA,NA,NA,NA,NA,NA,NA,NA,NA
8.75,37.75,NA,NA,NA,NA,NA,NA,NA,NA,NA,NA,NA,NA,NA,NA,NA,NA
9.25,37.75,NA,NA,NA,NA,NA,NA,NA,NA,NA,NA,NA,NA,NA,NA,NA,NA
9.75,37.75,NA,NA,NA,NA,NA,NA,NA,NA,NA,NA,NA,NA,NA,NA,NA,NA
10.25,37.75,NA,NA,NA,NA,NA,NA,NA,NA,NA,NA,NA,NA,NA,NA,NA,NA
10.75,37.75,NA,NA,NA,NA,NA,NA,NA,NA,NA,NA,NA,NA,NA,NA,NA,NA
11.25,37.75,NA,NA,NA,NA,NA,NA,NA,NA,NA,NA,NA,NA,NA,NA,NA,NA
11.75,37.75,NA,NA,NA,NA,NA,NA,NA,NA,NA,NA,NA,NA,NA,NA,NA,NA
12.25,37.75,NA,NA,6.0958530863383,443.012664794922,49.2346942424774,0.127551017794758,0.757784843444824,NA,NA,4.56703472137451,45.6703472137451,NA,NA,NA,482.25,NA
12.75,37.75,2.75657391548157,5,4.85195724556399,126.990653991699,82.8886151313782,0,0.535910069942474,3.73236417259953,40.7777613401413,4.07245349884033,40.7245349884033,70.4018936157227,7.19153209178134,0.859000027179718,494.666656494141,0.328705757856369
13.25,37.75,2.75657391548157,5,4.2792443887947,71.1858749389648,83.6203157901764,0,0.569455564022064,3.96013829454398,51.4645810127258,4.61022138595581,46.1022138595581,70.4018936157227,6.56546000561966,0.859000027179718,523,0.350612699985504
13.75,37.75,2.75657391548157,5,4.21964973646384,67.0096588134766,83.6250483989716,0,0.451318293809891,4.26129652607669,69.9018499851227,4.78138446807861,47.8138446807861,70.4018936157227,6.38303999886076,0.859000027179718,511.666656494141,0.352798730134964
14.25,37.75,2.75657391548157,5,4.02290060731273,54.862907409668,69.3267822265625,0,0.538632690906525,4.34181762508899,75.8470916748047,4.91552591323853,49.1552591323853,70.4018936157227,6.59056569447735,0.859000027179718,535.333312988281,0.377526551485062
14.75,37.75,2.75657391548157,5,4.65619812534789,104.235229492188,53.1762719154358,0,0.756049990653992,4.21130720043196,66.4446458816528,5.05155372619629,50.5155372619629,70.4018936157227,6.56353755943865,0.859000027179718,580,0.417377293109894
15.25,37.75,NA,NA,6.50350244846379,666.475341796875,36.904913187027,0,0.794465482234955,NA,NA,5.62269353866577,56.2269353866577,NA,NA,NA,637.571411132812,NA
15.75,37.75,NA,NA,5.2564752150546,190.804229736328,45.7585126161575,0,0.842849671840668,NA,NA,4.74338483810425,47.4338483810425,NA,NA,NA,767.666687011719,NA
16.25,37.75,NA,NA,4.56179297668748,94.755012512207,56.4598143100739,0,0.812532126903534,NA,NA,5.03575992584229,50.3575992584229,NA,NA,NA,795,NA
16.75,37.75,NA,NA,NA,NA,NA,NA,NA,NA,NA,NA,NA,NA,NA,NA,NA,NA
17.25,37.75,NA,NA,NA,NA,NA,NA,NA,NA,NA,NA,NA,NA,NA,NA,NA,NA
17.75,37.75,NA,NA,NA,NA,NA,NA,NA,NA,NA,NA,NA,NA,NA,NA,NA,NA
18.25,37.75,NA,NA,NA,NA,NA,NA,NA,NA,NA,NA,NA,NA,NA,NA,NA,NA
18.75,37.75,NA,NA,NA,NA,NA,NA,NA,NA,NA,NA,NA,NA,NA,NA,NA,NA
19.25,37.75,NA,NA,NA,NA,NA,NA,NA,NA,NA,NA,NA,NA,NA,NA,NA,NA
19.75,37.75,NA,NA,NA,NA,NA,NA,NA,NA,NA,NA,NA,NA,NA,NA,NA,NA
20.25,37.75,NA,NA,NA,NA,NA,NA,NA,NA,NA,NA,NA,NA,NA,NA,NA,NA
20.75,37.75,1.4219388961792,4.52692699432373,4.55946100602974,94.5319747924805,39.2234116792679,0.30013129580766,0.677206516265869,4.74065671902547,113.509377479553,5.78410625457764,57.8410625457764,62.8060684204102,7.15852701174488,0.871999979019165,931.857116699219,0.643776535987854
21.25,37.75,NA,NA,4.65544407439171,104.155906677246,80.4276168346405,21.9918012619019,0.789025723934174,NA,NA,4.22448015213013,42.2448015213013,NA,7.18098893043279,NA,790.5,NA
21.75,37.75,1.4219388961792,4.52692699432373,3.11660839395183,21.5697021484375,37.0110809803009,1.8404521048069,0.796876609325409,5.00823042495081,148.639703035355,4.78027248382568,47.8027248382568,62.8060684204102,6.18116959112782,0.864000022411346,808.222229003906,0.580132305622101
22.25,37.75,1.4219388961792,4.52692699432373,2.95095898002044,18.1242847442627,20.7751274108887,0.519223650917411,0.718746602535248,4.3664526781763,77.7637352347374,5.61922836303711,56.1922836303711,62.8060684204102,5.85366914135863,0.870999991893768,839,0.605932176113129
22.75,37.75,1.4219388961792,4.52692699432373,4.39949488051495,80.4097366333008,47.836497426033,0.826279073953629,0.643621027469635,4.1453597306282,62.1403313279152,4.77453851699829,47.7453851699829,62.8060684204102,6.56923288313793,0.870999991893768,646.111083984375,0.451796412467957
23.25,37.75,NA,NA,4.22500804181331,67.3750534057617,11.2010702490807,0.40833568200469,0.65821236371994,NA,NA,5.00909519195557,50.0909519195557,NA,NA,NA,518.666687011719,NA
23.75,37.75,NA,NA,7.84355658417308,2548.25537109375,31.7466378211975,0.0763140327762812,0.783092677593231,NA,NA,3.9425325393676798,39.4253253936768,NA,NA,NA,414.125,NA
24.25,37.75,NA,NA,4.79434982258968,119.825798034668,18.4721916913986,0,0.797207593917847,NA,NA,4.11398839950562,41.1398839950562,NA,NA,NA,403.666656494141,NA
24.75,37.75,NA,NA,3.22863918030726,24.2452793121338,25.9836822748184,0.29011785518378,0.714012444019318,NA,NA,4.66136264801025,46.6136264801025,NA,NA,NA,438.125,NA
25.25,37.75,NA,NA,3.95079854703977,50.9768562316895,33.9607208967209,2.65957452356815,0.615747570991516,NA,NA,4.37489414215088,43.7489414215088,NA,NA,NA,444.333343505859,NA
25.75,37.75,NA,NA,2.12150338311688,7.34367179870605,7.69230797886848,0,0.453975677490234,NA,NA,4.72458696365356,47.2458696365356,NA,NA,NA,556,NA
26.25,37.75,NA,NA,3.51537624671496,32.6285781860352,7.15527236461639,0,0.706708014011383,NA,NA,5.1303768157959,51.303768157959,NA,6.11248777039049,NA,615.400024414062,NA
26.75,37.75,0.924638271331787,5,4.32256684935632,74.3818740844727,13.8806462287903,0.708869099617004,0.769381761550903,4.23617261534001,68.1427090167999,5.2601490020752,52.601490020752,62.8060684204102,5.7652396044679,0.870000004768372,688.5,0.382147401571274
27.25,37.75,NA,NA,5.08790278271459,161.049652099609,44.4829225540161,34.0668112039566,0.819350123405457,3.72764429187057,40.5810399055481,4.82448530197144,48.2448530197144,31.9290428161621,6.59548321522047,NA,709.333312988281,0.389072120189667
27.75,37.75,1.39948105812073,4.21528673171997,5.02186624073789,150.694137573242,38.906055688858,21.1588382720947,0.871801316738129,4.28685773799709,71.7375485897064,4.56281566619873,45.6281566619873,31.9290428161621,6.71971930584986,0.855000019073486,723.222229003906,0.397365272045135
28.25,37.75,1.39948105812073,4.21528673171997,4.76653027167826,116.510803222656,36.4687323570251,18.1941822171211,0.83797949552536,4.1311694891344,61.2506818771362,4.7590126991272,47.590126991272,31.9290428161621,6.55614439531524,0.855000019073486,716.444458007812,0.415048509836197
28.75,37.75,1.39948105812073,4.21528673171997,4.04516852420497,56.1208114624023,36.6418838500977,10.638166218996,0.75929719209671,4.01262296864823,54.291708946228,4.65512990951538,46.5512990951538,31.9290428161621,6.60188752322849,0.855000019073486,689.111083984375,0.414901196956635
29.25,37.75,1.39948105812073,4.21528673171997,5.67174517623287,289.541137695312,40.8872008323669,12.0330922305584,0.758176684379578,4.04651759808142,56.1979236602783,4.58144426345825,45.8144426345825,31.9290428161621,6.86157015076508,0.855000019073486,601.666687011719,0.382702231407166
29.75,37.75,1.39948105812073,4.21528673171997,3.04551884869318,20.0209350585938,38.5066211223602,2.59689800441265,0.683794975280762,3.92369214511473,49.5868744850159,4.38554239273071,43.8554239273071,31.9290428161621,6.22683854268372,0.855000019073486,544,0.356297105550766
30.25,37.75,1.20946967601776,4.59975528717041,4.38741095882206,79.4319076538086,41.7669087648392,4.44685481488705,0.73641574382782,4.11725399821943,60.3904323577881,4.4702582359314,44.702582359314,31.9290428161621,6.48852283030719,0.843999981880188,528.222229003906,0.353602856397629
30.75,37.75,1.26632797718048,3.07620286941528,4.88757575840578,131.631652832031,23.1421858072281,1.05633800849319,0.641597151756287,3.87152272489311,47.0154447555542,4.86992168426514,48.6992168426514,31.9290428161621,6.39063383640845,0.843999981880188,559.888916015625,0.382135599851608
31.25,37.75,1.58667528629303,2.8219747543335,2.52246098220929,11.4592208862305,13.3248463273048,1.19173917919397,0.636792063713074,3.64450643918282,37.2638826370239,5.03647375106812,50.3647375106812,31.9290428161621,5.55852041336447,0.843999981880188,611.777770996094,0.41692703962326
31.75,37.75,1.2913361787796,4.84274768829346,3.13487421839293,21.9857444763184,57.0880115032196,6.35786280035973,0.652704894542694,3.44874361258283,30.4608404636383,4.86571168899536,48.6571168899536,31.9290428161621,5.91397385523361,0.870999991893768,586,0.392467617988586
32.25,37.75,1.2913361787796,4.84274768829346,5.39888623104533,220.159957885742,34.7186595201492,3.76355722546577,0.838332712650299,3.9544581649557,51.1674201488495,4.65248012542725,46.5248012542725,31.9290428161621,6.90428013143458,0.870999991893768,531.888916015625,0.358117252588272
32.75,37.75,1.2913361787796,4.84274768829346,4.82373282636268,123.428695678711,79.1575312614441,59.8066747188568,0.538751721382141,4.22269004537447,67.2167438268661,3.98458456993103,39.8458456993103,31.9290428161621,6.95561390356249,0.870999991893768,468.222229003906,0.304287016391754
33.25,37.75,1.2913361787796,4.84274768829346,4.05883197705312,56.9066352844238,78.2860159873962,37.3538702726364,0.567099571228027,4.63790075080935,102.327210187912,3.50710248947144,35.0710248947144,31.9290428161621,5.60807382883747,0.870999991893768,427,0.280500054359436
33.75,37.75,1.45376765727997,4.67260122299194,3.27054777832928,25.325756072998,44.2994117736816,6.91617727279663,0.660179853439331,4.56607874208996,95.1662766933441,3.28314805030823,32.8314805030823,31.9290428161621,5.75840634221401,0.870999991893768,401.777770996094,0.26080533862114
34.25,37.75,1.30856788158417,5,3.77126542367818,42.4349937438965,51.3473451137543,12.8777354955673,0.663147449493408,4.24984572711187,69.0945978164673,3.35306787490845,33.5306787490845,31.9290428161621,6.06488954792197,0.870999991893768,372.666656494141,0.249075040221214
34.75,37.75,1.71461021900177,4.08276462554932,3.51130411587898,32.4919166564941,27.6298731565475,3.68460081517696,0.832971453666687,3.9974590017673,53.4595923423767,4.26306915283203,42.6306915283203,31.9290428161621,6.21993112518239,0.833999991416931,411.444458007812,0.289536595344543
35.25,37.75,1.71461021900177,4.08276462554932,2.35299573477477,9.51702880859375,12.3985305428505,0.209883018396795,0.70419728755950906,3.55220097571591,33.890025138855,5.15568113327026,51.5568113327026,31.9290428161621,5.27559394039318,0.843999981880188,557.666687011719,0.383084237575531
35.75,37.75,1.71461021900177,4.08276462554932,3.31780956691011,26.5998287200928,6.6210612654686,1.34649910032749,0.476460069417953,3.66973582984621,38.2415380477905,5.25035238265991,52.5035238265991,31.9290428161621,5.74764242802793,0.843999981880188,637.888916015625,0.399039268493652
36.25,37.75,1.7300192117691,4.86105871200562,3.64320585213676,37.2141494750977,14.8603558540344,5.47763220965862,0.607052385807037,3.51066966783674,32.4706745147705,5.29168319702148,52.9168319702148,31.9290428161621,6.00125630995307,0.843999981880188,653.444458007812,0.426703333854675
36.75,37.75,1.7300192117691,4.86105871200562,5.11902968556119,166.173080444336,24.8197630047798,7.48822465538979,0.79383772611618,3.40079962037568,28.9880695343018,4.96044826507568,49.6044826507568,31.9290428161621,6.46478869188096,0.843999981880188,636,0.393213301897049
37.25,37.75,1.7300192117691,4.86105871200562,4.28843749005208,71.8525466918945,40.928190946579,7.86058604717255,0.799651026725769,3.35594064187186,27.672562122345,4.93146848678589,49.3146848678589,31.9290428161621,6.17440236904968,0.843999981880188,568.222229003906,0.347013801336288
37.75,37.75,1.89059865474701,3.84390497207642,3.77998550894072,42.8154067993164,55.8343887329102,9.46560651063919,0.767121553421021,3.51895744410001,32.7492246627808,4.74919271469116,47.4919271469116,31.9290428161621,6.0541096161056,0.805000007152557,545.111083984375,0.310272365808487
38.25,37.75,1.71076786518097,0,4.84576848420023,126.200996398926,72.9677557945251,34.4804227352142,0.711314857006073,3.31378780972517,26.4890518188477,4.68522262573242,46.8522262573242,31.9290428161621,6.49257935479188,0.805000007152557,573.777770996094,0.306553781032562
38.75,37.75,1.71076786518097,0,4.18413237047706,64.6365280151367,87.8714680671692,15.0490418076515,0.463100969791412,3.89780833156013,48.2942938804626,4.49056482315063,44.9056482315063,31.9290428161621,6.21565808410362,0.805000007152557,535.555541992188,0.287270605564117
39.25,37.75,1.71076786518097,0,3.82985655117881,45.0559310913086,75.9654760360718,46.2772458791733,0.551984786987305,4.67606324314028,106.346642017365,4.38401412963867,43.8401412963867,31.9290428161621,6.1986422078747,0.805000007152557,548.111083984375,0.291441798210144
39.75,37.75,1.71076786518097,0,5.03649344526565,152.929306030273,61.1628532409668,19.7883471846581,0.715134024620056,4.45712440626417,85.2391633987427,4.63162851333618,46.3162851333618,31.9290428161621,5.93490993869073,0.805000007152557,667.555541992188,0.349003076553345
-9.75,37.25,NA,NA,NA,NA,NA,NA,NA,NA,NA,NA,NA,NA,NA,NA,NA,NA
-9.25,37.25,NA,NA,NA,NA,NA,NA,NA,NA,NA,NA,NA,NA,NA,NA,NA,NA
-8.75,37.25,2.58901834487915,4.71523761749268,4.45835771682661,85.345588684082,15.3707325458527,4.46182377636433,0.690978944301605,3.00392371525144,19.1645016670227,5.9632363319397,59.632363319397,78.6764907836914,6.82994410363508,0.859000027179718,535.111083984375,0.371756136417389
-8.25,37.25,2.58901834487915,4.71523761749268,4.54106614076469,92.7907409667969,21.9837367534637,0.769174424931407,0.653649926185608,3.37643626668359,28.2662878036499,5.42893743515015,54.2893743515015,78.6764907836914,7.0988956641237,0.859000027179718,559,0.357953518629074
-7.75,37.25,2.86165928840637,1.63809943199158,4.37959696575188,78.8058624267578,14.4112721085548,0.266875419765711,0.750561833381653,3.30454895261843,26.2362539768219,4.67404174804688,46.7404174804688,78.6764907836914,6.58597884936156,0.859000027179718,556.888916015625,0.338149189949036
-7.25,37.25,3.16086673736572,4.14460182189941,4.77713293401749,117.763359069824,31.3636839389801,1.58763527870178,0.778455793857574,3.21510617831615,23.9059362411499,4.47859001159668,44.7859001159668,74.0227508544922,6.27495039638164,0.880999982357025,504,0.301095843315125
-6.75,37.25,3.2788348197937,4.73540449142456,5.17114034101401,175.11555480957,47.0963716506958,3.82998585700989,0.78804224729538,2.61836743325096,12.7133173942566,4.17025136947632,41.7025136947632,74.0227508544922,6.15085826358563,0.880999982357025,498.555541992188,0.29549115896225
-6.25,37.25,3.2788348197937,4.73540449142456,5.49783994917913,243.163955688477,75.7444024085999,26.3023018836975,0.80053699016571,3.06641726652011,20.464861869812,3.8260440826416,38.260440826416,74.0227508544922,6.70040433414532,0.880999982357025,528.666687011719,0.307170301675797
-5.75,37.25,3.2788348197937,4.73540449142456,6.09417718155838,442.269165039062,88.0346417427063,13.8245701789856,0.623273134231567,3.38132479227818,28.409707069397,3.38022041320801,33.8022041320801,74.0227508544922,6.91935268532698,0.880999982357025,568.111083984375,0.324480384588242
-5.25,37.25,3.2788348197937,4.73540449142456,4.01828121221794,54.6054496765137,87.2898101806641,2.52843722701073,0.538840293884277,3.7165792904828,40.1234817504883,3.59725308418274,35.9725308418274,74.0227508544922,5.98447745610232,0.880999982357025,590.111083984375,0.344201415777206
-4.75,37.25,4.06951379776001,5,4.48091146485396,87.3151321411133,90.6939923763275,4.65455688536167,0.516609370708466,3.70934364238287,39.827000617981,3.53064179420471,35.3064179420471,74.0227508544922,6.06818353760348,0.880999982357025,590.444458007812,0.346604704856873
-4.25,37.25,4.06951379776001,5,4.2170980669447,66.8363418579102,80.2366137504578,1.24844331294298,0.570300877094269,3.88341033008379,47.589639544487,3.89850521087646,38.9850521087646,74.0227508544922,6.09190672994225,0.880999982357025,557.444458007812,0.324649691581726
-3.75,37.25,4.06951379776001,5,5.58862785576851,266.368499755859,75.0664293766022,5.42235672473907,0.72386723756790206,3.72703969473917,40.5559077262878,3.845050573349,38.45050573349,74.0227508544922,6.74870258926423,0.880999982357025,465.666656494141,0.293853908777237
-3.25,37.25,2.96589875221252,5,3.3724137420087,28.1487998962402,28.5086899995804,1.86800267547369,0.880868375301361,3.72165633110883,40.332798242569,4.48009300231934,44.8009300231934,74.0227508544922,6.05492192333475,0.880999982357025,579.777770996094,0.341926038265228
-2.75,37.25,2.96589875221252,5,3.08845352049474,20.9431171417236,18.604938685894,0.521604949608445,0.787084639072418,3.46236737140705,30.892388343811,3.9920060634613,39.920060634613,74.0227508544922,5.69055831430755,0.880999982357025,492.777770996094,0.295836359262466
-2.25,37.25,3.10028147697449,5,3.49231260707449,31.8618564605713,8.31790119409561,0.302469125017524,0.80522757768631,3.58888408616543,35.1936643719673,3.20119023323059,32.0119023323059,74.0227508544922,5.94602574403397,0.880999982357025,355.444458007812,0.21866263449192
-1.75,37.25,NA,NA,4.66947605505664,105.64185333252,32.2046428918839,5.65103590488434,0.877646088600159,NA,NA,3.04059982299805,30.4059982299805,NA,NA,NA,268.714294433594,NA
-1.25,37.25,NA,NA,4.86530429968914,128.710403442383,26.6435980796814,9.68858152627945,0.754130244255066,NA,NA,2.93680715560913,29.3680715560913,NA,NA,NA,255,NA
-0.75,37.25,NA,NA,NA,NA,NA,NA,NA,NA,NA,NA,NA,NA,NA,NA,NA,NA
-0.25,37.25,NA,NA,NA,NA,NA,NA,NA,NA,NA,NA,NA,NA,NA,NA,NA,NA
0.25,37.25,NA,NA,NA,NA,NA,NA,NA,NA,NA,NA,NA,NA,NA,NA,NA,NA
0.75,37.25,NA,NA,NA,NA,NA,NA,NA,NA,NA,NA,NA,NA,NA,NA,NA,NA
1.25,37.25,NA,NA,NA,NA,NA,NA,NA,NA,NA,NA,NA,NA,NA,NA,NA,NA
1.75,37.25,NA,NA,NA,NA,NA,NA,NA,NA,NA,NA,NA,NA,NA,NA,NA,NA
2.25,37.25,NA,NA,NA,NA,NA,NA,NA,NA,NA,NA,NA,NA,NA,NA,NA,NA
2.75,37.25,NA,NA,NA,NA,NA,NA,NA,NA,NA,NA,NA,NA,NA,NA,NA,NA
3.25,37.25,NA,NA,NA,NA,NA,NA,NA,NA,NA,NA,NA,NA,NA,NA,NA,NA
3.75,37.25,NA,NA,NA,NA,NA,NA,NA,NA,NA,NA,NA,NA,NA,NA,NA,NA
4.25,37.25,NA,NA,NA,NA,NA,NA,NA,NA,NA,NA,NA,NA,NA,NA,NA,NA
4.75,37.25,NA,NA,NA,NA,NA,NA,NA,NA,NA,NA,NA,NA,NA,NA,NA,NA
5.25,37.25,NA,NA,NA,NA,NA,NA,NA,NA,NA,NA,NA,NA,NA,NA,NA,NA
5.75,37.25,NA,NA,NA,NA,NA,NA,NA,NA,NA,NA,NA,NA,NA,NA,NA,NA
6.25,37.25,NA,NA,4.99121815767447,146.115524291992,1.17130307480693,0,0.0522334910929203,NA,NA,6.99982976913452,69.9982976913452,NA,NA,NA,1308.5,NA
6.75,37.25,NA,NA,7.03605680261047,1135.89575195312,28.7410914897919,0,0.445480167865753,NA,NA,6.26578760147095,62.6578760147095,NA,NA,NA,1022,NA
7.25,37.25,NA,NA,4.13066308414724,61.219165802002,15.7001420855522,0,0.342398196458817,NA,NA,6.54892921447754,65.4892921447754,NA,NA,NA,815.333312988281,NA
7.75,37.25,NA,NA,4.76612356340849,116.463020324707,1.2269938364625,0,0.0758495777845383,NA,NA,7.88735103607178,78.8735103607178,NA,NA,NA,974,NA
8.25,37.25,NA,NA,NA,NA,NA,NA,NA,NA,NA,NA,NA,NA,NA,NA,NA,NA
8.75,37.25,NA,NA,4.3864811342203,79.3571548461914,17.6861703395844,0,0.480158746242523,NA,NA,6.03941202163696,60.3941202163696,NA,NA,NA,805,NA
9.25,37.25,NA,NA,4.21741247708587,66.8576736450195,47.6737290620804,0.22225514985621,0.435469090938568,4.42318302304635,82.3612041473389,5.39058923721313,53.9058923721313,NA,5.71906959035836,NA,748.833312988281,NA
9.75,37.25,2.36101770401001,3.03154349327087,5.73540229783528,308.637512207031,81.0831546783447,0.0708717212546617,0.327631920576096,NA,NA,4.24248695373535,42.4248695373535,36.9086227416992,5.98460413890861,0.718999981880188,621.428588867188,0.376704096794128
10.25,37.25,NA,NA,5.63907358310364,280.202087402344,85.0180804729462,0,0.275801807641983,NA,NA,4.29562616348267,42.9562616348267,NA,7.16983301277022,NA,543.5,NA
10.75,37.25,NA,NA,4.83018564142263,124.23420715332,77.9940128326416,0,0.366661250591278,NA,NA,4.35787105560303,43.5787105560303,NA,NA,NA,524,NA
11.25,37.25,NA,NA,4.83018558050162,124.234199523926,65.195244550705,0,0.447072625160217,NA,NA,4.24248838424683,42.4248838424683,NA,NA,NA,519,NA
11.75,37.25,NA,NA,NA,NA,NA,NA,NA,NA,NA,NA,NA,NA,NA,NA,NA,NA
12.25,37.25,NA,NA,NA,NA,NA,NA,NA,NA,NA,NA,NA,NA,NA,NA,NA,NA
12.75,37.25,NA,NA,NA,NA,NA,NA,NA,NA,NA,NA,NA,NA,NA,NA,NA,NA
13.25,37.25,NA,NA,4.22377050646729,67.2904891967773,76.0210573673248,0,0.611165106296539,NA,NA,4.28539085388184,42.8539085388184,NA,NA,NA,449.5,NA
13.75,37.25,2.75657391548157,5,5.36671465258744,213.158126831055,83.5864961147308,0,0.480882525444031,3.68197949767263,38.7249517440796,4.21287822723389,42.1287822723389,70.4018936157227,6.41758252364712,0.859000027179718,439.125,0.306247055530548
14.25,37.25,2.75657391548157,5,4.83761108098811,125.167587280273,84.5788538455963,0,0.470752388238907,3.69948496997728,39.4264781475067,4.2806282043457,42.806282043457,70.4018936157227,6.41804547091392,0.859000027179718,443.333343505859,0.308417320251465
14.75,37.25,2.75657391548157,5,4.37651497140281,78.5602798461914,85.6619954109192,0,0.564495086669922,3.83109713249278,45.1131026744843,4.72231483459473,47.2231483459473,70.4018936157227,6.61782915406866,0.859000027179718,490.444458007812,0.333438217639923
15.25,37.25,2.75657391548157,5,5.97211371135435,391.334075927734,66.0239517688751,0,0.689529180526733,NA,NA,5.3186993598938,53.186993598938,NA,NA,NA,505.399993896484,NA
15.75,37.25,NA,NA,NA,NA,NA,NA,NA,NA,NA,NA,NA,NA,NA,NA,NA,NA
16.25,37.25,NA,NA,NA,NA,NA,NA,NA,NA,NA,NA,NA,NA,NA,NA,NA,NA
16.75,37.25,NA,NA,NA,NA,NA,NA,NA,NA,NA,NA,NA,NA,NA,NA,NA,NA
17.25,37.25,NA,NA,NA,NA,NA,NA,NA,NA,NA,NA,NA,NA,NA,NA,NA,NA
17.75,37.25,NA,NA,NA,NA,NA,NA,NA,NA,NA,NA,NA,NA,NA,NA,NA,NA
18.25,37.25,NA,NA,NA,NA,NA,NA,NA,NA,NA,NA,NA,NA,NA,NA,NA,NA
18.75,37.25,NA,NA,NA,NA,NA,NA,NA,NA,NA,NA,NA,NA,NA,NA,NA,NA
19.25,37.25,NA,NA,NA,NA,NA,NA,NA,NA,NA,NA,NA,NA,NA,NA,NA,NA
19.75,37.25,NA,NA,NA,NA,NA,NA,NA,NA,NA,NA,NA,NA,NA,NA,NA,NA
20.25,37.25,NA,NA,NA,NA,NA,NA,NA,NA,NA,NA,NA,NA,NA,NA,NA,NA
20.75,37.25,NA,NA,NA,NA,NA,NA,NA,NA,NA,NA,NA,NA,NA,NA,NA,NA
21.25,37.25,NA,NA,NA,NA,NA,NA,NA,NA,NA,NA,NA,NA,NA,NA,NA,NA
21.75,37.25,1.4219388961792,4.52692699432373,3.61552235788965,36.1707572937012,41.9181168079376,0.396477617323399,0.780794262886047,4.5393986980789,92.6344805955887,4.70446586608887,47.0446586608887,62.8060684204102,6.45204548871257,0.870999991893768,788,0.548752188682556
22.25,37.25,1.4219388961792,4.52692699432373,4.00446201024485,53.8423118591309,21.0841298103333,0.538931554183364,0.805940210819244,4.14804312795299,62.3099894523621,4.75598239898682,47.5598239898682,62.8060684204102,6.1483350660769,0.870999991893768,780.666687011719,0.558837175369263
22.75,37.25,1.4219388961792,4.52692699432373,2.63034644495154,12.8785772323608,6.82945623993874,0.0171057137777098,0.561733424663544,4.12901572202867,61.1167526841164,5.1408052444458,51.408052444458,62.8060684204102,6.08524434838364,0.870999991893768,686.333312988281,0.481012761592865
23.25,37.25,NA,NA,3.78031446560398,42.8298225402832,16.4475455880165,0.0536624633241445,0.63411283493042,NA,NA,4.57661533355713,45.7661533355713,NA,NA,NA,507,NA
23.75,37.25,NA,NA,NA,NA,NA,NA,NA,NA,NA,NA,NA,NA,NA,NA,NA,NA
24.25,37.25,NA,NA,2.81230794752603,15.6482973098755,18.8679248094559,0,0.370792984962463,NA,NA,4.14441299438477,41.4441299438477,NA,NA,NA,413.666656494141,NA
24.75,37.25,NA,NA,5.33866644652746,207.234832763672,31.5245479345322,0,0.6409632563591,NA,NA,4.34609413146973,43.4609413146973,NA,NA,NA,412.5,NA
25.25,37.25,NA,NA,4.42664290497139,82.6501235961914,41.0517930984497,0.0796812761109322,0.628787636756897,NA,NA,4.19438648223877,41.9438648223877,NA,NA,NA,432.166656494141,NA
25.75,37.25,NA,NA,2.83655839369725,16.0569610595703,14.984156191349,0,0.578466892242432,NA,NA,4.77205228805542,47.7205228805542,NA,NA,NA,501.200012207031,NA
26.25,37.25,NA,NA,NA,NA,NA,NA,NA,NA,NA,NA,NA,NA,NA,NA,NA,NA
26.75,37.25,NA,NA,4.38701761130442,79.400276184082,16.4489597082138,0.241896463558078,0.65693873167038,NA,NA,4.71663284301758,47.1663284301758,NA,4.45617986446173,NA,652.125,NA
27.25,37.25,NA,NA,5.35400319839369,210.453094482422,24.255508184433,0.697442702949047,0.87687760591507,NA,NA,4.99239730834961,49.9239730834961,NA,6.20432296543529,NA,718.888916015625,NA
27.75,37.25,1.41395223140717,3.19078636169434,4.49366322899785,88.4485168457031,16.5258437395096,4.51184883713722,0.701644718647003,3.85890750764328,46.4135241508484,5.02850675582886,50.2850675582886,31.9290428161621,6.2453509924707,0.855000019073486,793.666687011719,0.418518960475922
28.25,37.25,1.39948105812073,4.21528673171997,4.01040180040494,54.1690330505371,18.0239498615265,2.1206546574831,0.625486135482788,3.53115316991579,33.1633410453796,5.17462968826294,51.7462968826294,31.9290428161621,6.28357330025551,0.855000019073486,895.222229003906,0.492953360080719
28.75,37.25,1.39948105812073,4.21528673171997,3.74160245680103,41.1655044555664,6.42193332314491,2.27237641811371,0.347392380237579,3.2252041777261,24.1587104797363,4.92543745040894,49.2543745040894,31.9290428161621,6.02361199012826,0.855000019073486,813.777770996094,0.481456577777863
29.25,37.25,1.41395223140717,3.19078636169434,3.60475337044273,35.7726135253906,20.4355627298355,7.98119157552719,0.608710587024689,3.80409332093594,43.8845357894897,4.69941663742065,46.9941663742065,31.9290428161621,6.16938431495292,0.855000019073486,643.666687011719,0.410806983709335
29.75,37.25,1.20946967601776,4.59975528717041,3.16925918935206,22.7898540496826,36.4341557025909,14.366389811039,0.814595341682434,3.88605231900678,47.7181825637817,4.4924955368042,44.924955368042,31.9290428161621,6.07186194697898,0.843999981880188,555.333312988281,0.357428193092346
30.25,37.25,1.41395223140717,3.19078636169434,3.35287453267667,27.5847835540771,44.4015443325043,2.43088807910681,0.681758403778076,4.48927930382,88.0572395324707,4.37979459762573,43.7979459762573,31.9290428161621,6.23255113546615,0.843999981880188,512.888916015625,0.336004465818405
30.75,37.25,1.26632797718048,3.07620286941528,5.21093810184986,182.265899658203,20.4432874917984,3.43908704817295,0.566269755363464,5.17474564993198,175.751651763916,4.85270643234253,48.5270643234253,31.9290428161621,6.77711166304878,0.843999981880188,627,0.386352479457855
31.25,37.25,1.58667528629303,2.8219747543335,3.94815616809165,50.8396949768066,6.31520450115204,0.981542095541954,0.49275466799736,3.83467479256422,45.2783751487732,5.18474721908569,51.8474721908569,31.9290428161621,5.76997568149643,0.843999981880188,691.555541992188,0.448949962854385
31.75,37.25,1.49983048439026,3.40843224525452,2.68652125394555,13.6805171966553,12.1748052537441,5.62583543360233,0.628816246986389,2.95745698469943,18.2489590644836,5.19299221038818,51.9299221038818,31.9290428161621,5.80316418480546,0.843999981880188,673.555541992188,0.455238819122314
32.25,37.25,1.2913361787796,4.84274768829346,2.80877407240618,15.5895681381226,19.9906319379807,3.98438721895218,0.826720178127289,3.27281127178986,25.3854117393494,5.03479909896851,50.3479909896851,31.9290428161621,5.8600962534478,0.870999991893768,632.888916015625,0.425149351358414
32.75,37.25,1.30856788158417,5,2.92178264281587,17.574369430542,51.1188745498657,17.4136117100716,0.79121595621109,3.6192510079513,36.3096127510071,4.36441373825073,43.6441373825073,31.9290428161621,6.01490910545465,0.870999991893768,532.222229003906,0.345975339412689
33.25,37.25,1.30856788158417,5,3.97676003801183,52.343921661377,72.2145020961761,30.9022963047028,0.699641585350037,4.23399512582036,67.9923152923584,3.8000590801239,38.000590801239,31.9290428161621,6.2182749512768,0.870999991893768,434.444458007812,0.289339363574982
33.75,37.25,1.30856788158417,5,2.92128407523721,17.5651111602783,46.522331237793,4.63895238935947,0.641301214694977,4.12652175777953,60.9620287418365,3.80839133262634,38.0839133262634,31.9290428161621,5.34592187414237,0.870999991893768,457.555541992188,0.309472978115082
34.25,37.25,1.30856788158417,5,4.4206330112412,82.1489028930664,20.8070695400238,0.936225429177284,0.745817482471466,3.78494827576286,43.033392906189,4.85374212265015,48.5374212265015,31.9290428161621,5.49843790071164,0.870999991893768,522.888916015625,0.367332696914673
34.75,37.25,1.89452648162842,3.56765651702881,4.50178830236652,89.1782531738281,21.1157098412514,0.645579770207405,0.711056709289551,3.48803450849805,31.7215704917908,5.01843166351318,50.1843166351318,31.9290428161621,6.36397317557591,0.843999981880188,620.333312988281,0.394842863082886
35.25,37.25,1.71461021900177,4.08276462554932,5.40061222137431,220.542007446289,32.8937768936157,1.23914917930961,0.700358390808105,3.81398505238698,44.3307247161865,4.75633573532104,47.5633573532104,31.9290428161621,6.91276911688638,0.843999981880188,737.111083984375,0.427416503429413
35.75,37.25,1.7300192117691,4.86105871200562,4.36753442511608,77.8489837646484,87.587696313858,55.5648267269135,0.521354973316193,3.77040034231613,42.3974351882935,4.30093288421631,43.0093288421631,31.9290428161621,6.52717932712475,0.843999981880188,776.555541992188,0.440526604652405
36.25,37.25,1.7300192117691,4.86105871200562,5.09177556254085,161.678451538086,52.2608637809753,43.688890337944,0.657680809497833,3.84034150044911,45.5413656234741,4.77004814147949,47.7004814147949,31.9290428161621,6.74829133474105,0.843999981880188,803.333312988281,0.463256448507309
36.75,37.25,1.7300192117691,4.86105871200562,4.61909364667152,100.402084350586,42.4339532852173,20.7424461841583,0.795473158359528,3.99733272644029,53.4527158737183,4.8284478187561,48.284478187561,31.9290428161621,6.59677242681165,0.805000007152557,707.333312988281,0.402235120534897
37.25,37.25,1.64957904815674,0.372015178203583,6.28811492033426,537.137939453125,54.5187056064606,15.9625872969627,0.869283676147461,4.15295901861089,62.6219806671143,4.44807577133179,44.4807577133179,31.9290428161621,7.004257375125,0.805000007152557,580.888916015625,0.313503950834274
37.75,37.25,1.64957904815674,0.372015178203583,4.96048505933181,141.662979125977,65.2422547340393,10.4725696146488,0.820364534854889,4.08901640823343,58.6811609268188,3.92976069450378,39.2976069450378,31.9290428161621,6.61940501458984,0.805000007152557,487.777770996094,0.251472800970078
38.25,37.25,1.71076786518097,0,4.45378167398518,84.9513702392578,80.79953789711,11.3492213189602,0.720154225826263,3.55184258004548,33.8775229454041,3.83403301239014,38.3403301239014,31.9290428161621,6.3842886512687,0.805000007152557,479.333343505859,0.235967546701431
38.75,37.25,2.61407566070557,5,5.18811140057158,178.129928588867,83.7878167629242,17.5391256809235,0.611205339431763,3.73983424889137,41.0910129547119,3.96047449111938,39.6047449111938,31.9290428161621,6.63090221862899,0.805000007152557,482.333343505859,0.234225213527679
39.25,37.25,2.61407566070557,5,5.11952245126883,166.255477905273,80.9290111064911,43.1512355804443,0.532614827156067,4.34810077222896,76.3314533233643,3.8793089389801,38.793089389801,31.9290428161621,6.01585223516481,0.805000007152557,482,0.237826123833656
39.75,37.25,2.0428729057312,4.27736330032349,4.09661306723493,59.1362648010254,90.6596958637238,57.6346158981323,0.483105808496475,4.47296339220523,86.6159791946411,3.94061970710754,39.4061970710754,31.9290428161621,5.92452340239724,0.805000007152557,501.888885498047,0.2569779753685
-9.75,36.75,NA,NA,NA,NA,NA,NA,NA,NA,NA,NA,NA,NA,NA,NA,NA,NA
-9.25,36.75,NA,NA,NA,NA,NA,NA,NA,NA,NA,NA,NA,NA,NA,NA,NA,NA
-8.75,36.75,NA,NA,NA,NA,NA,NA,NA,NA,NA,NA,NA,NA,NA,NA,NA,NA
-8.25,36.75,NA,NA,NA,NA,NA,NA,NA,NA,NA,NA,NA,NA,NA,NA,NA,NA
-7.75,36.75,NA,NA,NA,NA,NA,NA,NA,NA,NA,NA,NA,NA,NA,NA,NA,NA
-7.25,36.75,NA,NA,NA,NA,NA,NA,NA,NA,NA,NA,NA,NA,NA,NA,NA,NA
-6.75,36.75,NA,NA,3.41186850600304,29.3218479156494,40.2777791023254,12.5,0.63822877407074,NA,NA,4.80002927780151,48.0002927780151,NA,NA,NA,505,NA
-6.25,36.75,3.2788348197937,4.73540449142456,5.81391369686751,333.927368164062,75.5040764808655,23.5310181975365,0.650553524494171,3.26038641891929,25.0596051216125,3.80989241600037,38.0989241600037,74.0227508544922,6.96741010625129,0.880999982357025,546.111083984375,0.333450227975845
-5.75,36.75,3.12852215766907,4.56284141540527,4.57816270323514,96.3353958129883,80.470484495163,8.36345180869102,0.512537479400635,3.74874877241402,41.4679117202759,4.0177001953125,40.177001953125,74.0227508544922,6.01517646925589,0.880999982357025,641.111083984375,0.387543231248856
-5.25,36.75,3.10028147697449,5,4.08090241667078,58.1988677978516,36.6401582956314,0.145434297155589,0.727808654308319,4.35063590007923,76.5277471542358,4.954421043396,49.54421043396,74.0227508544922,6.25176675046462,0.880999982357025,742.222229003906,0.444103986024857
-4.75,36.75,3.10028147697449,5,5.8775166637898,355.921783447266,40.945366024971,0.561250979080796,0.839238464832306,4.26277149609671,70.0065052509308,4.37977933883667,43.7977933883667,74.0227508544922,7.21245064508894,0.880999982357025,632,0.392846286296844
-4.25,36.75,3.10028147697449,5,6.33408945240398,562.456115722656,28.2432436943054,2.87027023732662,0.84807950258255,NA,NA,4.22300148010254,42.2300148010254,74.0227508544922,7.80596606880734,0.880999982357025,548.428588867188,0.337679415941238
-3.75,36.75,3.10028147697449,5,4.80011185399554,120.52400970459,17.6435977220535,3.24270240962505,0.789815485477448,NA,NA,4.46275758743286,44.6275758743286,NA,7.65605845619952,0.880999982357025,486.666656494141,0.30509227514267
-3.25,36.75,NA,NA,4.49830028525374,88.8642578125,9.00278612971306,4.31855134665966,0.742630243301392,NA,NA,4.14645671844482,41.4645671844482,NA,NA,NA,447.666656494141,NA
-2.75,36.75,3.10028147697449,5,5.53408427610195,252.175842285156,24.7779905796051,23.1005862355232,0.787899136543274,3.59070413310265,35.2595985233784,3.66843342781067,36.6843342781067,74.0227508544922,7.07765276700925,0.880999982357025,364.166656494141,0.245515108108521
-2.25,36.75,NA,NA,5.67740470172876,291.190124511719,16.159000992775,9.79287251830101,0.748114466667175,NA,NA,2.70560169219971,27.0560169219971,NA,7.25880759740141,NA,245.33332824707,NA
-1.75,36.75,NA,NA,4.39251950622286,79.8438491821289,10.1338431239128,1.625238917768,0.604528248310089,NA,NA,2.93827199935913,29.3827199935913,NA,NA,NA,236,NA
-1.25,36.75,NA,NA,NA,NA,NA,NA,NA,NA,NA,NA,NA,NA,NA,NA,NA,NA
-0.75,36.75,NA,NA,NA,NA,NA,NA,NA,NA,NA,NA,NA,NA,NA,NA,NA,NA
-0.25,36.75,NA,NA,NA,NA,NA,NA,NA,NA,NA,NA,NA,NA,NA,NA,NA,NA
0.25,36.75,NA,NA,NA,NA,NA,NA,NA,NA,NA,NA,NA,NA,NA,NA,NA,NA
0.75,36.75,NA,NA,NA,NA,NA,NA,NA,NA,NA,NA,NA,NA,NA,NA,NA,NA
1.25,36.75,NA,NA,5.60962783626656,272.042602539062,2.8985507786274,0,0.468552857637405,NA,NA,4.85323095321655,48.5323095321655,NA,NA,NA,481,NA
1.75,36.75,NA,NA,5.41784881857984,224.393737792969,2.45604235678911,0,0.258638262748718,NA,NA,4.88590383529663,48.8590383529663,NA,NA,NA,592.333312988281,NA
2.25,36.75,NA,NA,6.00682584483006,405.191955566406,34.213650226593,0,0.561355829238892,NA,NA,4.71295547485352,47.1295547485352,NA,NA,NA,663.333312988281,NA
2.75,36.75,NA,NA,7.58226644275093,1962.07312011719,32.5545430183411,0,0.651251912117004,NA,NA,4.43426609039307,44.3426609039307,NA,8.01486077628281,NA,680.200012207031,NA
3.25,36.75,1.74015247821808,5,8.08681036054344,3250.30053710938,23.6142411828041,0,0.660557508468628,4.00558938942553,53.9041748046875,4.78734874725342,47.8734874725342,24.2135944366455,8.11565096953875,0.765999972820282,709.5,0.453018218278885
3.75,36.75,1.9318026304245,2.77861261367798,6.22177480000509,502.596221923828,39.179453253746,0.0169534629094414,0.5554159283638,4.43286933684689,83.1725902557373,5.32586002349854,53.2586002349854,24.2135944366455,6.31330852094747,0.765999972820282,883.5,0.527766346931458
4.25,36.75,1.66742610931396,2.29038047790527,5.97127289456633,391.004333496094,40.1181310415268,0,0.420297622680664,4.36299304686095,77.4917125701904,5.74045705795288,57.4045705795288,24.2135944366455,5.07276823707665,0.765999972820282,958.333312988281,0.558029294013977
4.75,36.75,1.66742610931396,2.29038047790527,5.63595513112735,279.326538085938,22.6727411150932,0,0.420544803142548,4.1038576873441,59.5735111236572,5.38151693344116,53.8151693344116,24.2135944366455,4.88869051131142,0.735000014305115,827.777770996094,0.495803743600845
5.25,36.75,NA,NA,5.94213842314513,379.748260498047,16.606405377388,0.0172176311025396,0.392611473798752,NA,NA,5.81018590927124,58.1018590927124,NA,NA,NA,782.799987792969,NA
5.75,36.75,1.75282394886017,1.47482740879059,5.93165254992534,375.776641845703,41.6649162769318,0,0.476625502109528,4.57375275525298,95.907096862793,6.12315511703491,61.2315511703491,24.2135944366455,5.17322067341256,0.74099999666214,968,0.601607441902161
6.25,36.75,1.77347278594971,2.74978041648865,5.42745389248948,226.569091796875,43.8553124666214,0.0423893448896706,0.419000804424286,4.43563912347404,83.4060535430908,6.31528472900391,63.1528472900391,24.2135944366455,4.45177732644575,0.74099999666214,1096.88891601562,0.66186112165451
6.75,36.75,2.10292100906372,1.45767748355865,5.84964933932035,346.112640380859,61.4976227283478,0,0.437029361724854,4.41070204858929,81.3272409439087,5.37818908691406,53.7818908691406,24.2135944366455,4.56263392387815,0.74099999666214,849.444458007812,0.539649307727814
7.25,36.75,2.10292100906372,1.45767748355865,5.44374988608077,230.30793762207,48.7349450588226,0.0370096211554483,0.502304911613464,4.4458709566583,84.274115562439,4.83567428588867,48.3567428588867,24.2135944366455,4.65694950726497,0.74099999666214,737.555541992188,0.449907571077347
7.75,36.75,2.4002046585083,2.611492395401,6.15193833787584,468.626800537109,31.3285917043686,0.0411676650401205,0.58406400680542,4.6432486438397,102.881273269653,5.07090663909912,50.7090663909912,24.2135944366455,4.8898097624248,0.74099999666214,819.666687011719,0.482225358486176
8.25,36.75,2.36101770401001,3.03154349327087,4.81115267658875,121.873168945312,34.2844724655151,0.185748725198209,0.440544098615646,4.75571684166597,115.246953964233,5.62095785140991,56.2095785140991,24.2135944366455,4.7713750402465704,0.74099999666214,921.555541992188,0.545264959335327
8.75,36.75,2.31772518157959,3.54756689071655,4.78212483778736,118.357696533203,58.5881412029266,0.367461144924164,0.403083056211472,4.74363869035721,113.851350784302,5.61800479888916,56.1800479888916,36.9086227416992,5.0632996828129,0.707000017166138,864.777770996094,0.492670327425003
9.25,36.75,2.31772518157959,3.54756689071655,4.52785070965006,91.5594100952148,92.8485631942749,0.0379218807211146,0.156340301036835,4.85923934067673,127.926095962524,4.68333721160889,46.8333721160889,36.9086227416992,5.23410756741713,0.707000017166138,660.555541992188,0.380398094654083
9.75,36.75,2.31772518157959,3.54756689071655,4.8545241689353,127.319618225098,94.7166442871094,0.136184960138053,0.134771421551704,4.94874372512967,139.997720718384,3.96624326705933,39.6624326705933,36.9086227416992,6.12163199064692,0.77700001001358,516,0.301317065954208
10.25,36.75,1.72326219081879,5,7.41639198537803,1662.0224609375,65.7183170318604,0.153450563084334,0.450840324163437,4.80744451264578,121.418378829956,4.01704072952271,40.1704072952271,36.9086227416992,7.78082714385217,0.77700001001358,489.222229003906,0.283812016248703
10.75,36.75,1.72326219081879,5,5.62337951838511,275.823333740234,78.9412319660187,0.056133687030524,0.332662463188171,4.76020016465695,115.769296646118,4.17372941970825,41.7372941970825,36.9086227416992,6.42173014038618,0.718999981880188,501.222229003906,0.29897928237915
11.25,36.75,NA,NA,5.82022953076025,336.049407958984,77.5152444839478,0,0.36411988735199,NA,NA,4.21784782409668,42.1784782409668,NA,NA,NA,516,NA
11.75,36.75,NA,NA,5.02613317051616,151.342788696289,41.186735033989,0,0.517668008804321,NA,NA,4.8602409362793,48.602409362793,NA,NA,NA,455,NA
12.25,36.75,NA,NA,3.60409971464015,35.7485847473145,43.0612236261368,0,0.545511603355408,NA,NA,5.36565351486206,53.6565351486206,NA,NA,NA,490,NA
12.75,36.75,NA,NA,NA,NA,NA,NA,NA,NA,NA,NA,NA,NA,NA,NA,NA,NA
13.25,36.75,NA,NA,NA,NA,NA,NA,NA,NA,NA,NA,NA,NA,NA,NA,NA,NA
13.75,36.75,NA,NA,NA,NA,NA,NA,NA,NA,NA,NA,NA,NA,NA,NA,NA,NA
14.25,36.75,NA,NA,4.5421560557615,92.8930206298828,37.231057882309,0,0.562379479408264,NA,NA,4.23287296295166,42.3287296295166,NA,NA,NA,411,NA
14.75,36.75,2.75657391548157,5,5.48965091474518,241.172653198242,82.9660713672638,0,0.449412792921066,4.05902408383865,56.9177606105804,4.82123136520386,48.2123136520386,70.4018936157227,6.93446115513633,0.859000027179718,472.833343505859,0.322153002023697
15.25,36.75,NA,NA,5.28659332920771,196.668884277344,78.3208668231964,0,0.635310590267181,NA,NA,4.74860191345215,47.4860191345215,NA,NA,NA,477.5,NA
15.75,36.75,NA,NA,NA,NA,NA,NA,NA,NA,NA,NA,NA,NA,NA,NA,NA,NA
16.25,36.75,NA,NA,NA,NA,NA,NA,NA,NA,NA,NA,NA,NA,NA,NA,NA,NA
16.75,36.75,NA,NA,NA,NA,NA,NA,NA,NA,NA,NA,NA,NA,NA,NA,NA,NA
17.25,36.75,NA,NA,NA,NA,NA,NA,NA,NA,NA,NA,NA,NA,NA,NA,NA,NA
17.75,36.75,NA,NA,NA,NA,NA,NA,NA,NA,NA,NA,NA,NA,NA,NA,NA,NA
18.25,36.75,NA,NA,NA,NA,NA,NA,NA,NA,NA,NA,NA,NA,NA,NA,NA,NA
18.75,36.75,NA,NA,NA,NA,NA,NA,NA,NA,NA,NA,NA,NA,NA,NA,NA,NA
19.25,36.75,NA,NA,NA,NA,NA,NA,NA,NA,NA,NA,NA,NA,NA,NA,NA,NA
19.75,36.75,NA,NA,NA,NA,NA,NA,NA,NA,NA,NA,NA,NA,NA,NA,NA,NA
20.25,36.75,NA,NA,NA,NA,NA,NA,NA,NA,NA,NA,NA,NA,NA,NA,NA,NA
20.75,36.75,NA,NA,NA,NA,NA,NA,NA,NA,NA,NA,NA,NA,NA,NA,NA,NA
21.25,36.75,NA,NA,NA,NA,NA,NA,NA,NA,NA,NA,NA,NA,NA,NA,NA,NA
21.75,36.75,NA,NA,3.60128856075968,35.6454238891602,52.2805571556091,0.110238394699991,0.667790770530701,NA,NA,4.61322212219238,46.1322212219238,NA,6.69147919059346,NA,727.400024414062,NA
22.25,36.75,NA,NA,2.97942999025552,18.6765975952148,14.1093477606773,0.214707455597818,0.798349142074585,NA,NA,5.25239181518555,52.5239181518555,NA,6.50949665510545,NA,722.833312988281,NA
22.75,36.75,NA,NA,3.26351644687554,25.141300201416,36.4358454942703,2.19627916812897,0.676910936832428,NA,NA,4.44509649276733,44.4509649276733,NA,6.1736017098679,NA,590.666687011719,NA
23.25,36.75,NA,NA,3.4619296469457,30.8784313201904,18.0657967925072,0,0.526274085044861,NA,NA,4.88173341751099,48.8173341751099,NA,NA,NA,540,NA
23.75,36.75,NA,NA,NA,NA,NA,NA,NA,NA,NA,NA,NA,NA,NA,NA,NA,NA
24.25,36.75,NA,NA,3.34901694407644,27.4747276306152,19.182200729847,0,0.58092725276947,NA,NA,4.30903387069702,43.0903387069702,NA,5.16031580997191,NA,434.75,NA
24.75,36.75,NA,NA,3.36292431403685,27.8735027313232,17.4711659550667,0,0.629260361194611,NA,NA,4.53244686126709,45.3244686126709,NA,NA,NA,419.600006103516,NA
25.25,36.75,NA,NA,2.88898892814319,16.9751262664795,16.968797147274,0.118870730511844,0.478209227323532,NA,NA,4.46483087539673,44.6483087539673,NA,6.21627291058354,NA,449.375,NA
25.75,36.75,NA,NA,2.81838271468231,15.7497396469116,14.354994893074,1.06692528352141,0.573590934276581,NA,NA,4.55876684188843,45.5876684188843,NA,NA,NA,500.833343505859,NA
26.25,36.75,NA,NA,3.10705681485746,21.355152130127,6.83430060744286,0,0.656098306179047,NA,NA,4.54483509063721,45.4483509063721,NA,NA,NA,584.5,NA
26.75,36.75,NA,NA,4.36316471162727,77.5051879882812,8.39271545410156,0.158353126607835,0.66216379404068,NA,NA,4.73569536209106,47.3569536209106,NA,NA,NA,694.333312988281,NA
27.25,36.75,NA,NA,4.75744388741028,115.447891235352,22.9386895895004,1.53276957571507,0.829904437065125,NA,NA,4.96462345123291,49.6462345123291,NA,NA,NA,731.555541992188,NA
27.75,36.75,NA,NA,4.1331625358731,61.3748741149902,6.39491379261017,0,0.715342104434967,NA,NA,5.45389080047607,54.5389080047607,31.9290428161621,5.7426603931847104,NA,805.285705566406,NA
28.25,36.75,1.41395223140717,3.19078636169434,4.36918716360658,77.9794082641602,1.99271328747272,0.133838946931064,0.395171910524368,NA,NA,5.73373889923096,57.3373889923096,31.9290428161621,6.14627005050766,0.855000019073486,972.142883300781,0.52009242773056
28.75,36.75,1.41395223140717,3.19078636169434,4.28144171887811,71.3446655273438,16.2857472896576,1.96319743990898,0.554023325443268,2.75741113537548,14.7589921951294,5.52754735946655,55.2754735946655,31.9290428161621,6.26699541694977,0.855000019073486,979.875,0.521643400192261
29.25,36.75,1.41395223140717,3.19078636169434,4.31863674559804,74.0861968994141,9.73126664757729,0.704062404111028,0.50750869512558,3.68638599444125,38.9003858566284,5.00116014480591,50.0116014480591,31.9290428161621,6.44983421998328,0.855000019073486,753.333312988281,0.436561703681946
29.75,36.75,1.41395223140717,3.19078636169434,3.57489957110595,34.6910362243652,35.8373999595642,6.90677687525749,0.822720885276794,3.84077332456626,45.5614676475525,4.75691223144531,47.5691223144531,31.9290428161621,5.7559296473465,0.843999981880188,597.111083984375,0.378969520330429
30.25,36.75,1.41395223140717,3.19078636169434,4.09640745577977,59.1239013671875,35.114198923111,0.820987671613693,0.646649301052094,4.38705605394661,79.4033670425415,4.7180118560791,47.180118560791,31.9290428161621,6.15183832462839,0.843999981880188,585.444458007812,0.370994925498962
30.75,36.75,NA,NA,6.70069807644534,811.97314453125,25.777068734169,11.9856171309948,0.721110165119171,NA,NA,4.6239275932312,46.239275932312,NA,NA,NA,728.599975585938,NA
31.25,36.75,NA,NA,4.33984646087939,75.6957626342773,48.4927475452423,18.9587742090225,0.753007411956787,NA,NA,5.1850152015686,51.850152015686,NA,NA,NA,951.400024414062,NA
31.75,36.75,1.49983048439026,3.40843224525452,3.843259834077,45.6773872375488,17.0111760497093,0.894882809370756,0.595783829689026,3.30204777781303,26.1682164669037,5.27454566955566,52.7454566955566,31.9290428161621,6.73931589685846,0.843999981880188,907.222229003906,0.517106950283051
32.25,36.75,1.49983048439026,3.40843224525452,4.18329883621232,64.5818405151367,12.9804998636246,0.0498411303851753,0.639002680778503,2.75705322391582,14.7533528804779,5.26426267623901,52.6426267623901,31.9290428161621,5.97111056392462,0.843999981880188,739.666687011719,0.492291003465652
32.75,36.75,1.7081743478775,3.52776503562927,2.9630158968507,18.3562602996826,29.508712887764,0.078782340278849,0.685855805873871,3.12818033290031,21.832394361496,4.87096738815308,48.7096738815308,31.9290428161621,5.60110469531264,0.870999991893768,656.444458007812,0.434229463338852
33.25,36.75,1.7081743478775,3.52776503562927,3.29887707472624,26.0822105407715,37.8375858068466,0.126691802870482,0.710114419460297,3.84345871188181,45.686671257019,4.30981826782227,43.0981826782227,31.9290428161621,5.81373545612503,0.843999981880188,616.333312988281,0.374568343162537
33.75,36.75,1.7081743478775,3.52776503562927,3.46102984841184,30.849760055542,42.9876536130905,0.0617283978499472,0.647624909877777,3.53907204719847,33.4349503517151,4.40006542205811,44.0006542205811,31.9290428161621,5.47072507240916,0.843999981880188,594.888916015625,0.379077851772308
34.25,36.75,1.89452648162842,3.56765651702881,4.98314153855654,144.932113647461,27.9138088226318,0.446185655891895,0.697408139705658,3.3813081569886,28.4092178344727,4.77606582641602,47.7606582641602,31.9290428161621,6.74055499888507,0.843999981880188,642.777770996094,0.40277761220932
34.75,36.75,NA,NA,6.23602284801923,509.822845458984,68.7675356864929,23.78019541502,0.806882262229919,NA,NA,4.39204931259155,43.9204931259155,NA,NA,NA,688.833312988281,NA
35.25,36.75,1.71461021900177,4.08276462554932,5.89783893699894,363.249450683594,90.8586442470551,80.2361488342285,0.351719468832016,3.66343599775833,37.9951000213623,4.10330772399902,41.0330772399902,31.9290428161621,6.92329864744279,0.843999981880188,722,0.427756398916245
35.75,36.75,NA,NA,5.9053335752392,365.989624023438,79.7671496868134,54.8835754394531,0.613036394119263,NA,NA,4.34707593917847,43.4707593917847,NA,6.54373917581335,NA,793.142883300781,NA
36.25,36.75,1.27020037174225,3.4197664260864298,5.58999409711837,266.734039306641,27.3874700069427,22.4056512117386,0.678139567375183,3.82592250995765,44.8751010894775,5.29942178726196,52.9942178726196,31.9290428161621,6.96542597884465,0.843999981880188,840,0.48399493098259
36.75,36.75,1.63395071029663,5,4.56892717010041,95.4405899047852,37.9587918519974,8.34136158227921,0.82280957698822,4.63415486891876,101.9408826828,4.18271017074585,41.8271017074585,1.73880875110626,6.14723633567261,0.527999997138977,655.888916015625,0.359555214643478
37.25,36.75,1.37918257713318,5,5.83944339093911,342.588043212891,81.629878282547,5.05942292511463,0.552081167697906,4.87210196297159,129.595134735107,3.88194823265076,38.8194823265076,31.9290428161621,6.8147243783086,0.805000007152557,464.333343505859,0.244674697518349
37.75,36.75,1.64957904815674,0.372015178203583,4.87082516330419,129.428497314453,96.0095345973969,2.39613652229309,0.404228210449219,4.70065803687265,109.019545555115,3.46276116371155,34.6276116371155,1.73880875110626,6.49903744998502,0.805000007152557,357.555541992188,0.181857541203499
38.25,36.75,1.64957904815674,0.372015178203583,5.09389435320868,162.023498535156,91.681307554245,4.99381870031357,0.334820002317429,4.81857068782131,122.788032531738,3.41393351554871,34.1393351554871,1.73880875110626,6.1592181609787,0.527999997138977,344.888885498047,0.168273150920868
38.75,36.75,2.61407566070557,5,4.98265270157927,144.860794067383,88.8635098934174,22.5353419780731,0.457520008087158,4.58190753096485,96.7005834579468,3.09434914588928,30.9434914588928,31.9290428161621,6.15074714716146,0.805000007152557,340.888885498047,0.162700742483139
39.25,36.75,2.61407566070557,5,4.33627356946877,75.4222259521484,68.4226751327515,28.2608687877655,0.628640234470367,4.28779539914341,71.8057837486267,2.99150562286377,29.9150562286377,31.9290428161621,5.93247950585186,0.805000007152557,344.111114501953,0.163857579231262
39.75,36.75,2.61407566070557,5,3.8718197540782,47.0297088623047,66.6018545627594,23.7098768353462,0.606145143508911,4.27335106915844,70.7617115974426,2.96065783500671,29.6065783500671,1.73880875110626,5.28394764711595,0.805000007152557,359.333343505859,0.171087875962257
-9.75,36.25,NA,NA,NA,NA,NA,NA,NA,NA,NA,NA,NA,NA,NA,NA,NA,NA
-9.25,36.25,NA,NA,NA,NA,NA,NA,NA,NA,NA,NA,NA,NA,NA,NA,NA,NA
-8.75,36.25,NA,NA,NA,NA,NA,NA,NA,NA,NA,NA,NA,NA,NA,NA,NA,NA
-8.25,36.25,NA,NA,NA,NA,NA,NA,NA,NA,NA,NA,NA,NA,NA,NA,NA,NA
-7.75,36.25,NA,NA,NA,NA,NA,NA,NA,NA,NA,NA,NA,NA,NA,NA,NA,NA
-7.25,36.25,NA,NA,NA,NA,NA,NA,NA,NA,NA,NA,NA,NA,NA,NA,NA,NA
-6.75,36.25,NA,NA,NA,NA,NA,NA,NA,NA,NA,NA,NA,NA,NA,NA,NA,NA
-6.25,36.25,NA,NA,6.71521802287597,823.863586425781,64.5927608013153,1.2443439103663,0.525288820266724,NA,NA,4.263267993927,42.63267993927,NA,NA,NA,610.666687011719,NA
-5.75,36.25,3.12852215766907,4.56284141540527,4.20244249289945,65.8494110107422,38.551527261734,7.60024636983871,0.638599872589111,3.85220490311791,46.0967926979065,5.14378643035889,51.4378643035889,74.0227508544922,6.27031497236273,0.880999982357025,782.444458007812,0.468285948038101
-5.25,36.25,NA,NA,6.00290618074048,403.602935791016,36.9800746440887,4.09121885895729,0.728238999843597,NA,NA,5.63822889328003,56.3822889328003,NA,NA,NA,716.333312988281,NA
-4.75,36.25,NA,NA,7.10241957989459,1213.90307617188,9.5238097012043,0,0.352871239185333,NA,NA,6.26413154602051,62.6413154602051,NA,NA,NA,601,NA
-4.25,36.25,NA,NA,NA,NA,NA,NA,NA,NA,NA,NA,NA,NA,NA,NA,NA,NA
-3.75,36.25,NA,NA,NA,NA,NA,NA,NA,NA,NA,NA,NA,NA,NA,NA,NA,NA
-3.25,36.25,NA,NA,NA,NA,NA,NA,NA,NA,NA,NA,NA,NA,NA,NA,NA,NA
-2.75,36.25,NA,NA,NA,NA,NA,NA,NA,NA,NA,NA,NA,NA,NA,NA,NA,NA
-2.25,36.25,NA,NA,NA,NA,NA,NA,NA,NA,NA,NA,NA,NA,NA,NA,NA,NA
-1.75,36.25,NA,NA,NA,NA,NA,NA,NA,NA,NA,NA,NA,NA,NA,NA,NA,NA
-1.25,36.25,NA,NA,NA,NA,NA,NA,NA,NA,NA,NA,NA,NA,NA,NA,NA,NA
-0.75,36.25,NA,NA,NA,NA,NA,NA,NA,NA,NA,NA,NA,NA,NA,NA,NA,NA
-0.25,36.25,NA,NA,NA,NA,NA,NA,NA,NA,NA,NA,NA,NA,NA,NA,NA,NA
0.25,36.25,NA,NA,5.77462461446715,321.023529052734,57.8302025794983,0.0266560033196583,0.600692391395569,NA,NA,3.71018099784851,37.1018099784851,NA,NA,NA,388.25,NA
0.75,36.25,1.74015247821808,5,5.51050302758957,246.275482177734,65.5734777450562,0.0402126810513437,0.530836880207062,4.32688419030402,74.7080268859863,3.75970768928528,37.5970768928528,24.2135944366455,4.89211002443419,0.765999972820282,456.375,0.252964943647385
1.25,36.25,1.87556433677673,3.34328818321228,5.8351181856265,341.105163574219,65.7158017158508,0,0.521697342395782,4.48231653871922,87.439308643341107,3.66855216026306,36.6855216026306,24.2135944366455,4.59040860018563,0.765999972820282,455.444458007812,0.253840088844299
1.75,36.25,1.87556433677673,3.34328818321228,5.4606243251868,234.244247436523,39.5960479974747,0,0.662592172622681,4.13752264282101,61.6474289894104,3.88575053215027,38.8575053215027,24.2135944366455,4.20810192306597,0.765999972820282,547,0.302579373121262
2.25,36.25,1.87556433677673,3.34328818321228,5.33546418325091,206.569076538086,53.2210171222687,0.0710973748937249,0.554687678813934,4.13119816757883,61.2524671554565,4.31853723526001,43.1853723526001,24.2135944366455,4.65357858958697,0.765999972820282,652.333312988281,0.363912642002106
2.75,36.25,1.87556433677673,3.34328818321228,5.89159649535802,360.982727050781,45.078507065773,0,0.550656735897064,4.5633699883926,94.906138420105,4.5756983757019,45.756983757019,24.2135944366455,5.65436323692906,0.765999972820282,684.444458007812,0.391299307346344
3.25,36.25,1.9318026304245,2.77861261367798,4.88297761441965,131.023193359375,51.7165780067444,0,0.613569438457489,4.80793467421509,121.478398323059,4.12451839447021,41.2451839447021,24.2135944366455,5.74887930341378,0.765999972820282,606.666687011719,0.369161754846573
3.75,36.25,1.73873746395111,3.14715218544006,5.281842756959,195.732070922852,59.8395705223083,0.0061942519096192,0.546837687492371,4.43310439510968,83.1923780441284,4.17239809036255,41.7239809036255,24.2135944366455,5.04526658365311,0.765999972820282,624.555541992188,0.361165434122086
4.25,36.25,1.73873746395111,3.14715218544006,4.97137261228887,143.224716186523,24.9349921941757,2.37551422378873e-14,0.638183534145355,4.32881935513536,74.8546762466431,4.31089687347412,43.1089687347412,24.2135944366455,4.4840896453296,0.765999972820282,623.222229003906,0.34646138548851
4.75,36.25,1.73873746395111,3.14715218544006,5.47234177197196,237.01692199707,36.9135200977325,0,0.623073637485504,4.51966709292163,90.8050303459167,3.86180210113525,38.6180210113525,24.2135944366455,4.19711922554183,0.735000014305115,519.111083984375,0.307273328304291
5.25,36.25,1.73873746395111,3.14715218544006,5.87051678570374,353.432098388672,73.6995458602905,0.0403000798542053,0.42184990644455,4.86141164175853,128.206466674805,3.80753803253174,38.0753803253174,24.2135944366455,4.52635543805255,0.735000014305115,524.444458007812,0.319915413856506
5.75,36.25,2.23392820358276,4.54995393753052,5.56753814194249,260.788818359375,81.5864264965057,0.00618008780293167,0.319717079401016,4.90210386850979,133.572605133057,3.96778440475464,39.6778440475464,24.2135944366455,4.69387561396724,0.735000014305115,604.777770996094,0.38016152381897
6.25,36.25,1.77347278594971,2.74978041648865,5.47169567518676,236.863189697266,92.8398609161377,0.0124092577607371,0.166983589529991,4.74382737080539,113.873023033142,3.88605046272278,38.8605046272278,24.2135944366455,4.53265133887746,0.74099999666214,607,0.384725391864777
6.75,36.25,1.77347278594971,2.74978041648865,6.2374880816731,510.571868896484,79.253613948822,0,0.36951819062233,4.69325359320151,108.2079205513,4.16516876220703,41.6516876220703,24.2135944366455,4.5334682103937,0.74099999666214,609.111083984375,0.366030395030975
7.25,36.25,2.4002046585083,2.611492395401,5.00184124639429,147.686676025391,83.8191449642181,0.0217526408960111,0.286422163248062,4.93140473619474,137.574035644531,4.06186246871948,40.6186246871948,24.2135944366455,4.52903168550095,0.74099999666214,586.444458007812,0.352458506822586
7.75,36.25,2.31772518157959,3.54756689071655,5.37182800217228,214.255996704102,77.2699177265167,0.0309252849547192,0.352710008621216,4.91494674173336,135.312049865723,4.40774202346802,44.0774202346802,24.2135944366455,4.5424489416388,0.74099999666214,652.111083984375,0.390068411827087
8.25,36.25,2.31772518157959,3.54756689071655,4.18479690914942,64.6801605224609,68.3830320835114,0.0401308876462281,0.465626001358032,4.86337414127671,128.460283279419,4.43006372451782,44.3006372451782,24.2135944366455,4.64552168410008,0.74099999666214,720.333312988281,0.409172832965851
8.75,36.25,2.31772518157959,3.54756689071655,4.4261077473088,82.6053695678711,85.2426469326019,0,0.277837991714478,4.87215250977638,129.601736068726,3.76640605926514,37.6640605926514,36.9086227416992,5.02899327727435,0.707000017166138,504.444458007812,0.295456320047379
9.25,36.25,2.31772518157959,3.54756689071655,4.00207933164387,53.7117958068848,92.0333981513977,0.0185557451914065,0.169111624360085,5.25481772230751,190.486578941345,3.73563623428345,37.3563623428345,36.9086227416992,5.15694560860702,0.707000017166138,483.333343505859,0.254478871822357
9.75,36.25,1.72326219081879,5,3.85177450400879,46.0765266418457,80.3705632686615,0.0123727921163663,0.317932665348053,5.19232595000132,178.886473655701,3.77431488037109,37.7431488037109,36.9086227416992,5.13784676002336,0.718999981880188,453.777770996094,0.237134635448456
10.25,36.25,1.72326219081879,5,4.72450671541131,111.674903869629,80.4538369178772,0,0.343446463346481,5.01670246352383,149.912841796875,3.68858575820923,36.8858575820923,36.9086227416992,5.36771720884069,0.718999981880188,437.111114501953,0.240412250161171
10.75,36.25,NA,NA,6.20103761370341,492.260589599609,66.3672387599945,0.158520473632962,0.480068475008011,NA,NA,3.86316871643066,38.6316871643066,NA,NA,NA,423.5,NA
11.25,36.25,NA,NA,NA,NA,NA,NA,NA,NA,NA,NA,NA,NA,NA,NA,NA,NA
11.75,36.25,NA,NA,NA,NA,NA,NA,NA,NA,NA,NA,NA,NA,NA,NA,NA,NA
12.25,36.25,NA,NA,NA,NA,NA,NA,NA,NA,NA,NA,NA,NA,NA,NA,NA,NA
12.75,36.25,NA,NA,NA,NA,NA,NA,NA,NA,NA,NA,NA,NA,NA,NA,NA,NA
13.25,36.25,NA,NA,NA,NA,NA,NA,NA,NA,NA,NA,NA,NA,NA,NA,NA,NA
13.75,36.25,NA,NA,NA,NA,NA,NA,NA,NA,NA,NA,NA,NA,NA,NA,NA,NA
14.25,36.25,NA,NA,6.02998017306631,414.706787109375,62.0046615600586,0.233100238256156,0.386963307857513,NA,NA,4.4153356552124,44.153356552124,NA,NA,NA,505.5,NA
14.75,36.25,NA,NA,NA,NA,NA,NA,NA,NA,NA,NA,NA,NA,NA,NA,NA,NA
15.25,36.25,NA,NA,NA,NA,NA,NA,NA,NA,NA,NA,NA,NA,NA,NA,NA,NA
15.75,36.25,NA,NA,NA,NA,NA,NA,NA,NA,NA,NA,NA,NA,NA,NA,NA,NA
16.25,36.25,NA,NA,NA,NA,NA,NA,NA,NA,NA,NA,NA,NA,NA,NA,NA,NA
16.75,36.25,NA,NA,NA,NA,NA,NA,NA,NA,NA,NA,NA,NA,NA,NA,NA,NA
17.25,36.25,NA,NA,NA,NA,NA,NA,NA,NA,NA,NA,NA,NA,NA,NA,NA,NA
17.75,36.25,NA,NA,NA,NA,NA,NA,NA,NA,NA,NA,NA,NA,NA,NA,NA,NA
18.25,36.25,NA,NA,NA,NA,NA,NA,NA,NA,NA,NA,NA,NA,NA,NA,NA,NA
18.75,36.25,NA,NA,NA,NA,NA,NA,NA,NA,NA,NA,NA,NA,NA,NA,NA,NA
19.25,36.25,NA,NA,NA,NA,NA,NA,NA,NA,NA,NA,NA,NA,NA,NA,NA,NA
19.75,36.25,NA,NA,NA,NA,NA,NA,NA,NA,NA,NA,NA,NA,NA,NA,NA,NA
20.25,36.25,NA,NA,NA,NA,NA,NA,NA,NA,NA,NA,NA,NA,NA,NA,NA,NA
20.75,36.25,NA,NA,NA,NA,NA,NA,NA,NA,NA,NA,NA,NA,NA,NA,NA,NA
21.25,36.25,NA,NA,NA,NA,NA,NA,NA,NA,NA,NA,NA,NA,NA,NA,NA,NA
21.75,36.25,NA,NA,NA,NA,NA,NA,NA,NA,NA,NA,NA,NA,NA,NA,NA,NA
22.25,36.25,NA,NA,2.30562773500386,9.03047275543213,17.9176762700081,0,0.506082057952881,NA,NA,5.08404636383057,50.8404636383057,NA,NA,NA,628,NA
22.75,36.25,NA,NA,2.91664496915741,17.4791851043701,6.04192353785038,0,0.731596529483795,NA,NA,5.18795871734619,51.8795871734619,NA,NA,NA,544.5,NA
23.25,36.25,NA,NA,2.79304489836978,15.3306694030762,6.84210509061813,0,0.532580196857452,NA,NA,4.85908269882202,48.5908269882202,NA,NA,NA,532.25,NA
23.75,36.25,NA,NA,NA,NA,NA,NA,NA,NA,NA,NA,NA,NA,NA,NA,NA,NA
24.25,36.25,NA,NA,NA,NA,NA,NA,NA,NA,NA,NA,NA,NA,NA,NA,NA,NA
24.75,36.25,NA,NA,NA,NA,NA,NA,NA,NA,NA,NA,NA,NA,NA,NA,NA,NA
25.25,36.25,NA,NA,5.03758564174804,153.097518920898,17.3469394445419,0,0.539032161235809,NA,NA,3.89815139770508,38.9815139770508,NA,NA,NA,487.333343505859,NA
25.75,36.25,NA,NA,NA,NA,NA,NA,NA,NA,NA,NA,NA,NA,NA,NA,NA,NA
26.25,36.25,NA,NA,NA,NA,NA,NA,NA,NA,NA,NA,NA,NA,NA,NA,NA,NA
26.75,36.25,NA,NA,NA,NA,NA,NA,NA,NA,NA,NA,NA,NA,NA,NA,NA,NA
27.25,36.25,NA,NA,NA,NA,NA,NA,NA,NA,NA,NA,NA,NA,NA,NA,NA,NA
27.75,36.25,NA,NA,2.69191999472183,13.7599878311157,4.50823828577995,0,0.711363911628723,4.38314276121713,79.0893399715424,5.10255861282349,51.0255861282349,NA,5.53983244397515,NA,728.833312988281,NA
28.25,36.25,NA,NA,5.43812674272941,229.01091003418,10.3438101708889,0,0.840312659740448,NA,NA,4.87975311279297,48.7975311279297,NA,NA,NA,748.200012207031,NA
28.75,36.25,NA,NA,NA,NA,NA,NA,NA,NA,NA,NA,NA,NA,NA,NA,NA,NA
29.25,36.25,NA,NA,3.98267210755358,52.660228729248,20.3880816698074,1.99558585882187,0.700524508953094,NA,NA,5.01931810379028,50.1931810379028,NA,6.13040702220912,NA,795.666687011719,NA
29.75,36.25,1.41395223140717,3.19078636169434,3.84529336483752,45.772403717041,13.6589199304581,0.56994054466486,0.575123190879822,3.41679318716053,29.4715416431427,5.03004837036133,50.3004837036133,31.9290428161621,6.14001319132864,0.843999981880188,720.875,0.408422708511353
30.25,36.25,NA,NA,4.15733586175321,62.9010543823242,7.32786282896996,0.321084563620389,0.543017446994781,NA,NA,5.12359762191772,51.2359762191772,NA,6.34706131908577,NA,748.333312988281,NA
30.75,36.25,NA,NA,3.93044151091981,49.9294586181641,4.81283403933048,0,0.51358962059021,NA,NA,5.97777509689331,59.7777509689331,NA,NA,NA,788,NA
31.25,36.25,NA,NA,NA,NA,NA,NA,NA,NA,NA,NA,NA,NA,NA,NA,NA,NA
31.75,36.25,NA,NA,NA,NA,NA,NA,NA,NA,NA,NA,NA,NA,NA,NA,NA,NA
32.25,36.25,NA,NA,4.44123136104808,83.87939453125,10.3717871010303,2.4203609675169,0.578394293785095,NA,NA,5.14238500595093,51.4238500595093,NA,6.40582823857978,NA,827.333312988281,NA
32.75,36.25,1.49983048439026,3.40843224525452,3.59252082754246,35.3255310058594,16.4091765880585,3.48949246108532,0.643142282962799,3.15521807012027,22.4581520557404,5.03503847122192,50.3503847122192,31.9290428161621,5.64117503049705,0.843999981880188,721.777770996094,0.451513886451721
33.25,36.25,1.49983048439026,3.40843224525452,3.16983868577548,22.8036441802979,30.5639952421188,1.11966701224446,0.598394334316254,3.75496508487648,41.732727766037,4.42917346954346,44.2917346954346,31.9290428161621,6.0133188713225,0.843999981880188,652.888916015625,0.392888337373734
33.75,36.25,1.49983048439026,3.40843224525452,3.33592949575293,27.1044940948486,22.0198765397072,1.25478878617287,0.678844690322876,NA,NA,4.22630548477173,42.2630548477173,31.9290428161621,5.9897561642141,0.843999981880188,629,0.375750809907913
34.25,36.25,NA,NA,3.52920817680328,33.0969581604004,40.9520208835602,3.13562527298927,0.834818363189697,NA,NA,4.44232273101807,44.4232273101807,NA,NA,NA,627.333312988281,NA
34.75,36.25,NA,NA,NA,NA,NA,NA,NA,NA,NA,NA,NA,NA,NA,NA,NA,NA
35.25,36.25,NA,NA,NA,NA,NA,NA,NA,NA,NA,NA,NA,NA,NA,NA,NA,NA
35.75,36.25,NA,NA,6.28844616285109,537.316223144531,16.4765700697899,0.316064315848053,0.583147704601288,NA,NA,5.87756156921387,58.7756156921387,NA,6.46665840767748,NA,984.799987792969,NA
36.25,36.25,1.63395071029663,5,5.98523401118562,396.515533447266,65.3258740901947,29.813876748085,0.729171633720398,4.15203786723259,62.5634021759033,4.77277326583862,47.7277326583862,31.9290428161621,7.00149095552439,0.843999981880188,880.111083984375,0.481192409992218
36.75,36.25,1.63395071029663,5,5.61933793546114,274.706787109375,55.9449195861816,8.7622344493866,0.674008429050446,5.04053899535926,153.553296089172,3.81207013130188,38.1207013130188,1.73880875110626,6.44166313053655,0.528999984264374,531.444458007812,0.283898591995239
37.25,36.25,1.37918257713318,5,7.35341843699759,1560.525390625,80.3891718387604,0.136769143864512,0.309897184371948,5.174377777674,175.686641693115,3.34797692298889,33.4797692298889,1.73880875110626,7.05659928330295,0.527999997138977,318.666656494141,0.168499246239662
37.75,36.25,1.37918257713318,5,5.23709438784197,187.122695922852,90.2655720710754,0.049872201634571,0.160876095294952,5.06700133914155,157.697732448578,3.13163065910339,31.3163065910339,1.73880875110626,5.09337493269352,0.527999997138977,271.222229003906,0.132719412446022
38.25,36.25,1.64957904815674,0.372015178203583,4.23239738736435,67.8821716308594,47.725909948349,0.134081370197237,0.343710869550705,4.92225636540455,136.312090158463,2.71698880195618,27.1698880195618,1.73880875110626,4.87682019307555,0.499000012874603,255,0.120285637676716
38.75,36.25,1.76949977874756,0.237160041928291,4.72937293300172,112.224540710449,55.222225189209,0.530864205211401,0.345525771379471,5.04821158052794,154.743680238724,2.37708139419556,23.7708139419556,1.73880875110626,4.93973226987364,0.499000012874603,238.111114501953,0.110424190759659
39.25,36.25,2.61407566070557,5,4.56996795042768,95.541015625,17.0061722397804,1.08950613066554,0.244783639907837,4.85086681157916,126.851164698601,2.22376012802124,22.2376012802124,1.73880875110626,5.0575411855334,0.499000012874603,241.222229003906,0.109878599643707
39.75,36.25,1.76709747314453,1.52761447429657,3.59589940694332,35.4484672546387,7.34567865729332,0,0.126398950815201,4.70849201337548,109.88482093811,2.29478764533997,22.9478764533997,1.73880875110626,4.68708334973534,0.499000012874603,284.666656494141,0.125350341200829
-9.75,35.75,NA,NA,NA,NA,NA,NA,NA,NA,NA,NA,NA,NA,NA,NA,NA,NA
-9.25,35.75,NA,NA,NA,NA,NA,NA,NA,NA,NA,NA,NA,NA,NA,NA,NA,NA
-8.75,35.75,NA,NA,NA,NA,NA,NA,NA,NA,NA,NA,NA,NA,NA,NA,NA,NA
-8.25,35.75,NA,NA,NA,NA,NA,NA,NA,NA,NA,NA,NA,NA,NA,NA,NA,NA
-7.75,35.75,NA,NA,NA,NA,NA,NA,NA,NA,NA,NA,NA,NA,NA,NA,NA,NA
-7.25,35.75,NA,NA,NA,NA,NA,NA,NA,NA,NA,NA,NA,NA,NA,NA,NA,NA
-6.75,35.75,NA,NA,NA,NA,NA,NA,NA,NA,NA,NA,NA,NA,NA,NA,NA,NA
-6.25,35.75,NA,NA,6.33249583779834,561.558898925781,71.8309879302979,0,0.362090855836868,NA,NA,5.29053068161011,52.9053068161011,NA,NA,NA,652,NA
-5.75,35.75,3.24277400970459,4.24352073669434,6.79052480212384,888.380187988281,65.529727935791,0.0787112338002771,0.476426124572754,4.91552692701557,135.391159057617,5.3245792388916,53.245792388916,41.1197853088379,5.54715864634339,0.717000007629395,796.25,0.490012556314468
-5.25,35.75,NA,NA,6.95674840804387,1049.21313476562,39.5979434251785,0.308555411174893,0.588440239429474,NA,NA,5.71752214431763,57.1752214431763,NA,NA,NA,681,NA
-4.75,35.75,NA,NA,NA,NA,NA,NA,NA,NA,NA,NA,NA,NA,NA,NA,NA,NA
-4.25,35.75,NA,NA,NA,NA,NA,NA,NA,NA,NA,NA,NA,NA,NA,NA,NA,NA
-3.75,35.75,NA,NA,NA,NA,NA,NA,NA,NA,NA,NA,NA,NA,NA,NA,NA,NA
-3.25,35.75,NA,NA,NA,NA,NA,NA,NA,NA,NA,NA,NA,NA,NA,NA,NA,NA
-2.75,35.75,NA,NA,NA,NA,NA,NA,NA,NA,NA,NA,NA,NA,NA,NA,NA,NA
-2.25,35.75,NA,NA,NA,NA,NA,NA,NA,NA,NA,NA,NA,NA,NA,NA,NA,NA
-1.75,35.75,NA,NA,NA,NA,NA,NA,NA,NA,NA,NA,NA,NA,NA,NA,NA,NA
-1.25,35.75,NA,NA,4.6807724134134,106.85334777832,40.6493902206421,0,0.666140615940094,NA,NA,3.60590839385986,36.0590839385986,NA,NA,NA,337,NA
-0.75,35.75,NA,NA,7.37328449645682,1591.85693359375,34.9833726882935,0,0.699546992778778,4.19278523629703,65.2069363594055,3.42588329315186,34.2588329315186,NA,4.63233375121441,NA,357.666656494141,NA
-0.25,35.75,2.2863597869873,5,5.89551304078712,362.403228759766,47.4366158246994,0,0.627655446529388,4.35309275544249,76.7184557914734,3.44399666786194,34.4399666786194,24.2135944366455,5.26193439565381,0.736999988555908,350.888885498047,0.220897480845451
0.25,35.75,2.14119601249695,5,5.92087970760018,371.739471435547,72.823566198349,0.0257565989159048,0.420658797025681,4.29254436935172,72.1523585319519,3.44589972496033,34.4589972496033,24.2135944366455,5.32308292093312,0.736999988555908,381.222229003906,0.219089701771736
0.75,35.75,2.06950068473816,4.89913177490234,5.2549340221620104,190.508850097656,58.1328749656677,0.0186712306458503,0.474739164113998,4.29671313847249,72.4579503536224,3.40611743927002,34.0611743927002,24.2135944366455,4.61162051396829,0.736999988555908,405.666656494141,0.227327361702919
1.25,35.75,1.87556433677673,3.34328818321228,4.91304435779097,135.052978515625,32.8850716352463,0,0.734307289123535,4.34211278499085,75.8697772026062,3.73868608474731,37.3868608474731,24.2135944366455,4.35525358618036,0.736999988555908,457.111114501953,0.245721325278282
1.75,35.75,1.87556433677673,3.34328818321228,5.24814536581889,189.213165283203,55.7221472263336,0,0.576667964458466,4.52431493685809,91.2327189445496,3.76759719848633,37.6759719848633,24.2135944366455,4.1680639137909,0.730000019073486,480.888885498047,0.260134488344193
2.25,35.75,1.54545187950134,3.18881225585938,3.65700178610459,37.745002746582,44.3939536809921,0,0.603701651096344,4.66291498923011,104.944459438324,3.52358603477478,35.2358603477478,24.2135944366455,4.20481354367623,0.730000019073486,474.444458007812,0.257716774940491
2.75,35.75,1.87556433677673,3.34328818321228,4.4147100094723,81.6578674316406,30.4280698299408,0,0.455896586179733,4.85731434912844,127.678153038025,3.05486130714417,30.5486130714417,24.2135944366455,4.26448501636904,0.765999972820282,380.666656494141,0.222212091088295
3.25,35.75,1.17534625530243,0.822780609130859,4.06431177580094,57.2248229980469,43.8055545091629,0,0.363843321800232,4.94985944366287,140.155122280121,3.01527547836304,30.1527547836304,24.2135944366455,4.28264154381222,0.722000002861023,363.888885498047,0.209020882844925
3.75,35.75,1.34772288799286,3.48375797271729,4.27631033521248,70.9743881225586,15.8580243587494,0,0.240125253796577,4.80317988057515,120.897421121597,2.64282488822937,26.4282488822937,24.2135944366455,4.28352268337244,0.722000002861023,313.333343505859,0.176880106329918
4.25,35.75,1.34772288799286,3.48375797271729,4.17325125359184,63.9262008666992,21.8456789851189,0,0.317585200071335,4.80373067128564,120.964579582214,2.42361044883728,24.2361044883728,24.2135944366455,3.76232100825481,0.722000002861023,288,0.151080369949341
4.75,35.75,1.34772288799286,3.48375797271729,5.17344389009204,175.521713256836,32.4592292308807,0.00617741534369998,0.423800468444824,4.78480246183433,118.677719831467,2.58807611465454,25.8807611465454,24.2135944366455,3.72693064572933,0.722000002861023,284.777770996094,0.152697995305061
5.25,35.75,1.34772288799286,3.48375797271729,5.26541960231202,192.527496337891,46.7777788639069,0.0277777784503996,0.554865062236786,4.83371739657247,124.677285671234,2.997962474823,29.97962474823,24.2135944366455,4.02685042429405,0.735000014305115,335.111114501953,0.188956454396248
5.75,35.75,1.34772288799286,3.48375797271729,5.13779283507058,169.339385986328,70.1512336730957,0.0370370369637385,0.427800685167313,4.79414369618585,119.800895214081,3.20436501502991,32.0436501502991,24.2135944366455,4.51210726558075,0.735000014305115,374.333343505859,0.227665811777115
6.25,35.75,2.23392820358276,4.54995393753052,5.40877669281486,222.358184814453,73.7654328346252,0.0493827159516513,0.42286691069603,4.85741372992318,127.690941810608,3.25582671165466,32.5582671165466,24.2135944366455,4.60725906720893,0.735000014305115,384.444458007812,0.230814665555954
6.75,35.75,2.23392820358276,4.54995393753052,4.67962628675572,106.729804992676,79.1324257850647,0,0.31895387172699,4.95282599668692,140.574488162994,2.86711120605469,28.6711120605469,24.2135944366455,4.16374499767049,0.735000014305115,392,0.222414627671242
7.25,35.75,2.23392820358276,4.54995393753052,4.92083160336817,136.116592407227,85.03058552742,0,0.251591563224792,5.07493155857615,158.961243629456,2.98491907119751,29.8491907119751,24.2135944366455,4.17432793492096,0.735000014305115,414.777770996094,0.230023741722107
7.75,35.75,2.31772518157959,3.54756689071655,3.77599521325678,42.6409187316895,66.7746901512146,0.00925925924093463,0.405406057834625,5.11866586126222,166.112269878387,2.99753737449646,29.9753737449646,24.2135944366455,4.28703152783323,0.735000014305115,421.111114501953,0.241461142897606
8.25,35.75,2.31772518157959,3.54756689071655,4.18509911129011,64.7000122070312,69.0104305744171,0.0123464415082708,0.440109074115753,5.04525299720909,154.283580541611,3.19521522521973,31.9521522521973,24.2135944366455,4.36563875421276,0.735000014305115,420.888885498047,0.231097415089607
8.75,35.75,2.31772518157959,3.54756689071655,3.76755080658885,42.2739486694336,90.7098770141602,0,0.196537137031555,4.83741713575147,125.14312005043,3.22840738296509,32.2840738296509,36.9086227416992,4.76919915186983,0.667999982833862,421.777770996094,0.221838444471359
9.25,35.75,2.09601426124573,5,4.04109241082902,55.8884544372559,82.4966013431549,0.253180181607604,0.305174678564072,5.08780487381807,161.033786773682,3.33430790901184,33.3430790901184,36.9086227416992,4.9713566365559,0.707000017166138,422.666656494141,0.209843948483467
9.75,35.75,2.09601426124573,5,4.16864105801648,63.6275672912598,87.9471600055695,0,0.224840596318245,4.88367080107949,131.114741802216,3.15630722045898,31.5630722045898,36.9086227416992,4.67566422914371,0.667999982833862,340.666656494141,0.173336416482925
10.25,35.75,2.09601426124573,5,5.04080663056023,153.594665527344,74.5093166828156,0,0.290949106216431,4.82355448613347,123.406507015228,2.79343748092651,27.9343748092651,36.9086227416992,4.69878061881799,0.730000019073486,318,0.169653654098511
10.75,35.75,2.6844482421875,4.76624441146851,6.73597165496729,841.161376953125,65.6878650188446,0.0112076209916268,0.343768507242203,4.7361513115122,112.994626522064,3.00878262519836,30.0878262519836,36.9086227416992,5.07097964149856,0.730000019073486,333.857147216797,0.184414774179459
11.25,35.75,NA,NA,6.49288918617289,659.4287109375,75.6533682346344,0,0.291452676057816,NA,NA,3.45589089393616,34.5589089393616,NA,NA,NA,326,NA
11.75,35.75,NA,NA,NA,NA,NA,NA,NA,NA,NA,NA,NA,NA,NA,NA,NA,NA
12.25,35.75,NA,NA,NA,NA,NA,NA,NA,NA,NA,NA,NA,NA,NA,NA,NA,NA
12.75,35.75,NA,NA,NA,NA,NA,NA,NA,NA,NA,NA,NA,NA,NA,NA,NA,NA
13.25,35.75,NA,NA,NA,NA,NA,NA,NA,NA,NA,NA,NA,NA,NA,NA,NA,NA
13.75,35.75,NA,NA,NA,NA,NA,NA,NA,NA,NA,NA,NA,NA,NA,NA,NA,NA
14.25,35.75,NA,NA,7.17140711936619,1300.67492675781,42.4133807420731,0,0.494821220636368,NA,NA,4.05156946182251,40.5156946182251,NA,NA,NA,526,NA
14.75,35.75,NA,NA,7.87058224173614,2618.09008789062,31.5217405557632,0,0.455018728971481,NA,NA,3.83053207397461,38.3053207397461,NA,NA,NA,531,NA
15.25,35.75,NA,NA,NA,NA,NA,NA,NA,NA,NA,NA,NA,NA,NA,NA,NA,NA
15.75,35.75,NA,NA,NA,NA,NA,NA,NA,NA,NA,NA,NA,NA,NA,NA,NA,NA
16.25,35.75,NA,NA,NA,NA,NA,NA,NA,NA,NA,NA,NA,NA,NA,NA,NA,NA
16.75,35.75,NA,NA,NA,NA,NA,NA,NA,NA,NA,NA,NA,NA,NA,NA,NA,NA
17.25,35.75,NA,NA,NA,NA,NA,NA,NA,NA,NA,NA,NA,NA,NA,NA,NA,NA
17.75,35.75,NA,NA,NA,NA,NA,NA,NA,NA,NA,NA,NA,NA,NA,NA,NA,NA
18.25,35.75,NA,NA,NA,NA,NA,NA,NA,NA,NA,NA,NA,NA,NA,NA,NA,NA
18.75,35.75,NA,NA,NA,NA,NA,NA,NA,NA,NA,NA,NA,NA,NA,NA,NA,NA
19.25,35.75,NA,NA,NA,NA,NA,NA,NA,NA,NA,NA,NA,NA,NA,NA,NA,NA
19.75,35.75,NA,NA,NA,NA,NA,NA,NA,NA,NA,NA,NA,NA,NA,NA,NA,NA
20.25,35.75,NA,NA,NA,NA,NA,NA,NA,NA,NA,NA,NA,NA,NA,NA,NA,NA
20.75,35.75,NA,NA,NA,NA,NA,NA,NA,NA,NA,NA,NA,NA,NA,NA,NA,NA
21.25,35.75,NA,NA,NA,NA,NA,NA,NA,NA,NA,NA,NA,NA,NA,NA,NA,NA
21.75,35.75,NA,NA,NA,NA,NA,NA,NA,NA,NA,NA,NA,NA,NA,NA,NA,NA
22.25,35.75,NA,NA,NA,NA,NA,NA,NA,NA,NA,NA,NA,NA,NA,NA,NA,NA
22.75,35.75,NA,NA,NA,NA,NA,NA,NA,NA,NA,NA,NA,NA,NA,NA,NA,NA
23.25,35.75,NA,NA,NA,NA,NA,NA,NA,NA,NA,NA,NA,NA,NA,NA,NA,NA
23.75,35.75,NA,NA,4.60067730475103,98.5517196655273,37.6465827226639,0.121310155373067,0.857891201972961,NA,NA,5.05980014801025,50.5980014801025,NA,6.81488526530131,NA,559.25,NA
24.25,35.75,NA,NA,6.3444225239263,568.308532714844,17.0226126909256,0,0.800594508647919,NA,NA,4.51266860961914,45.1266860961914,NA,NA,NA,586.5,NA
24.75,35.75,NA,NA,NA,NA,NA,NA,NA,NA,NA,NA,NA,NA,NA,NA,NA,NA
25.25,35.75,NA,NA,NA,NA,NA,NA,NA,NA,NA,NA,NA,NA,NA,NA,NA,NA
25.75,35.75,NA,NA,NA,NA,NA,NA,NA,NA,NA,NA,NA,NA,NA,NA,NA,NA
26.25,35.75,NA,NA,NA,NA,NA,NA,NA,NA,NA,NA,NA,NA,NA,NA,NA,NA
26.75,35.75,NA,NA,NA,NA,NA,NA,NA,NA,NA,NA,NA,NA,NA,NA,NA,NA
27.25,35.75,NA,NA,2.71532014593632,14.1094465255737,5.59241697192192,0,0.79042661190033,NA,NA,5.10019493103027,51.0019493103027,NA,NA,NA,668.599975585938,NA
27.75,35.75,NA,NA,1.68875001481716,4.41271066665649,18.4268429875374,0,0.672105610370636,NA,NA,5.01302003860474,50.1302003860474,NA,NA,NA,679,NA
28.25,35.75,NA,NA,NA,NA,NA,NA,NA,NA,NA,NA,NA,NA,NA,NA,NA,NA
28.75,35.75,NA,NA,NA,NA,NA,NA,NA,NA,NA,NA,NA,NA,NA,NA,NA,NA
29.25,35.75,NA,NA,NA,NA,NA,NA,NA,NA,NA,NA,NA,NA,NA,NA,NA,NA
29.75,35.75,NA,NA,NA,NA,NA,NA,NA,NA,NA,NA,NA,NA,NA,NA,NA,NA
30.25,35.75,NA,NA,NA,NA,NA,NA,NA,NA,NA,NA,NA,NA,NA,NA,NA,NA
30.75,35.75,NA,NA,NA,NA,NA,NA,NA,NA,NA,NA,NA,NA,NA,NA,NA,NA
31.25,35.75,NA,NA,NA,NA,NA,NA,NA,NA,NA,NA,NA,NA,NA,NA,NA,NA
31.75,35.75,NA,NA,NA,NA,NA,NA,NA,NA,NA,NA,NA,NA,NA,NA,NA,NA
32.25,35.75,NA,NA,NA,NA,NA,NA,NA,NA,NA,NA,NA,NA,NA,NA,NA,NA
32.75,35.75,NA,NA,NA,NA,NA,NA,NA,NA,NA,NA,NA,NA,NA,NA,NA,NA
33.25,35.75,NA,NA,NA,NA,NA,NA,NA,NA,NA,NA,NA,NA,NA,NA,NA,NA
33.75,35.75,NA,NA,NA,NA,NA,NA,NA,NA,NA,NA,NA,NA,NA,NA,NA,NA
34.25,35.75,NA,NA,4.64948694560303,103.531341552734,25.9592920541763,0.767434109002352,0.661103785037994,NA,NA,4.49103879928589,44.9103879928589,NA,NA,NA,539.666687011719,NA
34.75,35.75,NA,NA,4.64948694560303,103.531341552734,14.8148149251938,0,0.628343284130096,NA,NA,4.8881139755249,48.881139755249,NA,NA,NA,632,NA
35.25,35.75,NA,NA,NA,NA,NA,NA,NA,NA,NA,NA,NA,NA,NA,NA,NA,NA
35.75,35.75,NA,NA,6.74790805590373,851.273986816406,35.7922732830048,0.0734012282919139,0.675204753875732,NA,NA,5.18342304229736,51.8342304229736,NA,6.20722821175533,NA,928.5,NA
36.25,35.75,1.63395071029663,5,5.56166991203617,259.257080078125,58.2920014858246,1.19342841207981,0.630901634693146,4.63086302353739,101.60257434845,4.77453708648682,47.7453708648682,1.73880875110626,6.19043440481997,0.563000023365021,865.777770996094,0.46740734577179
36.75,35.75,1.37918257713318,5,5.97203156736507,391.301849365234,80.0965487957001,0.408466393128037,0.341477036476135,5.29127079381119,197.595639228821,3.58467674255371,35.8467674255371,1.73880875110626,5.34212104424215,0.528999984264374,435.111114501953,0.227328911423683
37.25,35.75,1.37918257713318,5,4.55752679063311,94.3473739624023,64.8586213588715,0.0312090385705233,0.336071997880936,5.20343510778192,180.896002292633,2.65210795402527,26.5210795402527,1.73880875110626,5.4033141304483,0.527999997138977,257.888885498047,0.127977073192596
37.75,35.75,1.37918257713318,5,3.9773378974751,52.374755859375,26.4721482992172,0.143548136111349,0.303124397993088,4.83724306082082,125.121163606644,2.3389732837677,23.389732837677,1.73880875110626,4.5750410329866,0.527999997138977,216.444442749023,0.102143928408623
38.25,35.75,1.64957904815674,0.372015178203583,3.93139305722429,49.9779434204102,23.9071682095528,0.0252261350397021,0.276612341403961,4.59558658765212,98.0462177991867,2.18810129165649,21.8810129165649,1.73880875110626,4.77757744236701,0.499000012874603,187.66667175293,0.0877378806471825
38.75,35.75,1.43565285205841,5,4.60241959566744,98.7253189086914,18.5905769467354,0.329541484825313,0.257850408554077,4.66382424362704,105.040833711624,1.91646003723145,19.1646003723145,1.73880875110626,4.96915663819998,0.499000012874603,169.66667175293,0.0772080942988396
39.25,35.75,1.76709747314453,1.52761447429657,3.96761148656606,51.8581275939941,20.1877057552338,0.226863077841699,0.26093265414238,4.65729294165165,104.350505828857,1.95185458660126,19.5185458660126,1.73880875110626,4.74220265627405,0.499000012874603,169.111114501953,0.0775208547711372
39.75,35.75,1.76709747314453,1.52761447429657,4.14197159691537,61.9267654418945,18.3463901281357,1.0019039735198,0.256412148475647,4.84512224111577,126.11882019043,2.14344096183777,21.4344096183777,1.73880875110626,4.67430293009801,0.529999971389771,189,0.0837651565670967
-9.75,35.25,NA,NA,NA,NA,NA,NA,NA,NA,NA,NA,NA,NA,NA,NA,NA,NA
-9.25,35.25,NA,NA,NA,NA,NA,NA,NA,NA,NA,NA,NA,NA,NA,NA,NA,NA
-8.75,35.25,NA,NA,NA,NA,NA,NA,NA,NA,NA,NA,NA,NA,NA,NA,NA,NA
-8.25,35.25,NA,NA,NA,NA,NA,NA,NA,NA,NA,NA,NA,NA,NA,NA,NA,NA
-7.75,35.25,NA,NA,NA,NA,NA,NA,NA,NA,NA,NA,NA,NA,NA,NA,NA,NA
-7.25,35.25,NA,NA,NA,NA,NA,NA,NA,NA,NA,NA,NA,NA,NA,NA,NA,NA
-6.75,35.25,NA,NA,NA,NA,NA,NA,NA,NA,NA,NA,NA,NA,NA,NA,NA,NA
-6.25,35.25,NA,NA,5.8894256875922,360.197784423828,67.1611368656158,4.2011097073555,0.549787580966949,NA,NA,4.57554578781128,45.7554578781128,NA,NA,NA,683.599975585938,NA
-5.75,35.25,3.24277400970459,4.24352073669434,4.52150965061128,90.9743423461914,60.0154519081116,0.522249704226851,0.412991613149643,5.15834614991907,172.876651763916,4.97490453720093,49.7490453720093,41.1197853088379,4.49404134974567,0.717000007629395,840.555541992188,0.482623755931854
-5.25,35.25,2.61901140213013,2.93868446350098,4.70338336347942,109.319793701172,21.1460679769516,0.128410919569433,0.392798006534576,4.71351851084072,110.443586349487,5.39946269989014,53.9946269989014,41.1197853088379,4.52195400512691,0.717000007629395,863.333312988281,0.510509431362152
-4.75,35.25,NA,NA,4.77669896083785,117.71183013916,13.2941469550133,0.362681341357529,0.622374176979065,4.54359536769972,93.0282592773438,4.75546312332153,47.5546312332153,41.1197853088379,4.43453990678438,NA,598.285705566406,NA
-4.25,35.25,NA,NA,4.12424402432839,60.8210563659668,14.2702609300613,0,0.697222709655762,NA,NA,3.91792392730713,39.1792392730713,NA,4.22100441420978,NA,394.5,NA
-3.75,35.25,2.61901140213013,2.93868446350098,5.30596474742593,200.535339355469,19.3363234400749,0,0.712785363197327,4.64779783997307,103.354926109314,3.64121556282043,36.4121556282043,41.1197853088379,4.065073968414,0.660000026226044,358.666656494141,0.238896161317825
-3.25,35.25,NA,NA,4.84931259611296,126.652610778809,35.5084747076035,0,0.622266054153442,4.80330797763734,120.913036823273,3.21785140037537,32.1785140037537,NA,4.42557120745396,NA,320.571441650391,NA
-2.75,35.25,NA,NA,6.59538912865291,730.713562011719,41.0172373056412,0.0422967103077099,0.68101567029953,NA,NA,3.44632935523987,34.4632935523987,NA,NA,NA,327.5,NA
-2.25,35.25,NA,NA,4.80798228734273,121.484230041504,55.6489825248718,0,0.591964066028595,NA,NA,3.3548731803894,33.548731803894,NA,NA,NA,341.75,NA
-1.75,35.25,NA,NA,5.30309733662062,199.958282470703,34.7821772098541,0,0.651340484619141,NA,NA,3.78297138214111,37.8297138214111,NA,4.81221809781635,NA,389.600006103516,NA
-1.25,35.25,2.6263473033905,5,5.37334708413045,214.583236694336,74.428790807724,0.230371230281889,0.424107283353806,4.51651664738794,90.5162587165833,3.38455653190613,33.8455653190613,24.2135944366455,4.47599548269427,0.736999988555908,389.222229003906,0.227017149329185
-0.75,35.25,2.14119601249695,5,5.36942752218712,213.739898681641,77.5603115558624,0.0185810291441157,0.37528657913208,4.5583782172149,94.4285898208618,3.40131688117981,34.0131688117981,24.2135944366455,4.61255594519253,0.736999988555908,404.444458007812,0.234008058905602
-0.25,35.25,2.14119601249695,5,4.2998487087511,72.6886444091797,76.1274516582489,0,0.365335762500763,4.61124213837855,99.6090424060822,3.5253267288208,35.253267288208,24.2135944366455,4.54979939208132,0.736999988555908,426.222229003906,0.234084323048592
0.25,35.25,2.14119601249695,5,5.31860314689195,203.098587036133,80.7561755180359,0,0.33042511343956,4.63659259362065,102.192130327225,3.46582221984863,34.6582221984863,24.2135944366455,4.41546262452669,0.736999988555908,432.444458007812,0.228898599743843
0.75,35.25,2.06950068473816,4.89913177490234,4.19388817414099,65.2799987792969,71.7883825302124,0.0061732207541354,0.410057365894318,4.49686361527757,88.7352452278137,3.43214631080627,34.3214631080627,24.2135944366455,4.18229157509501,0.730000019073486,427.111114501953,0.228237971663475
1.25,35.25,2.06950068473816,4.89913177490234,5.28402666753828,196.162185668945,85.3317677974701,0,0.267716437578201,4.54254272264588,92.9293329715729,3.53770017623901,35.3770017623901,24.2135944366455,4.44147276333951,0.730000019073486,444.888885498047,0.236866369843483
1.75,35.25,1.43437552452087,5,4.49005289035212,88.1261596679688,80.9716582298279,0,0.268604248762131,4.3987957872401,80.3528435230255,3.23594355583191,32.3594355583191,24.2135944366455,4.34589755016659,0.730000019073486,385.888885498047,0.209652781486511
2.25,35.25,1.43437552452087,5,3.98373376823483,52.717227935791,18.0833339691162,0.0308641989249736,0.228974968194962,4.3912363125113,79.7401773929596,2.63020658493042,26.3020658493042,24.2135944366455,4.30245802120647,0.730000019073486,305.444458007812,0.163525655865669
2.75,35.25,1.15187478065491,5,4.2312490323546,67.8031158447266,13.1851851940155,0,0.189199969172478,4.79705399954846,120.152974545956,2.65886116027832,26.5886116027832,24.2135944366455,4.2191360397246,0.722000002861023,285.666656494141,0.152512267231941
3.25,35.25,1.17534625530243,0.822780609130859,3.78075972089937,42.8493423461914,23.3549386262894,0,0.284372508525848,4.92836529710176,137.153487741947,2.58882331848145,25.8882331848145,24.2135944366455,3.85975460070099,0.722000002861023,296.666656494141,0.157547518610954
3.75,35.25,1.7787698507309,5,3.55548832352026,34.0049095153809,7.87683948874474,0,0.192094668745995,4.88399048576801,131.156983613968,2.45270371437073,24.5270371437073,24.2135944366455,4.17645949503868,0.722000002861023,285.111114501953,0.143967613577843
4.25,35.25,1.34772288799286,3.48375797271729,4.52917715152409,91.6822662353516,12.4228395521641,0,0.276748836040497,4.84127339946648,125.63050031662,2.13487863540649,21.3487863540649,24.2135944366455,4.01967952826258,0.722000002861023,235.222229003906,0.110153064131737
4.75,35.25,1.34772288799286,3.48375797271729,3.40524604172978,29.1217060089111,3.2871101051569,0,0.0695306584239006,4.45583935793808,85.1284130811691,1.50958573818207,15.0958573818207,24.2135944366455,2.6888606518265,0.722000002861023,184.888885498047,0.0852648764848709
5.25,35.25,1.34772288799286,3.48375797271729,4.39678713654182,80.1895980834961,8.71604904532433,0,0.145160421729088,4.32734762560588,74.7431207895279,1.6702481508255,16.702481508255,24.2135944366455,3.35885441857745,0.735000014305115,197.111114501953,0.0951785296201706
5.75,35.25,1.47098922729492,3.16517734527588,4.37731259148722,78.6237640380859,17.2592595219612,0,0.376982241868973,4.57810166710128,96.3294550180435,2.12371444702148,21.2371444702148,24.2135944366455,4.32480179801677,0.736000001430511,260.666656494141,0.145070314407349
6.25,35.25,1.47098922729492,3.16517734527588,4.66621184227198,105.294319152832,31.4660489559174,0.0216049389564432,0.651989102363586,4.61965281256045,100.458800792694,3.44213485717773,34.4213485717773,24.2135944366455,4.17488868882311,0.735000014305115,373.888885498047,0.204565733671188
6.75,35.25,1.48764634132385,2.23018312454224,3.58169236249512,34.9343032836914,25.5077481269836,0,0.667008757591248,4.46950228217061,86.3132548332214,3.45096659660339,34.5096659660339,24.2135944366455,3.74717295953522,0.735000014305115,362,0.195149600505829
7.25,35.25,1.48764634132385,2.23018312454224,4.77313247205004,117.289199829102,65.1601314544678,0,0.39476066827774,4.7724073929141,117.203461885452,3.04450869560242,30.4450869560242,24.2135944366455,3.98389133679674,0.735000014305115,367.333343505859,0.18961289525032
7.75,35.25,1.48764634132385,2.23018312454224,4.20721749172374,66.1693801879883,59.2314839363098,0,0.344398856163025,5.06288271759742,157.045460700989,3.05328011512756,30.5328011512756,24.2135944366455,4.04882501040869,0.735000014305115,377.222229003906,0.197814896702766
8.25,35.25,2.13581347465515,3.31589102745056,4.84765753826769,126.441513061523,45.8518505096436,0.0246913579758257,0.520051538944244,4.97037629733664,143.081094503403,3.07611870765686,30.7611870765686,24.2135944366455,4.16926972180038,0.735000014305115,373,0.196906790137291
8.75,35.25,2.09601426124573,5,4.34863779812231,76.3729934692383,47.5524693727493,0,0.55653703212738,4.61690058405059,100.179946899414,2.92878675460815,29.2878675460815,36.9086227416992,4.0491714866464,0.667999982833862,339.555541992188,0.171944200992584
9.25,35.25,2.09601426124573,5,4.36408908070633,77.5777893066406,72.7561712265015,0,0.347906649112701,4.79604121623816,120.030334949493,2.54725122451782,25.4725122451782,36.9086227416992,4.51198659623166,0.667999982833862,288.444458007812,0.140116065740585
9.75,35.25,2.6844482421875,4.76624441146851,4.15751087785848,62.912239074707,71.169102191925,0,0.289477825164795,4.75173268255595,114.784729003906,2.36830258369446,23.6830258369446,36.9086227416992,4.4740719183848,0.667999982833862,266.888885498047,0.127900674939156
10.25,35.25,2.6844482421875,4.76624441146851,4.17482392803968,64.0283889770508,74.6381044387817,0,0.272994935512543,4.48119767154003,87.3404121398926,2.24674654006958,22.4674654006958,36.9086227416992,4.55096489281518,0.730000019073486,263,0.135878205299377
10.75,35.25,2.6844482421875,4.76624441146851,5.05794906200926,156.267639160156,66.852992773056,0,0.30851799249649,4.41672081497833,81.8242435455322,2.3828444480896,23.828444480896,36.9086227416992,4.72354366416096,0.730000019073486,281.888885498047,0.15477254986763
11.25,35.25,NA,NA,5.46018932013943,234.141937255859,41.6549384593964,0,0.366327941417694,NA,NA,3.10939407348633,31.0939407348633,NA,NA,NA,290.666656494141,NA
11.75,35.25,NA,NA,NA,NA,NA,NA,NA,NA,NA,NA,NA,NA,NA,NA,NA,NA
12.25,35.25,NA,NA,NA,NA,NA,NA,NA,NA,NA,NA,NA,NA,NA,NA,NA,NA
12.75,35.25,NA,NA,NA,NA,NA,NA,NA,NA,NA,NA,NA,NA,NA,NA,NA,NA
13.25,35.25,NA,NA,NA,NA,NA,NA,NA,NA,NA,NA,NA,NA,NA,NA,NA,NA
13.75,35.25,NA,NA,NA,NA,NA,NA,NA,NA,NA,NA,NA,NA,NA,NA,NA,NA
14.25,35.25,NA,NA,NA,NA,NA,NA,NA,NA,NA,NA,NA,NA,NA,NA,NA,NA
14.75,35.25,NA,NA,NA,NA,NA,NA,NA,NA,NA,NA,NA,NA,NA,NA,NA,NA
15.25,35.25,NA,NA,NA,NA,NA,NA,NA,NA,NA,NA,NA,NA,NA,NA,NA,NA
15.75,35.25,NA,NA,NA,NA,NA,NA,NA,NA,NA,NA,NA,NA,NA,NA,NA,NA
16.25,35.25,NA,NA,NA,NA,NA,NA,NA,NA,NA,NA,NA,NA,NA,NA,NA,NA
16.75,35.25,NA,NA,NA,NA,NA,NA,NA,NA,NA,NA,NA,NA,NA,NA,NA,NA
17.25,35.25,NA,NA,NA,NA,NA,NA,NA,NA,NA,NA,NA,NA,NA,NA,NA,NA
17.75,35.25,NA,NA,NA,NA,NA,NA,NA,NA,NA,NA,NA,NA,NA,NA,NA,NA
18.25,35.25,NA,NA,NA,NA,NA,NA,NA,NA,NA,NA,NA,NA,NA,NA,NA,NA
18.75,35.25,NA,NA,NA,NA,NA,NA,NA,NA,NA,NA,NA,NA,NA,NA,NA,NA
19.25,35.25,NA,NA,NA,NA,NA,NA,NA,NA,NA,NA,NA,NA,NA,NA,NA,NA
19.75,35.25,NA,NA,NA,NA,NA,NA,NA,NA,NA,NA,NA,NA,NA,NA,NA,NA
20.25,35.25,NA,NA,NA,NA,NA,NA,NA,NA,NA,NA,NA,NA,NA,NA,NA,NA
20.75,35.25,NA,NA,NA,NA,NA,NA,NA,NA,NA,NA,NA,NA,NA,NA,NA,NA
21.25,35.25,NA,NA,NA,NA,NA,NA,NA,NA,NA,NA,NA,NA,NA,NA,NA,NA
21.75,35.25,NA,NA,NA,NA,NA,NA,NA,NA,NA,NA,NA,NA,NA,NA,NA,NA
22.25,35.25,NA,NA,NA,NA,NA,NA,NA,NA,NA,NA,NA,NA,NA,NA,NA,NA
22.75,35.25,NA,NA,NA,NA,NA,NA,NA,NA,NA,NA,NA,NA,NA,NA,NA,NA
23.25,35.25,NA,NA,NA,NA,NA,NA,NA,NA,NA,NA,NA,NA,NA,NA,NA,NA
23.75,35.25,0.924638271331787,5,3.40673204019554,29.1665000915527,27.0242124795914,0.045561051229015,0.766951143741608,NA,NA,5.3058500289917,53.058500289917,62.8060684204102,6.53544898157589,0.882000029087067,682.166687011719,0.428627401590347
24.25,35.25,0.924638271331787,5,4.33809524345851,75.5615692138672,35.0352466106415,0.204229517839849,0.843257248401642,6.23628672292927,509.957656577229,5.23853540420532,52.3853540420532,62.8060684204102,6.77904650222226,0.882000029087067,715,0.47341400384903
24.75,35.25,0.924638271331787,5,3.91244497449215,49.0211029052734,44.3500727415085,0.293332175351679,0.793321132659912,6.23821020982341,510.941422760487,5.01934242248535,50.1934242248535,62.8060684204102,6.64568059050339,0.882000029087067,759.111083984375,0.476455718278885
25.25,35.25,0.924638271331787,5,5.133936748554,168.683807373047,60.1805627346039,0.604921858757734,0.691639363765717,5.37221073431405,214.338397860527,4.74707221984863,47.4707221984863,62.8060684204102,7.14333967574428,0.882000029087067,637.333312988281,0.425184994935989
25.75,35.25,NA,NA,4.01109737086311,54.2074203491211,21.9011411070824,0.172830966766924,0.821695387363434,NA,NA,5.14282274246216,51.4282274246216,NA,NA,NA,630.375,NA
26.25,35.25,0.924638271331787,5,3.72807931459408,40.5991325378418,31.0635447502136,0.0802675611339509,0.75172221660614,NA,NA,4.5866379737854,45.866379737854,62.8060684204102,6.03163950617406,0.882000029087067,595.333312988281,0.365313917398453
26.75,35.25,NA,NA,NA,NA,NA,NA,NA,NA,NA,NA,NA,NA,NA,NA,NA,NA
27.25,35.25,NA,NA,3.7013121465868,39.5004119873047,36.3741338253021,0,0.738005757331848,NA,NA,4.61659908294678,46.1659908294678,NA,NA,NA,619,NA
27.75,35.25,NA,NA,NA,NA,NA,NA,NA,NA,NA,NA,NA,NA,NA,NA,NA,NA
28.25,35.25,NA,NA,NA,NA,NA,NA,NA,NA,NA,NA,NA,NA,NA,NA,NA,NA
28.75,35.25,NA,NA,NA,NA,NA,NA,NA,NA,NA,NA,NA,NA,NA,NA,NA,NA
29.25,35.25,NA,NA,NA,NA,NA,NA,NA,NA,NA,NA,NA,NA,NA,NA,NA,NA
29.75,35.25,NA,NA,NA,NA,NA,NA,NA,NA,NA,NA,NA,NA,NA,NA,NA,NA
30.25,35.25,NA,NA,NA,NA,NA,NA,NA,NA,NA,NA,NA,NA,NA,NA,NA,NA
30.75,35.25,NA,NA,NA,NA,NA,NA,NA,NA,NA,NA,NA,NA,NA,NA,NA,NA
31.25,35.25,NA,NA,NA,NA,NA,NA,NA,NA,NA,NA,NA,NA,NA,NA,NA,NA
31.75,35.25,NA,NA,NA,NA,NA,NA,NA,NA,NA,NA,NA,NA,NA,NA,NA,NA
32.25,35.25,NA,NA,3.67258211448214,38.3533897399902,34.6551716327667,0,0.790708005428314,NA,NA,4.55432939529419,45.5432939529419,NA,NA,NA,465,NA
32.75,35.25,NA,NA,3.88787873108982,47.807243347168,8.93107205629349,0,0.528499066829681,NA,NA,4.34819507598877,43.4819507598877,NA,6.45046685452204,NA,462.571441650391,NA
33.25,35.25,2.16366076469421,5,5.55425361524008,257.334075927734,19.4470375776291,1.91581100225449,0.693982601165771,4.2574425357534,69.6291208267212,3.51589465141296,35.1589465141296,70.6625518798828,7.23691042301999,NA,402.666656494141,0.232197105884552
33.75,35.25,2.16366076469421,5,4.70953700588431,110.000755310059,33.4561377763748,6.15031197667122,0.74210262298584,4.03470161232047,55.5260510444641,3.49258899688721,34.9258899688721,70.6625518798828,6.80910155188092,NA,413.777770996094,0.213996022939682
34.25,35.25,NA,NA,4.89918167267437,133.179931640625,29.7595471143723,1.21640739962459,0.667346119880676,NA,NA,3.93844127655029,39.3844127655029,NA,NA,NA,470.75,NA
34.75,35.25,NA,NA,NA,NA,NA,NA,NA,NA,NA,NA,NA,NA,NA,NA,NA,NA
35.25,35.25,NA,NA,NA,NA,NA,NA,NA,NA,NA,NA,NA,NA,NA,NA,NA,NA
35.75,35.25,NA,NA,6.63927224139183,763.538391113281,49.752938747406,0.136309419758618,0.546324253082275,NA,NA,4.99950313568115,49.9950313568115,NA,NA,NA,848.75,NA
36.25,35.25,1.63395071029663,5,5.74133056109566,310.478576660156,59.9659860134125,0.426716124638915,0.520223736763,4.9077465835674,134.334106445312,4.95476818084717,49.5476818084717,1.73880875110626,5.48452850739774,0.563000023365021,898.333312988281,0.478564471006393
36.75,35.25,1.63395071029663,5,6.07810612891499,435.202301025391,81.9012343883514,0.154320988804102,0.301362067461014,5.76875577675111,319.13916015625,3.44122648239136,34.4122648239136,1.73880875110626,5.21506578057547,0.563000023365021,388.444458007812,0.205039784312248
37.25,35.25,1.37918257713318,5,4.16293542793455,63.2598762512207,56.0555577278137,0,0.356182068586349,5.65086846505144,283.53847026825,2.45953559875488,24.5953559875488,1.73880875110626,4.93627646728903,0.563000023365021,241.33332824707,0.116178154945374
37.75,35.25,1.37918257713318,5,2.57559201516991,12.1390933990479,8.01851823925972,0,0.134277120232582,5.02802638214338,151.631479024887,1.9800511598587,19.800511598587,1.73880875110626,4.64392892063834,0.563000023365021,187.111114501953,0.0885182768106461
38.25,35.25,1.43565285205841,5,2.74694412960108,14.5949029922485,0.728395069018006,0,0.0207313150167465,4.40658866095302,80.9892926216125,1.6126434803009,16.126434803009,1.73880875110626,4.60530331006126,0.563000023365021,164.33332824707,0.0768307745456696
38.75,35.25,1.43565285205841,5,2.11380751826627,7.2797064781189,1.12037034705281,0,0.0295571014285088,3.87721551083759,47.2895659208298,1.51438784599304,15.1438784599304,1.73880875110626,4.68113049881108,0.578000009059906,151,0.0678103789687157
39.25,35.25,1.58740615844727,5,3.4652257357413,30.983678817749,0.339506170712411,0,0.0109123960137367,4.03036182151597,55.2812713384628,1.62877368927002,16.2877368927002,1.73880875110626,4.58096564968842,0.499000012874603,164.222229003906,0.0694135129451752
39.75,35.25,1.58740615844727,5,4.47044510547613,86.3956146240234,1.90776064991951,0.463048694655299,0.0508112050592899,4.39702448858673,80.2088708877563,1.68285429477692,16.8285429477692,1.73880875110626,4.4356185823204,0.529999971389771,156.111114501953,0.0659221261739731
-9.75,34.75,NA,NA,NA,NA,NA,NA,NA,NA,NA,NA,NA,NA,NA,NA,NA,NA
-9.25,34.75,NA,NA,NA,NA,NA,NA,NA,NA,NA,NA,NA,NA,NA,NA,NA,NA
-8.75,34.75,NA,NA,NA,NA,NA,NA,NA,NA,NA,NA,NA,NA,NA,NA,NA,NA
-8.25,34.75,NA,NA,NA,NA,NA,NA,NA,NA,NA,NA,NA,NA,NA,NA,NA,NA
-7.75,34.75,NA,NA,NA,NA,NA,NA,NA,NA,NA,NA,NA,NA,NA,NA,NA,NA
-7.25,34.75,NA,NA,NA,NA,NA,NA,NA,NA,NA,NA,NA,NA,NA,NA,NA,NA
-6.75,34.75,NA,NA,5.36013261373264,211.753158569336,0,0,0,NA,NA,4.91773986816406,49.1773986816406,NA,NA,NA,577,NA
-6.25,34.75,3.24277400970459,4.24352073669434,5.30481196273872,200.303146362305,54.3797969818115,2.61897705495358,0.596489369869232,4.96104182885127,141.742431640625,4.18292856216431,41.8292856216431,41.1197853088379,4.7559600566839,0.717000007629395,595.375,0.364870876073837
-5.75,34.75,2.98327922821045,2.36384868621826,5.32114950572338,203.618957519531,86.0891401767731,0.0847457617055625,0.259010910987854,5.00396073256562,148.002149581909,4.33048391342163,43.3048391342163,41.1197853088379,4.52531815049394,0.717000007629395,686.333312988281,0.389559000730515
-5.25,34.75,3.03417253494263,1.99965405464172,4.84198686144702,125.720878601074,54.0338456630707,0.00966962106758729,0.473430931568146,4.64496083220108,103.059289932251,4.54787588119507,45.4787588119507,41.1197853088379,4.2809970049539,0.717000007629395,817.222229003906,0.444160252809525
-4.75,34.75,3.03417253494263,1.99965405464172,4.96092808359178,141.726196289062,36.1837178468704,0.631690304726362,0.550032556056976,4.47220774071782,86.5497970581055,4.69339275360107,46.9339275360107,41.1197853088379,3.92116467127237,0.699000000953674,762.444458007812,0.426911801099777
-4.25,34.75,3.03417253494263,1.99965405464172,4.336503855703,75.439826965332,17.5277501344681,1.46244941279292,0.762303411960602,4.49917208418423,88.9426355361938,4.51566028594971,45.1566028594971,41.1197853088379,4.32224586114312,0.699000000953674,597.777770996094,0.346059024333954
-3.75,34.75,2.61901140213013,2.93868446350098,3.69195594321344,39.1232490539551,14.3796294927597,0,0.688112199306488,4.48241832860769,87.4483113288879,3.94263052940369,39.4263052940369,41.1197853088379,4.19678700608734,0.699000000953674,472.888885498047,0.269257009029388
-3.25,34.75,2.61901140213013,2.93868446350098,3.45515212326956,30.6631050109863,23.0493828654289,0.166666670702398,0.393790543079376,4.52541099807717,91.3338670730591,2.95220994949341,29.5220994949341,41.1197853088379,4.29166123669557,0.699000000953674,304,0.178209021687508
-2.75,34.75,2.7736713886261,2.44688749313354,4.08589347569437,58.4950714111328,30.7584017515182,0.0844753172714263,0.506155729293823,4.54569095805313,93.225510597229,2.90801572799683,29.0801572799683,41.1197853088379,4.47868085173447,0.660000026226044,273.333343505859,0.16348297894001
-2.25,34.75,2.33315992355347,5,4.74512350833783,114.022010803223,63.1265461444855,0.0308641989249736,0.540227115154266,4.49978736469887,88.997992515564,3.1508994102478,31.508994102478,41.1197853088379,4.55811178256345,0.660000026226044,326.444458007812,0.188217401504517
-1.75,34.75,2.33315992355347,5,5.79193337277212,326.645874023438,59.5888733863831,0,0.525822937488556,4.49585155611129,88.6444737911224,3.34249305725098,33.4249305725098,24.2135944366455,4.76902883960285,0.660000026226044,402.777770996094,0.225780174136162
-1.25,34.75,2.33315992355347,5,5.2704221212343,193.498046875,49.1692721843719,0,0.590547204017639,4.33935130798764,75.6577959060669,3.73129200935364,37.3129200935364,24.2135944366455,4.51756101294455,0.736999988555908,494.333343505859,0.262238591909409
-0.75,34.75,2.14119601249695,5,4.0856216430995,58.4789009094238,48.9783942699432,0.0154320994624868,0.518727600574493,4.40549200828515,80.8994281291962,3.29350209236145,32.9350209236145,24.2135944366455,4.37393553724234,0.736999988555908,378.222229003906,0.211852833628654
-0.25,34.75,2.14119601249695,5,3.62494347358028,36.5226020812988,46.7345684766769,0,0.484405487775803,4.64093729273164,102.641444444656,3.11487746238708,31.1487746238708,24.2135944366455,4.23934026001846,0.736999988555908,330,0.178858160972595
0.25,34.75,2.14119601249695,5,4.67506345968985,106.239372253418,65.3549373149872,0,0.436227649450302,4.90732472514483,134.27702665329,3.0241072177887,30.241072177887,24.2135944366455,4.39442532430434,0.730000019073486,339.444458007812,0.178434550762177
0.75,34.75,2.06950068473816,4.89913177490234,2.7881341066575702,15.2506694793701,56.5864205360413,0,0.39766937494278,4.47728967557573,86.9958518743515,2.89623427391052,28.9623427391052,24.2135944366455,4.21061470363304,0.730000019073486,353.555541992188,0.184248238801956
1.25,34.75,1.6205073595047,2.11827945709229,3.13031723104787,21.8812370300293,57.679009437561,0,0.337801337242126,4.05486310483859,56.6772667169571,2.77713584899902,27.7713584899902,24.2135944366455,4.04839420924398,0.730000019073486,338.333343505859,0.181805536150932
1.75,34.75,1.15187478065491,5,2.3162287005673,9.13737106323242,32.5216054916382,0,0.307088643312454,3.93019206220736,49.9167559146881,2.45311069488525,24.5311069488525,24.2135944366455,3.82040932377159,0.730000019073486,305.222229003906,0.164576351642609
2.25,34.75,1.15187478065491,5,2.51000191099025,11.3049535751343,13.6172845959663,0,0.19137579202652,4.30790955454509,73.2850376963615,2.16551399230957,21.6551399230957,24.2135944366455,3.90941929216868,0.730000019073486,270.888885498047,0.139762938022614
2.75,34.75,2.24307370185852,5,3.56526111876432,34.3486824035645,24.475309252739,0,0.350514799356461,4.85895105642758,127.888933956623,2.48707485198975,24.8707485198975,24.2135944366455,4.1165813423951,0.722000002861023,292.333343505859,0.151171177625656
3.25,34.75,2.24307370185852,5,5.59690215957813,268.589965820312,39.9691343307495,0,0.455161541700363,5.01715633862841,149.981352925301,2.70933818817139,27.0933818817139,24.2135944366455,4.09780758115939,0.722000002861023,328,0.165799364447594
3.75,34.75,1.7787698507309,5,3.45499199562013,30.6580352783203,10.3086419403553,0,0.159567877650261,4.89832096854713,133.064492106438,2.25719404220581,22.5719404220581,24.2135944366455,4.49248052985688,0.722000002861023,294.444458007812,0.14634570479393
4.25,34.75,1.34772288799286,3.48375797271729,3.91208297067121,49.0029983520508,4.93209883570671,0,0.118034489452839,4.66284359970615,104.936896383762,1.78166198730469,17.8166198730469,24.2135944366455,3.7878873800514,0.722000002861023,227.66667175293,0.107258006930351
4.75,34.75,1.47098922729492,3.16517734527588,3.12254601378323,21.7041110992432,0.620370358228683,0,0.0181372836232185,4.18330869228498,64.582486897707,1.23583233356476,12.3583233356476,24.2135944366455,2.67393579297504,0.736000001430511,169.444442749023,0.0748185142874718
5.25,34.75,1.47098922729492,3.16517734527588,4.45301259259811,84.8852920532227,13.7205854058266,0.580569449812174,0.203853353857994,4.24427620246049,68.7052893638611,1.49874424934387,14.9874424934387,24.2135944366455,3.08369407561833,0.736000001430511,147.33332824707,0.0627417042851448
5.75,34.75,1.47098922729492,3.16517734527588,4.97938462362694,144.384887695312,10.4034103453159,0.0586890731938183,0.162294238805771,4.31799961386862,74.0383723378181,1.39997565746307,13.9997565746307,24.2135944366455,4.09709606561908,0.736000001430511,134.444442749023,0.0596883222460747
6.25,34.75,2.11367249488831,3.68984460830688,2.98818701861417,18.8496627807617,11.4660494029522,0,0.237430036067963,4.22896792560015,67.646347463131,1.74032545089722,17.4032545089722,24.2135944366455,3.36669035950318,0.736000001430511,144.33332824707,0.0695333480834961
6.75,34.75,1.48764634132385,2.23018312454224,2.97881969592714,18.6645927429199,9.6358023583889,0,0.160806626081467,3.92432000400149,49.618645876646,1.67089772224426,16.7089772224426,24.2135944366455,2.96340593710546,0.736000001430511,154.777770996094,0.0741996467113495
7.25,34.75,1.48764634132385,2.23018312454224,2.8520697781228,16.323600769043,6.0740739107132,0,0.110294193029404,3.86678683540249,46.7885865271091,1.57705402374268,15.7705402374268,24.2135944366455,2.24583507128994,0.735000014305115,179.444442749023,0.0866980850696564
7.75,34.75,1.48764634132385,2.23018312454224,3.20777894388064,23.7241115570068,7.9413577914238,0,0.133369848132133,4.2262294117563,67.4586156606674,1.70420169830322,17.0420169830322,24.2135944366455,3.51562543494053,0.735000014305115,217.555557250977,0.104707047343254
8.25,34.75,2.13581347465515,3.31589102745056,3.64052477631382,37.1118316650391,11.0246911644936,0,0.167138710618019,4.44450379510072,84.1576117277145,1.62603139877319,16.2603139877319,36.9086227416992,3.88294698610327,0.735000014305115,234,0.11285208910703701
8.75,34.75,2.13581347465515,3.31589102745056,3.69907784171323,39.4100227355957,28.7438273429871,0,0.288463026285172,4.4807648194038,87.3021820783615,1.66959416866302,16.6959416866302,36.9086227416992,4.34012604907794,0.667999982833862,216.444442749023,0.103738941252232
9.25,34.75,2.6844482421875,4.76624441146851,4.13503629923578,61.4918594360352,45.2777773141861,0,0.331185400485992,4.7114332785815,110.211442708969,1.88551008701324,18.8551008701324,36.9086227416992,4.3526919141128,0.667999982833862,222.888885498047,0.104150950908661
9.75,34.75,2.6844482421875,4.76624441146851,3.97488382281969,52.2439308166504,48.9691346883774,0.0154320994624868,0.335581332445145,4.60412208767716,98.8952450752258,1.87156319618225,18.7156319618225,36.9086227416992,4.54896008693214,0.667999982833862,215,0.10454299300909
10.25,34.75,2.6844482421875,4.76624441146851,3.68486176570592,38.8396148681641,40.6831055879593,0,0.325371235609055,4.16267802765423,63.2433378696442,1.66461253166199,16.6461253166199,36.9086227416992,4.70819863879682,0.730000019073486,223.33332824707,0.114291459321976
10.75,34.75,2.6844482421875,4.76624441146851,6.28754403216563,536.830810546875,69.1387712955475,0,0.297875136137009,NA,NA,1.98937332630157,19.8937332630157,36.9086227416992,5.14669386841129,0.730000019073486,233.111114501953,0.127061128616333
11.25,34.75,2.6844482421875,4.76624441146851,4.6443650028804,102.99730682373,62.9691898822784,0,0.341358184814453,NA,NA,2.97075271606445,29.7075271606445,36.9086227416992,3.48400450259618,0.730000019073486,259,0.145014837384224
11.75,34.75,NA,NA,NA,NA,NA,NA,NA,NA,NA,NA,NA,NA,NA,NA,NA,NA
12.25,34.75,NA,NA,NA,NA,NA,NA,NA,NA,NA,NA,NA,NA,NA,NA,NA,NA
12.75,34.75,NA,NA,NA,NA,NA,NA,NA,NA,NA,NA,NA,NA,NA,NA,NA,NA
13.25,34.75,NA,NA,NA,NA,NA,NA,NA,NA,NA,NA,NA,NA,NA,NA,NA,NA
13.75,34.75,NA,NA,NA,NA,NA,NA,NA,NA,NA,NA,NA,NA,NA,NA,NA,NA
14.25,34.75,NA,NA,NA,NA,NA,NA,NA,NA,NA,NA,NA,NA,NA,NA,NA,NA
14.75,34.75,NA,NA,NA,NA,NA,NA,NA,NA,NA,NA,NA,NA,NA,NA,NA,NA
15.25,34.75,NA,NA,NA,NA,NA,NA,NA,NA,NA,NA,NA,NA,NA,NA,NA,NA
15.75,34.75,NA,NA,NA,NA,NA,NA,NA,NA,NA,NA,NA,NA,NA,NA,NA,NA
16.25,34.75,NA,NA,NA,NA,NA,NA,NA,NA,NA,NA,NA,NA,NA,NA,NA,NA
16.75,34.75,NA,NA,NA,NA,NA,NA,NA,NA,NA,NA,NA,NA,NA,NA,NA,NA
17.25,34.75,NA,NA,NA,NA,NA,NA,NA,NA,NA,NA,NA,NA,NA,NA,NA,NA
17.75,34.75,NA,NA,NA,NA,NA,NA,NA,NA,NA,NA,NA,NA,NA,NA,NA,NA
18.25,34.75,NA,NA,NA,NA,NA,NA,NA,NA,NA,NA,NA,NA,NA,NA,NA,NA
18.75,34.75,NA,NA,NA,NA,NA,NA,NA,NA,NA,NA,NA,NA,NA,NA,NA,NA
19.25,34.75,NA,NA,NA,NA,NA,NA,NA,NA,NA,NA,NA,NA,NA,NA,NA,NA
19.75,34.75,NA,NA,NA,NA,NA,NA,NA,NA,NA,NA,NA,NA,NA,NA,NA,NA
20.25,34.75,NA,NA,NA,NA,NA,NA,NA,NA,NA,NA,NA,NA,NA,NA,NA,NA
20.75,34.75,NA,NA,NA,NA,NA,NA,NA,NA,NA,NA,NA,NA,NA,NA,NA,NA
21.25,34.75,NA,NA,NA,NA,NA,NA,NA,NA,NA,NA,NA,NA,NA,NA,NA,NA
21.75,34.75,NA,NA,NA,NA,NA,NA,NA,NA,NA,NA,NA,NA,NA,NA,NA,NA
22.25,34.75,NA,NA,NA,NA,NA,NA,NA,NA,NA,NA,NA,NA,NA,NA,NA,NA
22.75,34.75,NA,NA,NA,NA,NA,NA,NA,NA,NA,NA,NA,NA,NA,NA,NA,NA
23.25,34.75,NA,NA,NA,NA,NA,NA,NA,NA,NA,NA,NA,NA,NA,NA,NA,NA
23.75,34.75,NA,NA,NA,NA,NA,NA,NA,NA,NA,NA,NA,NA,NA,NA,NA,NA
24.25,34.75,NA,NA,NA,NA,NA,NA,NA,NA,NA,NA,NA,NA,NA,NA,NA,NA
24.75,34.75,NA,NA,2.71202768538188,14.0597810745239,23.7242609262466,0.0895255128853023,0.658304691314697,NA,NA,4.45982027053833,44.5982027053833,NA,NA,NA,627,NA
25.25,34.75,NA,NA,2.97911965355419,18.6704921722412,3.90625,0.0919117650482804,0.417048037052155,NA,NA,4.66013526916504,46.6013526916504,NA,NA,NA,658.333312988281,NA
25.75,34.75,NA,NA,5.02764895778532,151.573883056641,11.6788320243359,0,0.520805418491364,NA,NA,4.59627628326416,45.9627628326416,NA,NA,NA,489,NA
26.25,34.75,NA,NA,NA,NA,NA,NA,NA,NA,NA,NA,NA,NA,NA,NA,NA,NA
26.75,34.75,NA,NA,NA,NA,NA,NA,NA,NA,NA,NA,NA,NA,NA,NA,NA,NA
27.25,34.75,NA,NA,NA,NA,NA,NA,NA,NA,NA,NA,NA,NA,NA,NA,NA,NA
27.75,34.75,NA,NA,NA,NA,NA,NA,NA,NA,NA,NA,NA,NA,NA,NA,NA,NA
28.25,34.75,NA,NA,NA,NA,NA,NA,NA,NA,NA,NA,NA,NA,NA,NA,NA,NA
28.75,34.75,NA,NA,NA,NA,NA,NA,NA,NA,NA,NA,NA,NA,NA,NA,NA,NA
29.25,34.75,NA,NA,NA,NA,NA,NA,NA,NA,NA,NA,NA,NA,NA,NA,NA,NA
29.75,34.75,NA,NA,NA,NA,NA,NA,NA,NA,NA,NA,NA,NA,NA,NA,NA,NA
30.25,34.75,NA,NA,NA,NA,NA,NA,NA,NA,NA,NA,NA,NA,NA,NA,NA,NA
30.75,34.75,NA,NA,NA,NA,NA,NA,NA,NA,NA,NA,NA,NA,NA,NA,NA,NA
31.25,34.75,NA,NA,NA,NA,NA,NA,NA,NA,NA,NA,NA,NA,NA,NA,NA,NA
31.75,34.75,NA,NA,NA,NA,NA,NA,NA,NA,NA,NA,NA,NA,NA,NA,NA,NA
32.25,34.75,NA,NA,5.58539886348781,265.506561279297,50.2199113368988,0,0.790334165096283,NA,NA,4.19002246856689,41.9002246856689,NA,NA,NA,461.333343505859,NA
32.75,34.75,2.16366076469421,5,4.20510110710638,66.0273742675781,38.3793205022812,0.0670810812152922,0.793538987636566,4.4791976824347,87.1639088392258,4.30333471298218,43.0333471298218,70.6625518798828,6.99899791575543,0.907000005245209,522.333312988281,0.308680146932602
33.25,34.75,2.16366076469421,5,5.11730208511106,165.884521484375,8.4105022251606,0.00544721660844516,0.668710708618164,NA,NA,3.92820262908936,39.2820262908936,70.6625518798828,7.22575169674204,0.907000005245209,518.428588867188,0.276709407567978
33.75,34.75,NA,NA,6.104040772831,446.663024902344,42.1052634716034,9.72346141934395,0.586353421211243,NA,NA,3.51642036437988,35.1642036437988,NA,NA,NA,382.25,NA
34.25,34.75,NA,NA,5.13053477700999,168.107528686523,7.93650820851326,1.19047621265054,0.587382435798645,NA,NA,4.09638929367065,40.9638929367065,NA,NA,NA,461,NA
34.75,34.75,NA,NA,NA,NA,NA,NA,NA,NA,NA,NA,NA,NA,NA,NA,NA,NA
35.25,34.75,NA,NA,NA,NA,NA,NA,NA,NA,NA,NA,NA,NA,NA,NA,NA,NA
35.75,34.75,NA,NA,6.80897961645978,904.945922851562,26.2550890445709,0,0.615584492683411,NA,NA,4.75457286834717,47.5457286834717,NA,NA,NA,818.666687011719,NA
36.25,34.75,2.01268768310547,5,5.91500606216445,369.556549072266,34.0687930583954,0.0929656031075865,0.551695823669434,4.55257344382938,93.8762531280518,4.61881828308105,46.1881828308105,1.73880875110626,6.06153601963834,0.578000009059906,814.888916015625,0.432429283857346
36.75,34.75,1.63395071029663,5,6.51229585485169,672.37060546875,64.4036471843719,0.0595256744418293,0.492880761623383,5.33360283625952,206.183077812195,3.23567032814026,32.3567032814026,1.73880875110626,5.68657182220312,0.578000009059906,387.666656494141,0.198622226715088
37.25,34.75,1.63395071029663,5,3.84846804991045,45.9211273193359,39.8580253124237,0,0.342779755592346,5.09292541516881,161.865615367889,2.21173214912415,22.1173214912415,1.73880875110626,5.08746172858338,0.578000009059906,210.555557250977,0.102560706436634
37.75,34.75,1.61729419231415,5,2.29551940295051,8.92959213256836,5.53086437284946,0,0.102844446897507,4.34036543905021,75.7355763912201,1.7067711353302,17.067711353302,1.73880875110626,4.60712810687663,0.578000009059906,163.444442749023,0.076373003423214
38.25,34.75,1.61729419231415,5,1.78569761967072,4.96373891830444,5.07716052234173,0,0.096871092915535,4.01756995847839,54.5659141540527,1.63063478469849,16.3063478469849,1.73880875110626,4.57220413914247,0.578000009059906,150.555557250977,0.0673824325203896
38.75,34.75,1.58740615844727,5,1.43563008251368,3.20229196548462,0.561728375032544,0,0.0166918467730284,3.56035948727497,34.175840139389,1.3056355714798,13.056355714798,1.73880875110626,4.43261100244781,0.578000009059906,125.666664123535,0.0550758875906467
39.25,34.75,1.58740615844727,5,1.20443487197183,2.33487391471863,0.444444455206394,0,0.0137085411697626,3.31193822753059,26.4382555484772,1.15464794635773,11.5464794635773,1.73880875110626,4.42787306441009,0.578000009059906,114.444442749023,0.0492338724434376
39.75,34.75,1.58740615844727,5,3.48772565361779,31.7114658355713,0.0246913579758257,0,0.00110503891482949,3.75631001806649,41.7902390956879,1.31018722057343,13.1018722057343,1.73880875110626,4.3196316072546,0.529999971389771,121,0.0501447916030884
-9.75,34.25,NA,NA,NA,NA,NA,NA,NA,NA,NA,NA,NA,NA,NA,NA,NA,NA
-9.25,34.25,NA,NA,NA,NA,NA,NA,NA,NA,NA,NA,NA,NA,NA,NA,NA,NA
-8.75,34.25,NA,NA,NA,NA,NA,NA,NA,NA,NA,NA,NA,NA,NA,NA,NA,NA
-8.25,34.25,NA,NA,NA,NA,NA,NA,NA,NA,NA,NA,NA,NA,NA,NA,NA,NA
-7.75,34.25,NA,NA,NA,NA,NA,NA,NA,NA,NA,NA,NA,NA,NA,NA,NA,NA
-7.25,34.25,NA,NA,NA,NA,NA,NA,NA,NA,NA,NA,NA,NA,NA,NA,NA,NA
-6.75,34.25,NA,NA,7.49386301791537,1795.98046875,37.2420996427536,0.0174109867657535,0.628773927688599,NA,NA,4.46468210220337,44.6468210220337,NA,7.25528691423808,NA,542.5,NA
-6.25,34.25,3.03130006790161,3.34056043624878,4.81983003732926,122.944023132324,72.2342550754547,2.82452665269375,0.51232385635376,4.93050884872238,137.449944496155,3.76796841621399,37.6796841621399,41.1197853088379,4.93499139052457,0.717000007629395,517.333312988281,0.308084785938263
-5.75,34.25,3.03130006790161,3.34056043624878,5.34125219094701,207.773971557617,75.7358849048615,0.142529595177621,0.380900144577026,5.02183893668932,150.689995765686,3.80402541160583,38.0402541160583,41.1197853088379,4.75439805435213,0.717000007629395,532,0.29794454574585
-5.25,34.25,3.01362228393555,1.62940418720245,5.60930097158674,271.953369140625,85.7761681079865,0.0464123266283423,0.260087996721268,4.84199878222227,125.722389221191,3.88287925720215,38.8287925720215,41.1197853088379,4.42338556387633,0.699000000953674,593.333312988281,0.318686246871948
-4.75,34.25,2.82628917694092,2.52008557319641,5.68559542393732,293.593200683594,87.2845232486725,0.00940262034418993,0.232805594801903,4.72054261719045,111.229133605957,3.74640965461731,37.4640965461731,41.1197853088379,4.40046577533981,0.699000000953674,572,0.306869447231293
-4.25,34.25,2.82628917694092,2.52008557319641,4.93291236611836,137.783111572266,62.1673345565796,0,0.471167802810669,4.58288329125682,96.7959623336792,4.10367345809937,41.0367345809937,41.1197853088379,4.57685246509303,0.699000000953674,533,0.289804548025131
-3.75,34.25,3.1553966999054,2.30558180809021,3.79588506780573,43.5176200866699,29.6512335538864,0.0123456789879128,0.396830856800079,4.28352572874307,71.4955897331238,3.43007302284241,34.3007302284241,41.1197853088379,4.28220199994463,0.699000000953674,429.777770996094,0.227814927697182
-3.25,34.25,2.86679339408875,0,4.11873977028821,60.4817123413086,14.2037034034729,0.0462962954770774,0.268967837095261,4.01111830288187,54.208575963974,2.20469808578491,22.0469808578491,41.1197853088379,4.33235898659085,0.699000000953674,261.111114501953,0.150496572256088
-2.75,34.25,2.41198110580444,1.29073286056519,4.07393233601128,57.7876815795898,22.1816375851631,0.0959574070293456,0.48101469874382,4.13678108977934,61.600989818573,2.85748815536499,28.5748815536499,41.1197853088379,4.22800175247068,0.660000026226044,312.777770996094,0.169399067759514
-2.25,34.25,2.41198110580444,1.29073286056519,3.5224492159419,32.8672752380371,22.3765432834625,0,0.450928866863251,4.19821511116131,65.5674095153809,2.7072548866272,27.072548866272,41.1197853088379,4.38639112367248,0.660000026226044,333,0.178100854158401
-1.75,34.25,2.41198110580444,1.29073286056519,2.50934477728665,11.2968702316284,22.9197531938553,0,0.364234268665314,4.03825624754478,55.7273380756378,2.84431838989258,28.4431838989258,41.1197853088379,4.33020014441319,0.660000026226044,391.111114501953,0.202768504619598
-1.25,34.25,2.1186044216156,5,2.30484845982156,9.02265930175781,3.72538082301617,0,0.0846343263983727,3.50521807479688,32.2887024879456,2.71172785758972,27.1172785758972,24.2135944366455,4.48546041820815,0.736999988555908,396.666656494141,0.203144639730453
-0.75,34.25,1.65549623966217,0,2.47613373594787,10.8951854705811,0.891975313425064,0,0.0245145205408335,3.30236506351301,26.1768379211426,2.19183588027954,21.9183588027954,24.2135944366455,4.25183232352097,0.736999988555908,309.444458007812,0.155833855271339
-0.25,34.25,1.6205073595047,2.11827945709229,1.52392264970487,3.59019565582275,1.96695998311043,0,0.047251492738723803,3.61741856501029,36.2413076162338,1.76952505111694,17.6952505111694,24.2135944366455,4.13647124725561,0.736999988555908,271.888885498047,0.130387589335442
0.25,34.25,1.6205073595047,2.11827945709229,2.44594750800259,10.5414800643921,9.70679000020027,0,0.153664037585258,4.2559294435443,69.5223332643509,1.68982970714569,16.8982970714569,24.2135944366455,4.19603517452465,0.730000019073486,270.444458007812,0.129829332232475
0.75,34.25,1.6205073595047,2.11827945709229,1.98823259117595,6.30261564254761,14.382715523243,0,0.203675836324692,4.11930878875588,60.5167065262794,1.68057477474213,16.8057477474213,24.2135944366455,4.12184364142778,0.730000019073486,269.222229003906,0.131309986114502
1.25,34.25,1.6205073595047,2.11827945709229,2.10012094748283,7.1671576499939,36.65432035923,0,0.31599360704422,4.0054959811563,53.8990465402603,1.81814968585968,18.1814968585968,24.2135944366455,4.10478373466978,0.730000019073486,272.111114501953,0.136859148740768
1.75,34.25,1.79685759544373,5,3.16917452109723,22.7878398895264,50.2499997615814,0,0.34057492017746,4.7274996160071,112.012633800507,2.10113978385925,21.0113978385925,24.2135944366455,4.08464945672057,0.722000002861023,288.111114501953,0.145630329847336
2.25,34.25,1.15187478065491,5,4.6940808570634,108.298301696777,33.5648149251938,0.0123456789879128,0.340347677469254,4.88815351967559,131.708304405212,2.08065152168274,20.8065152168274,24.2135944366455,4.23226524186343,0.722000002861023,289.444458007812,0.140626296401024
2.75,34.25,1.80836546421051,5,3.51760007054687,32.7034454345703,22.6543202996254,0,0.304413050413132,4.74509293653905,114.018494427204,1.84353423118591,18.4353423118591,24.2135944366455,4.12269716827488,0.722000002861023,270.444458007812,0.129560366272926
3.25,34.25,1.80836546421051,5,3.93166241019967,49.9916763305664,13.2006168365479,0.0185185184818693,0.188312202692032,4.58954983419558,97.4501013159752,1.44347143173218,14.4347143173218,24.2135944366455,4.1975644216101,0.722000002861023,229.111114501953,0.110543183982372
3.75,34.25,1.47098922729492,3.16517734527588,3.94540252959513,50.6971435546875,1.15123456344008,0,0.0302200336009264,4.26258274487647,69.9931039512157,1.25141227245331,12.5141227245331,24.2135944366455,4.27322549582208,0.722000002861023,202.555557250977,0.0921825543045998
4.25,34.25,1.47098922729492,3.16517734527588,3.04330744544905,19.9745006561279,0.268518528901041,0,0.00893407594412565,3.58053274239834,34.8926572948694,1.06640136241913,10.6640136241913,24.2135944366455,2.67915152028803,0.722000002861023,149.33332824707,0.0660566240549088
4.75,34.25,1.47098922729492,3.16517734527588,3.26909007278639,25.2874088287354,0.524691352620721,0,0.0157638601958752,3.20682591426451,23.7005599709228,1.10034847259521,11.0034847259521,24.2135944366455,0.0359955516313431,0.736000001430511,131,0.0533054433763027
5.25,34.25,2.05836510658264,0,3.83977778045623,45.51513671875,1.02160489186645,0,0.0274073425680399,3.47026484710308,31.1452548950911,1.10946083068848,11.0946083068848,24.2135944366455,0.657308094292045,0.736000001430511,117.333335876465,0.046209029853344
5.75,34.25,2.05836510658264,0,2.60838284947109,12.5770769119263,1.69674288481474,0.111001869663596,0.0433239042758942,3.82964710365337,45.0462858006358,1.21692740917206,12.1692740917206,24.2135944366455,3.39769974322103,0.736000001430511,99.2222213745117,0.0382330045104027
6.25,34.25,2.11367249488831,3.68984460830688,1.91544307056633,5.78994655609131,0.298576918430626,0,0.0097815990447998,3.64993683547996,37.472235891968,1.80366516113281,18.0366516113281,24.2135944366455,3.26986084420482,0.736000001430511,89.5555572509766,0.0344559103250504
6.75,34.25,1.48764634132385,2.23018312454224,2.95891794161125,18.2771015167236,2.63580251485109,0,0.0595730096101761,3.35714681334916,27.7071670144796,1.77000331878662,17.7000331878662,24.2135944366455,1.45501067650069,0.736000001430511,89.2222213745117,0.0347864516079426
7.25,34.25,1.48764634132385,2.23018312454224,2.09689923270118,7.14088773727417,3.41358035802841,0,0.0715754553675652,3.3439734329537,27.331476572901,1.42358064651489,14.2358064651489,24.2135944366455,2.97975854551958,0.736000001430511,93.5555572509766,0.0375171899795532
7.75,34.25,2.13581347465515,3.31589102745056,2.73539754151433,14.4158706665039,1.21296299621463,0,0.0315339267253876,3.28335423133142,25.6650636568666,1.50391602516174,15.0391602516174,36.9086227416992,3.3473016233976,0.735000014305115,104.555557250977,0.0443423613905907
8.25,34.25,2.13581347465515,3.31589102745056,3.62449422119457,36.5057487487793,2.02160496264696,0.0216049389564432,0.0481255315244198,3.47768581297503,31.3846910595894,1.50975346565247,15.0975346565247,36.9086227416992,4.20480773691202,0.726000010967255,123.111114501953,0.0530236177146435
8.75,34.25,2.13581347465515,3.31589102745056,4.01876700881576,54.6324691772461,4.48148138821125,0,0.0882079675793648,3.78692964372696,43.1207257509232,1.64432263374329,16.4432263374329,36.9086227416992,4.56468772135054,0.726000010967255,140.555557250977,0.0610802583396435
9.25,34.25,2.6844482421875,4.76624441146851,3.20994822905244,23.7778034210205,3.11419758945704,0,0.0666956230998039,4.04327297253481,56.0126385688782,1.59266817569733,15.9266817569733,36.9086227416992,4.56436225806507,0.726000010967255,167.66667175293,0.0740498751401901
9.75,34.25,2.6844482421875,4.76624441146851,3.38570462921851,28.5387992858887,4.48456779122353,0,0.0880281552672386,4.14152644337682,61.8987596035004,1.51585721969604,15.1585721969604,36.9086227416992,4.66809118393421,0.730000019073486,175.222229003906,0.0840663686394691
10.25,34.25,NA,NA,4.10834164158708,59.8457298278809,38.7110143899918,0,0.325879335403442,NA,NA,1.73253345489502,17.3253345489502,NA,NA,NA,191,NA
10.75,34.25,NA,NA,NA,NA,NA,NA,NA,NA,NA,NA,NA,NA,NA,NA,NA,NA
11.25,34.25,NA,NA,NA,NA,NA,NA,NA,NA,NA,NA,NA,NA,NA,NA,NA,NA
11.75,34.25,NA,NA,NA,NA,NA,NA,NA,NA,NA,NA,NA,NA,NA,NA,NA,NA
12.25,34.25,NA,NA,NA,NA,NA,NA,NA,NA,NA,NA,NA,NA,NA,NA,NA,NA
12.75,34.25,NA,NA,NA,NA,NA,NA,NA,NA,NA,NA,NA,NA,NA,NA,NA,NA
13.25,34.25,NA,NA,NA,NA,NA,NA,NA,NA,NA,NA,NA,NA,NA,NA,NA,NA
13.75,34.25,NA,NA,NA,NA,NA,NA,NA,NA,NA,NA,NA,NA,NA,NA,NA,NA
14.25,34.25,NA,NA,NA,NA,NA,NA,NA,NA,NA,NA,NA,NA,NA,NA,NA,NA
14.75,34.25,NA,NA,NA,NA,NA,NA,NA,NA,NA,NA,NA,NA,NA,NA,NA,NA
15.25,34.25,NA,NA,NA,NA,NA,NA,NA,NA,NA,NA,NA,NA,NA,NA,NA,NA
15.75,34.25,NA,NA,NA,NA,NA,NA,NA,NA,NA,NA,NA,NA,NA,NA,NA,NA
16.25,34.25,NA,NA,NA,NA,NA,NA,NA,NA,NA,NA,NA,NA,NA,NA,NA,NA
16.75,34.25,NA,NA,NA,NA,NA,NA,NA,NA,NA,NA,NA,NA,NA,NA,NA,NA
17.25,34.25,NA,NA,NA,NA,NA,NA,NA,NA,NA,NA,NA,NA,NA,NA,NA,NA
17.75,34.25,NA,NA,NA,NA,NA,NA,NA,NA,NA,NA,NA,NA,NA,NA,NA,NA
18.25,34.25,NA,NA,NA,NA,NA,NA,NA,NA,NA,NA,NA,NA,NA,NA,NA,NA
18.75,34.25,NA,NA,NA,NA,NA,NA,NA,NA,NA,NA,NA,NA,NA,NA,NA,NA
19.25,34.25,NA,NA,NA,NA,NA,NA,NA,NA,NA,NA,NA,NA,NA,NA,NA,NA
19.75,34.25,NA,NA,NA,NA,NA,NA,NA,NA,NA,NA,NA,NA,NA,NA,NA,NA
20.25,34.25,NA,NA,NA,NA,NA,NA,NA,NA,NA,NA,NA,NA,NA,NA,NA,NA
20.75,34.25,NA,NA,NA,NA,NA,NA,NA,NA,NA,NA,NA,NA,NA,NA,NA,NA
21.25,34.25,NA,NA,NA,NA,NA,NA,NA,NA,NA,NA,NA,NA,NA,NA,NA,NA
21.75,34.25,NA,NA,NA,NA,NA,NA,NA,NA,NA,NA,NA,NA,NA,NA,NA,NA
22.25,34.25,NA,NA,NA,NA,NA,NA,NA,NA,NA,NA,NA,NA,NA,NA,NA,NA
22.75,34.25,NA,NA,NA,NA,NA,NA,NA,NA,NA,NA,NA,NA,NA,NA,NA,NA
23.25,34.25,NA,NA,NA,NA,NA,NA,NA,NA,NA,NA,NA,NA,NA,NA,NA,NA
23.75,34.25,NA,NA,NA,NA,NA,NA,NA,NA,NA,NA,NA,NA,NA,NA,NA,NA
24.25,34.25,NA,NA,NA,NA,NA,NA,NA,NA,NA,NA,NA,NA,NA,NA,NA,NA
24.75,34.25,NA,NA,NA,NA,NA,NA,NA,NA,NA,NA,NA,NA,NA,NA,NA,NA
25.25,34.25,NA,NA,NA,NA,NA,NA,NA,NA,NA,NA,NA,NA,NA,NA,NA,NA
25.75,34.25,NA,NA,NA,NA,NA,NA,NA,NA,NA,NA,NA,NA,NA,NA,NA,NA
26.25,34.25,NA,NA,NA,NA,NA,NA,NA,NA,NA,NA,NA,NA,NA,NA,NA,NA
26.75,34.25,NA,NA,NA,NA,NA,NA,NA,NA,NA,NA,NA,NA,NA,NA,NA,NA
27.25,34.25,NA,NA,NA,NA,NA,NA,NA,NA,NA,NA,NA,NA,NA,NA,NA,NA
27.75,34.25,NA,NA,NA,NA,NA,NA,NA,NA,NA,NA,NA,NA,NA,NA,NA,NA
28.25,34.25,NA,NA,NA,NA,NA,NA,NA,NA,NA,NA,NA,NA,NA,NA,NA,NA
28.75,34.25,NA,NA,NA,NA,NA,NA,NA,NA,NA,NA,NA,NA,NA,NA,NA,NA
29.25,34.25,NA,NA,NA,NA,NA,NA,NA,NA,NA,NA,NA,NA,NA,NA,NA,NA
29.75,34.25,NA,NA,NA,NA,NA,NA,NA,NA,NA,NA,NA,NA,NA,NA,NA,NA
30.25,34.25,NA,NA,NA,NA,NA,NA,NA,NA,NA,NA,NA,NA,NA,NA,NA,NA
30.75,34.25,NA,NA,NA,NA,NA,NA,NA,NA,NA,NA,NA,NA,NA,NA,NA,NA
31.25,34.25,NA,NA,NA,NA,NA,NA,NA,NA,NA,NA,NA,NA,NA,NA,NA,NA
31.75,34.25,NA,NA,NA,NA,NA,NA,NA,NA,NA,NA,NA,NA,NA,NA,NA,NA
32.25,34.25,NA,NA,NA,NA,NA,NA,NA,NA,NA,NA,NA,NA,NA,NA,NA,NA
32.75,34.25,NA,NA,NA,NA,NA,NA,NA,NA,NA,NA,NA,NA,NA,NA,NA,NA
33.25,34.25,NA,NA,NA,NA,NA,NA,NA,NA,NA,NA,NA,NA,NA,NA,NA,NA
33.75,34.25,NA,NA,NA,NA,NA,NA,NA,NA,NA,NA,NA,NA,NA,NA,NA,NA
34.25,34.25,NA,NA,NA,NA,NA,NA,NA,NA,NA,NA,NA,NA,NA,NA,NA,NA
34.75,34.25,NA,NA,NA,NA,NA,NA,NA,NA,NA,NA,NA,NA,NA,NA,NA,NA
35.25,34.25,NA,NA,NA,NA,NA,NA,NA,NA,NA,NA,NA,NA,NA,NA,NA,NA
35.75,34.25,2.01268768310547,5,6.86452369121753,956.689575195312,32.2666674852371,0,0.638321459293365,3.87073043080712,46.9774174690247,5.19187450408936,51.9187450408936,14.1953907012939,7.34954517494386,0.712000012397766,988.875,0.542902648448944
36.25,34.25,1.63395071029663,5,5.29310521370842,197.96028137207,55.280864238739,0.219135801307857,0.532488763332367,4.52198455346547,91.0180315971375,4.03378582000732,40.3378582000732,14.1953907012939,5.9620475850874,0.712000012397766,669.888916015625,0.369429171085358
36.75,34.25,1.63395071029663,5,4.29902339699061,72.6278533935547,14.9475306272507,0.00617283949395642,0.20438888669014,4.82133555840756,123.130764007568,2.45520544052124,24.5520544052124,1.73880875110626,5.46616761363501,0.578000009059906,267.888885498047,0.147097200155258
37.25,34.25,1.61729419231415,5,2.79305844655554,15.3308906555176,0.58333333581686,0,0.017227666452527,4.11010911978772,59.9533684253693,1.4746356010437,14.746356010437,1.73880875110626,4.9739120456177,0.578000009059906,134.111114501953,0.0678744912147522
37.75,34.25,1.61729419231415,5,1.85953384131505,5.42074298858643,0.746913580223918,0,0.0211678706109524,3.60066771271298,35.6226797103882,1.22511339187622,12.2511339187622,1.73880875110626,4.46786625309839,0.578000009059906,110.111114501953,0.0519111417233944
38.25,34.25,1.61729419231415,5,1.73531863413469,4.67073440551758,0.175925926305354,0,0.00621149968355894,3.49919855871402,32.0889225006104,1.15126800537109,11.5126800537109,1.73880875110626,4.5456068980354,0.578000009059906,95.5555572509766,0.043434415012598
38.75,34.25,1.58740615844727,5,1.6851236786533,4.39311790466309,2.01851855963469,0,0.0474930144846439,3.31100086714641,26.4125480651855,1.25443339347839,12.5443339347839,1.73880875110626,4.19602644499912,0.578000009059906,104.888885498047,0.0445026457309723
39.25,34.25,1.58740615844727,5,1.52594727806519,3.59949851036072,0.0462962954770774,0,0.00193197175394744,3.12585846047162,21.7794419527054,1.41664350032806,14.1664350032806,1.73880875110626,4.18878333992355,0.578000009059906,116.222221374512,0.0481351278722286
39.75,34.25,1.92456829547882,0,1.35603769551333,2.88078594207764,0.0154320994624868,0,7.2553299833089e-4,3.048878754025,20.0916821956635,1.53084063529968,15.3084063529968,1.73880875110626,4.68729455962544,0.529999971389771,120.111114501953,0.0491088181734085
-9.75,33.75,NA,NA,NA,NA,NA,NA,NA,NA,NA,NA,NA,NA,NA,NA,NA,NA
-9.25,33.75,NA,NA,NA,NA,NA,NA,NA,NA,NA,NA,NA,NA,NA,NA,NA,NA
-8.75,33.75,NA,NA,NA,NA,NA,NA,NA,NA,NA,NA,NA,NA,NA,NA,NA,NA
-8.25,33.75,NA,NA,NA,NA,NA,NA,NA,NA,NA,NA,NA,NA,NA,NA,NA,NA
-7.75,33.75,NA,NA,9.1645705492066,9551.6181640625,3.46729718148708,0,0.271510541439056,NA,NA,3.65007948875427,36.5007948875427,NA,NA,NA,391,NA
-7.25,33.75,3.03794932365417,4.86022090911865,7.06408313503138,1168.20947265625,40.067246556282,0,0.673384368419647,5.41584600583474,223.942768096924,4.11180686950684,41.1180686950684,41.1197853088379,7.26390934754275,0.734000027179718,444.142852783203,0.277677088975906
-6.75,33.75,3.03794932365417,4.86022090911865,6.29918315019839,543.127258300781,38.7376397848129,0,0.686977982521057,4.98958334584525,145.875214576721,4.14342355728149,41.4342355728149,41.1197853088379,6.65900990937957,0.717000007629395,464.888885498047,0.281452715396881
-6.25,33.75,3.03794932365417,4.86022090911865,4.91020127168324,134.666717529297,65.479975938797,0.00617531695752405,0.525844991207123,4.9478008594577,139.864841461182,3.83021831512451,38.3021831512451,41.1197853088379,4.49569243811073,0.717000007629395,485.222229003906,0.278308987617493
-5.75,33.75,3.03130006790161,3.34056043624878,5.5331555736878,251.940826416016,59.7399353981018,0.0123839010484517,0.566826105117798,4.8843652676647,131.206522941589,3.82192635536194,38.2192635536194,41.1197853088379,4.67000346825239,0.717000007629395,511.666656494141,0.286714941263199
-5.25,33.75,2.70371389389038,4.59370899200439,5.73943929714396,309.890045166016,44.3456798791885,0.0123456789879128,0.590052127838135,4.90642563882815,134.155455589294,3.69237685203552,36.9237685203552,41.1197853088379,4.71412667588341,0.680000007152557,468.333343505859,0.262581527233124
-4.75,33.75,3.12121534347534,3.00723457336426,5.03795353365929,153.154220581055,40.4038220643997,0.00618410049355589,0.712628126144409,4.77520226431521,117.534287452698,3.38991093635559,33.8991093635559,41.1197853088379,4.57138438394398,0.699000000953674,368,0.210409209132195
-4.25,33.75,3.12121534347534,3.00723457336426,3.41753655603719,29.4942016601562,13.4663492441177,0.00926583670661785,0.759828686714172,4.41131714067508,81.3778953552246,3.72354102134705,37.2354102134705,41.1197853088379,4.56040197889485,0.699000000953674,343.666656494141,0.2045828551054
-3.75,33.75,2.82503199577332,0.507914066314697,2.78333347628146,15.1728429794312,4.80864197015762,0.0277777784503996,0.35152605175972,4.10005358665487,59.3435211181641,2.7959520816803,27.959520816803,41.1197853088379,4.46673263020277,0.699000000953674,313.444458007812,0.174352765083313
-3.25,33.75,2.29472208023071,2.51695966720581,2.86012746125587,16.463752746582,10.0462965667248,0,0.30476388335228,3.95269637211306,51.0755928754807,2.25539827346802,22.5539827346802,41.1197853088379,4.35622894002169,0.699000000953674,298.888885498047,0.154312953352928
-2.75,33.75,2.41198110580444,1.29073286056519,1.91901264773929,5.81422710418701,8.39197561144829,0,0.216547042131424,3.69963274958119,39.4324527978897,2.28073787689209,22.8073787689209,41.1197853088379,4.33031443895436,0.660000026226044,318.777770996094,0.163348868489265
-2.25,33.75,2.41198110580444,1.29073286056519,1.4009813991649,3.05918169021606,1.89814809709787,0,0.0452276766300201,3.45119884114714,30.5381789207458,2.04926943778992,20.4926943778992,41.1197853088379,4.33012149655761,0.660000026226044,298.666656494141,0.147999107837677
-1.75,33.75,1.65885448455811,0,1.58432363207024,3.87599229812622,1.84994544833899,0,0.0443101450800896,3.21820528150072,23.9832420349121,1.96494042873383,19.6494042873383,41.1197853088379,4.18435935561736,0.660000026226044,301.777770996094,0.145099446177483
-1.25,33.75,1.65549623966217,0,1.94688392121907,6.00681972503662,0.739480182528496,0,0.0209929067641497,2.15107596274587,7.59410035610199,1.75713694095612,17.5713694095612,24.2135944366455,4.13033391442766,0.730000019073486,293.444458007812,0.138644888997078
-0.75,33.75,1.65549623966217,0,1.58092886532697,3.85946750640869,0.31481480691582,0,0.0102332681417465,2.01093427583949,6.47029340267181,1.6093225479126,16.093225479126,24.2135944366455,4.2376618876914796,0.730000019073486,266.555541992188,0.122140280902386
-0.25,33.75,1.6205073595047,2.11827945709229,3.08492983040419,20.8659324645996,3.58785949647427,0,0.0745236948132515,2.69126552620835,13.7503310441971,1.40094757080078,14.0094757080078,24.2135944366455,4.13065327439573,0.730000019073486,244,0.109000183641911
0.25,33.75,1.6205073595047,2.11827945709229,2.69044665780106,13.7382574081421,5.61419762670994,0,0.103978559374809,3.92155656104284,49.4789572358131,1.45310652256012,14.5310652256012,24.2135944366455,3.8115800695215,0.730000019073486,238.555557250977,0.108126156032085
0.75,33.75,1.6205073595047,2.11827945709229,2.36807278472721,9.67679595947266,11.0370367765427,0,0.167010694742203,4.34020653212975,75.7233835458755,1.39905619621277,13.9905619621277,24.2135944366455,4.36667744545453,0.730000019073486,239,0.11225376278162
1.25,33.75,1.6205073595047,2.11827945709229,2.86654997400339,16.5762748718262,22.8024691343307,0,0.264802038669586,4.59132056316727,97.624584197998,1.59701502323151,15.9701502323151,24.2135944366455,4.17081368078081,0.730000019073486,255.33332824707,0.120743580162525
1.75,33.75,1.32608664035797,0,2.60837989932352,12.577036857605,22.5987657904625,0,0.257562160491943,4.48216805071761,87.4261774420738,1.41191136837006,14.1191136837006,24.2135944366455,4.09239436878032,0.730000019073486,244.111114501953,0.115587912499905
2.25,33.75,1.59520030021667,2.4007294178009,1.93992958867794,5.95826101303101,3.2129630446434,0,0.0739378184080124,4.27198379077134,70.6636604070663,1.16371023654938,11.6371023654938,24.2135944366455,4.2554129187648,0.722000002861023,200.111114501953,0.0926101207733154
2.75,33.75,1.59520030021667,2.4007294178009,4.48612649504721,87.7769012451172,3.87037023901939,0,0.0787722766399384,4.08365702042939,58.3621620237827,1.10697138309479,11.0697138309479,24.2135944366455,4.24603686557378,0.722000002861023,167.555557250977,0.0734973475337029
3.25,33.75,1.59520030021667,2.4007294178009,3.4189074167775,29.5360336303711,6.52777776122093,0,0.116016276180744,4.0414099458118,55.9065213799477,1.1694039106369,11.694039106369,24.2135944366455,4.34834706716169,0.722000002861023,153.888885498047,0.0648633614182472
3.75,33.75,1.59520030021667,2.4007294178009,2.43868494590674,10.4579629898071,0.185185181908309,0,0.00649269996210933,3.56165146587672,34.2213159427047,1.11288809776306,11.1288809776306,24.2135944366455,4.10929145207083,0.722000002861023,144,0.0587375238537788
4.25,33.75,2.09038734436035,3.19722056388855,2.33381866260082,9.31726455688477,0.0339506164891645,0,0.00146742770448327,3.1476313745962,22.2808555960655,1.184774518013,11.84774518013,24.2135944366455,2.79376293282168,0.722000002861023,129.66667175293,0.051188051700592
4.75,33.75,2.09038734436035,3.19722056388855,2.69990984560939,13.8783903121948,0.0216049389564432,0,9.8078430164605e-4,2.74358741380393,14.542643094901,1.16320943832397,11.6320943832397,24.2135944366455,0,0.736000001430511,109.555557250977,0.0426965318620205
5.25,33.75,2.09038734436035,3.19722056388855,2.92654275552521,17.6629962921143,0.0432098779128864,0,0.00181751325726509,2.67014917779449,13.4421234762412,1.32926654815674,13.2926654815674,24.2135944366455,0,0.736000001430511,96,0.0361931249499321
5.75,33.75,2.09038734436035,3.19722056388855,3.83088606373979,45.1033706665039,3.79684269428253,0.145200651604682,0.0805966481566429,3.51418599385602,32.5885754860938,1.48803067207336,14.8803067207336,24.2135944366455,2.90096785658297,0.736000001430511,81.4444427490234,0.0306221768260002
6.25,33.75,2.09038734436035,3.19722056388855,3.16960147749147,22.7979984283447,3.62572707235813,0.369644188322127,0.0822916924953461,3.43892574330629,30.1534733586013,1.95532250404358,19.5532250404358,24.2135944366455,3.00303576491122,0.736000001430511,75.7777786254883,0.0283382143825293
6.75,33.75,1.48764634132385,2.23018312454224,3.94972350717849,50.9210090637207,0.521604949608445,0,0.0156859699636698,3.62859101287147,36.6597171609974,1.88241326808929,18.8241326808929,24.2135944366455,3.21487866534083,0.736000001430511,74.4444427490234,0.0282041616737843
7.25,33.75,1.48764634132385,2.23018312454224,3.18316381108427,23.122953414917,0.145061733201146,0,0.00525644002482295,3.39580794745817,28.8387518822419,1.83197581768036,18.3197581768036,24.2135944366455,3.37469840689462,0.736000001430511,75.4444427490234,0.0286078602075577
7.75,33.75,2.57243609428406,5,2.35081061341301,9.49407291412354,1.31790125742555,0.18827160820365,0.036332044750452,2.80264366591183,15.4881784394383,1.81825232505798,18.1825232505798,36.9086227416992,3.57254391816431,0.726000010967255,74.3333358764648,0.0285475924611092
8.25,33.75,2.57243609428406,5,3.15485564267708,22.4496517181396,1.99999995529652,0.197530863806605,0.0502473115921021,2.23748616457536,8.36974765360355,2.13078761100769,21.3078761100769,36.9086227416992,3.43703167750583,0.726000010967255,78,0.0302433930337429
8.75,33.75,2.79271340370178,5,2.71317411348621,14.0770559310913,6.10170550644398,0.667325733229518,0.120618604123592,2.75763847078567,14.7625751793385,2.08480644226074,20.8480644226074,36.9086227416992,4.18965474202643,0.726000010967255,92.4444427490234,0.0370981730520725
9.25,33.75,2.79271340370178,5,3.3750681160003,28.2262744903564,0.963022373616695,0.0555589853320271,0.0273097883909941,2.98655887083832,18.817370891571,1.7787743806839,17.787743806839,36.9086227416992,4.32390779120212,0.726000010967255,122.666664123535,0.0511926636099815
9.75,33.75,2.79271340370178,5,3.56906085219456,34.4832534790039,2.567901276052,0,0.0576207563281059,3.847385040361,45.8703387975693,1.64703142642975,16.4703142642975,36.9086227416992,4.85565717785386,0.730000019073486,169.555557250977,0.0735517516732216
10.25,33.75,1.68556642532349,3.25234031677246,5.10951031627606,164.589248657227,15.4868885874748,0.257501704618335,0.219704151153564,4.37696743420438,78.5962860584259,1.83431088924408,18.3431088924408,36.9086227416992,5.17670217225539,0.730000019073486,197.285720825195,0.0869964137673378
10.75,33.75,1.68556642532349,3.25234031677246,5.32453528963186,204.312927246094,33.2843750715256,0,0.317408889532089,NA,NA,1.95708692073822,19.5708692073822,36.9086227416992,5.95101584639979,0.730000019073486,214.375,0.0959470793604851
11.25,33.75,NA,NA,5.17864199666473,176.441680908203,61.0276281833649,0,0.328623324632645,NA,NA,2.07925343513489,20.7925343513489,NA,NA,NA,212,NA
11.75,33.75,NA,NA,NA,NA,NA,NA,NA,NA,NA,NA,NA,NA,NA,NA,NA,NA
12.25,33.75,NA,NA,NA,NA,NA,NA,NA,NA,NA,NA,NA,NA,NA,NA,NA,NA
12.75,33.75,NA,NA,NA,NA,NA,NA,NA,NA,NA,NA,NA,NA,NA,NA,NA,NA
13.25,33.75,NA,NA,NA,NA,NA,NA,NA,NA,NA,NA,NA,NA,NA,NA,NA,NA
13.75,33.75,NA,NA,NA,NA,NA,NA,NA,NA,NA,NA,NA,NA,NA,NA,NA,NA
14.25,33.75,NA,NA,NA,NA,NA,NA,NA,NA,NA,NA,NA,NA,NA,NA,NA,NA
14.75,33.75,NA,NA,NA,NA,NA,NA,NA,NA,NA,NA,NA,NA,NA,NA,NA,NA
15.25,33.75,NA,NA,NA,NA,NA,NA,NA,NA,NA,NA,NA,NA,NA,NA,NA,NA
15.75,33.75,NA,NA,NA,NA,NA,NA,NA,NA,NA,NA,NA,NA,NA,NA,NA,NA
16.25,33.75,NA,NA,NA,NA,NA,NA,NA,NA,NA,NA,NA,NA,NA,NA,NA,NA
16.75,33.75,NA,NA,NA,NA,NA,NA,NA,NA,NA,NA,NA,NA,NA,NA,NA,NA
17.25,33.75,NA,NA,NA,NA,NA,NA,NA,NA,NA,NA,NA,NA,NA,NA,NA,NA
17.75,33.75,NA,NA,NA,NA,NA,NA,NA,NA,NA,NA,NA,NA,NA,NA,NA,NA
18.25,33.75,NA,NA,NA,NA,NA,NA,NA,NA,NA,NA,NA,NA,NA,NA,NA,NA
18.75,33.75,NA,NA,NA,NA,NA,NA,NA,NA,NA,NA,NA,NA,NA,NA,NA,NA
19.25,33.75,NA,NA,NA,NA,NA,NA,NA,NA,NA,NA,NA,NA,NA,NA,NA,NA
19.75,33.75,NA,NA,NA,NA,NA,NA,NA,NA,NA,NA,NA,NA,NA,NA,NA,NA
20.25,33.75,NA,NA,NA,NA,NA,NA,NA,NA,NA,NA,NA,NA,NA,NA,NA,NA
20.75,33.75,NA,NA,NA,NA,NA,NA,NA,NA,NA,NA,NA,NA,NA,NA,NA,NA
21.25,33.75,NA,NA,NA,NA,NA,NA,NA,NA,NA,NA,NA,NA,NA,NA,NA,NA
21.75,33.75,NA,NA,NA,NA,NA,NA,NA,NA,NA,NA,NA,NA,NA,NA,NA,NA
22.25,33.75,NA,NA,NA,NA,NA,NA,NA,NA,NA,NA,NA,NA,NA,NA,NA,NA
22.75,33.75,NA,NA,NA,NA,NA,NA,NA,NA,NA,NA,NA,NA,NA,NA,NA,NA
23.25,33.75,NA,NA,NA,NA,NA,NA,NA,NA,NA,NA,NA,NA,NA,NA,NA,NA
23.75,33.75,NA,NA,NA,NA,NA,NA,NA,NA,NA,NA,NA,NA,NA,NA,NA,NA
24.25,33.75,NA,NA,NA,NA,NA,NA,NA,NA,NA,NA,NA,NA,NA,NA,NA,NA
24.75,33.75,NA,NA,NA,NA,NA,NA,NA,NA,NA,NA,NA,NA,NA,NA,NA,NA
25.25,33.75,NA,NA,NA,NA,NA,NA,NA,NA,NA,NA,NA,NA,NA,NA,NA,NA
25.75,33.75,NA,NA,NA,NA,NA,NA,NA,NA,NA,NA,NA,NA,NA,NA,NA,NA
26.25,33.75,NA,NA,NA,NA,NA,NA,NA,NA,NA,NA,NA,NA,NA,NA,NA,NA
26.75,33.75,NA,NA,NA,NA,NA,NA,NA,NA,NA,NA,NA,NA,NA,NA,NA,NA
27.25,33.75,NA,NA,NA,NA,NA,NA,NA,NA,NA,NA,NA,NA,NA,NA,NA,NA
27.75,33.75,NA,NA,NA,NA,NA,NA,NA,NA,NA,NA,NA,NA,NA,NA,NA,NA
28.25,33.75,NA,NA,NA,NA,NA,NA,NA,NA,NA,NA,NA,NA,NA,NA,NA,NA
28.75,33.75,NA,NA,NA,NA,NA,NA,NA,NA,NA,NA,NA,NA,NA,NA,NA,NA
29.25,33.75,NA,NA,NA,NA,NA,NA,NA,NA,NA,NA,NA,NA,NA,NA,NA,NA
29.75,33.75,NA,NA,NA,NA,NA,NA,NA,NA,NA,NA,NA,NA,NA,NA,NA,NA
30.25,33.75,NA,NA,NA,NA,NA,NA,NA,NA,NA,NA,NA,NA,NA,NA,NA,NA
30.75,33.75,NA,NA,NA,NA,NA,NA,NA,NA,NA,NA,NA,NA,NA,NA,NA,NA
31.25,33.75,NA,NA,NA,NA,NA,NA,NA,NA,NA,NA,NA,NA,NA,NA,NA,NA
31.75,33.75,NA,NA,NA,NA,NA,NA,NA,NA,NA,NA,NA,NA,NA,NA,NA,NA
32.25,33.75,NA,NA,NA,NA,NA,NA,NA,NA,NA,NA,NA,NA,NA,NA,NA,NA
32.75,33.75,NA,NA,NA,NA,NA,NA,NA,NA,NA,NA,NA,NA,NA,NA,NA,NA
33.25,33.75,NA,NA,NA,NA,NA,NA,NA,NA,NA,NA,NA,NA,NA,NA,NA,NA
33.75,33.75,NA,NA,NA,NA,NA,NA,NA,NA,NA,NA,NA,NA,NA,NA,NA,NA
34.25,33.75,NA,NA,NA,NA,NA,NA,NA,NA,NA,NA,NA,NA,NA,NA,NA,NA
34.75,33.75,NA,NA,NA,NA,NA,NA,NA,NA,NA,NA,NA,NA,NA,NA,NA,NA
35.25,33.75,NA,NA,8.93731744963045,7609.75341796875,25.5950778722763,0,0.690619885921478,NA,NA,4.87335014343262,48.7335014343262,NA,NA,NA,830.333312988281,NA
35.75,33.75,2.01268768310547,5,7.54910463051758,1898.04162597656,47.578439116478,0.289621879346669,0.616430759429932,4.36916296506552,77.9774971008301,4.54741239547729,45.4741239547729,14.1953907012939,7.47698182235278,0.722000002861023,921.555541992188,0.472210496664047
36.25,33.75,1.79847431182861,5,7.0459431868492,1147.19128417969,48.8611102104187,0.16049382975325,0.424786329269409,5.14682255390644,170.884468078613,3.34769463539124,33.4769463539124,1.73880875110626,6.91133395089816,0.572000026702881,500.666656494141,0.272380769252777
36.75,33.75,1.79847431182861,5,5.10511634682984,163.863250732422,10.6618098914623,0,0.170551016926765,5.12465572730981,167.116253852844,1.83832776546478,18.3832776546478,1.73880875110626,5.82426991218501,0.572000026702881,166.33332824707,0.0960747450590134
37.25,33.75,2.2793927192688,5,2.76095491059445,14.8149375915527,0,0,0,4.10193614284464,59.4572281837463,1.18826103210449,11.8826103210449,1.73880875110626,4.66421770890927,0.572000026702881,97.4444427490234,0.0482138954102993
37.75,33.75,1.93982493877411,5,0.645236669610517,0.906438171863556,0.00925925924093463,0,4.5806702109985e-4,3.05601588744602,20.242754817009,1.2531464099884,12.531464099884,1.73880875110626,4.62160085126294,0.578000009059906,94.2222213745117,0.0428857654333115
38.25,33.75,1.61729419231415,5,0.931373875006141,1.53799366950989,0.101851846557111,0,0.00386401219293475,2.87640793709053,16.7503979802132,1.33427715301514,13.3427715301514,1.73880875110626,4.41791518457799,0.578000009059906,93.5555572509766,0.0412744171917439
38.75,33.75,1.61729419231415,5,1.13673686179509,2.11658191680908,0,0,0,2.97981231314677,18.6841218471527,1.30479395389557,13.0479395389557,1.73880875110626,4.50275882545922,0.578000009059906,101.111114501953,0.0437540113925934
39.25,33.75,1.84259343147278,5,1.53559142559554,3.64407134056091,0,0,0,3.03362429974561,19.7723816633224,1.48304271697998,14.8304271697998,1.73880875110626,4.44340672989491,0.578000009059906,111.555557250977,0.0469516925513744
39.75,33.75,1.84259343147278,5,1.0465915196065,1.84792745113373,0.0216049389564432,0,9.8078430164605e-4,2.57250009165809,12.0985310673714,1.66131913661957,16.6131913661957,8.87626171112061,4.48641692655142,0.666999995708466,122.222221374512,0.0494672395288944
-9.75,33.25,NA,NA,NA,NA,NA,NA,NA,NA,NA,NA,NA,NA,NA,NA,NA,NA
-9.25,33.25,NA,NA,NA,NA,NA,NA,NA,NA,NA,NA,NA,NA,NA,NA,NA,NA
-8.75,33.25,NA,NA,6.65622171920205,776.607360839844,78.6537170410156,0.045177320134826,0.320733964443207,NA,NA,4.05996751785278,40.5996751785278,NA,NA,NA,357,NA
-8.25,33.25,2.74730181694031,0,5.37110341933945,214.100082397461,63.4437739849091,0.0515663297846913,0.483797788619995,4.8935091028167,132.420941352844,4.01149463653564,40.1149463653564,41.1197853088379,5.12347866849723,0.660000026226044,362,0.217666834592819
-7.75,33.25,3.03794932365417,4.86022090911865,5.83895582653128,342.420562744141,39.2681419849396,0.00622858933638781,0.542461514472961,5.11846228368957,166.078253030777,4.23621606826782,42.3621606826782,41.1197853088379,6.60849718484044,0.734000027179718,369.333343505859,0.220444157719612
-7.25,33.25,3.03794932365417,4.86022090911865,4.68892187414446,107.735885620117,20.6553623080254,0,0.635227620601654,5.24964494060824,189.498618125916,4.30885696411133,43.0885696411133,41.1197853088379,5.91278880428895,0.734000027179718,408.777770996094,0.233111992478371
-6.75,33.25,3.03794932365417,4.86022090911865,3.46934874147618,31.1158199310303,46.000000834465,0,0.638072907924652,5.09785968758253,162.671224594116,3.92082905769348,39.2082905769348,41.1197853088379,4.37310625553048,0.717000007629395,445.333343505859,0.241776540875435
-6.25,33.25,3.03794932365417,4.86022090911865,3.22366566580932,24.1200332641602,20.2530860900879,0,0.756127893924713,4.75428935164912,115.081130981445,4.13448762893677,41.3448762893677,41.1197853088379,4.11514967798034,0.680000007152557,521,0.279739201068878
-5.75,33.25,3.03794932365417,4.86022090911865,3.85566052324262,46.259822845459,35.8919739723206,0,0.735942423343658,4.73225621257045,112.551469802856,4.28770780563354,42.8770780563354,41.1197853088379,4.56849901539749,0.680000007152557,555.222229003906,0.299262702465057
-5.25,33.25,3.03130006790161,3.34056043624878,3.88141741296965,47.4929008483887,39.7419273853302,0.0648268207442015,0.645637094974518,5.01806445972177,150.118524551392,3.94762563705444,39.4762563705444,41.1197853088379,4.44012903179511,0.680000007152557,392.777770996094,0.23086978495121
-4.75,33.25,2.29472208023071,2.51695966720581,2.9171963005417,17.4893760681152,30.7754069566727,0.0154402005136944,0.53437751531601,4.59307101831569,97.7973732948303,2.73879384994507,27.3879384994507,41.1197853088379,4.45587139213812,0.699000000953674,269.333343505859,0.156064629554749
-4.25,33.25,2.29472208023071,2.51695966720581,2.63100514154405,12.8877220153809,15.1234567165375,0,0.33458948135376,4.08114714700287,58.2133573293686,1.98586356639862,19.8586356639862,41.1197853088379,4.49028655703101,0.699000000953674,220.222229003906,0.123766049742699
-3.75,33.25,2.29472208023071,2.51695966720581,3.19252708702047,23.3498840332031,3.1327161937952,0.0123456789879128,0.0797262340784073,3.64525318026653,37.2924665212631,1.44420182704926,14.4420182704926,41.1197853088379,4.21169879049511,0.699000000953674,185.111114501953,0.105185158550739
-3.25,33.25,2.29472208023071,2.51695966720581,1.51279176810905,3.53938603401184,0.0185185184818693,0,8.5440155817195e-4,3.58517118771162,35.0595301389694,1.6080185174942,16.080185174942,41.1197853088379,4.14792129392722,0.699000000953674,235.66667175293,0.117843225598335
-2.75,33.25,2.41198110580444,1.29073286056519,1.00457270415145,1.73074018955231,0.0216049389564432,0,9.8078430164605e-4,3.37161987654995,28.1256688535213,1.75000476837158,17.5000476837158,41.1197853088379,4.00655773816672,0.660000026226044,265.555541992188,0.127701982855797
-2.25,33.25,2.41198110580444,1.29073286056519,0.811464607858023,1.25120270252228,0.0339506164891645,0,0.00146742770448327,3.39794006884978,28.9024395942688,1.7347913980484,17.347913980484,41.1197853088379,4.10164808513714,0.660000026226044,264.555541992188,0.122161321341991
-1.75,33.25,1.65885448455811,0,1.83989428986451,5.29587268829346,0.574074080213904,0,0.0169985126703978,3.18012600798224,23.0497838258743,1.60768973827362,16.0768973827362,41.1197853088379,3.97856692731526,0.660000026226044,251.66667175293,0.11298930644989
-1.25,33.25,1.65549623966217,0,2.13037705479568,7.41804027557373,1.13580245524645,0,0.0298890769481659,2.21462174748159,8.15794444084167,1.37046813964844,13.7046813964844,24.2135944366455,3.62065096691364,0.730000019073486,235.222229003906,0.104146622121334
-0.75,33.25,1.6205073595047,2.11827945709229,2.49912960787337,11.1718950271606,2.45061721652746,0,0.0553478635847569,2.30162233654471,8.99037706851959,1.32022547721863,13.2022547721863,24.2135944366455,3.90334732725305,0.730000019073486,218.777770996094,0.0971320271492004
-0.25,33.25,2.16169929504395,5,3.13178143662073,21.9147644042969,2.78703700751066,0,0.0611989237368107,2.88644839076741,16.9295177459717,1.18726599216461,11.8726599216461,24.2135944366455,3.96220844760446,0.730000019073486,201.222229003906,0.0883020311594009
0.25,33.25,2.2837176322937,0,2.0011191626997,6.39733028411865,2.25000008940697,0,0.051752045750618,3.84357354784291,45.6920328736305,1.17531359195709,11.7531359195709,24.2135944366455,3.85879068892549,0.730000019073486,193,0.0840537175536156
0.75,33.25,2.2837176322937,0,1.32982661770519,2.78038787841797,1.37654319405556,0,0.0349436663091183,3.98413018418683,52.7385265231133,1.11718606948853,11.1718606948853,24.2135944366455,3.98378724065612,0.730000019073486,181.111114501953,0.0799866318702698
1.25,33.25,1.38494443893433,0.230856880545616,1.70195434920386,4.48465585708618,0.456945272162557,0,0.0140330279245973,3.68116133383297,38.692463517189,1.07836258411407,10.783625841140701,24.2135944366455,3.93305791794155,0.730000019073486,167.777770996094,0.0738187655806541
1.75,33.25,1.32608664035797,0,1.33551182964073,2.80194139480591,0.404320983216166,0,0.0126553243026137,3.25490345214638,24.9171121716499,1.12685334682465,11.2685334682465,24.2135944366455,3.1158873546603,0.730000019073486,150.777770996094,0.0642701610922813
2.25,33.25,1.59715616703033,5,1.34633915397247,2.84332990646362,0.145061733201146,0,0.00525644002482295,3.09153132831324,21.0107578784227,1.16874945163727,11.6874945163727,24.2135944366455,3.20700781094617,0.730000019073486,136.33332824707,0.055447056889534
2.75,33.25,1.59715616703033,5,2.13573564589948,7.46327018737793,0.0524691364262253,0,0.00215797848068178,3.25946856499659,25.0356971845031,1.17212331295013,11.7212331295013,24.2135944366455,3.36601787941911,0.722000002861023,128.555557250977,0.0510517284274101
3.25,33.25,5,5,2.30357604166153,9.00991439819336,0.00617283949395642,0,3.174147568643e-4,3.45080062700631,30.525622472167,1.13121318817139,11.3121318817139,24.2135944366455,4.12284714803531,0.722000002861023,123.888885498047,0.0485587567090988
3.75,33.25,5,5,1.89734159423985,5.66814422607422,0.00617283949395642,0,3.174147568643e-4,3.21061503800034,23.7943309918046,1.1934552192688,11.934552192688,24.2135944366455,3.59460801075911,0.722000002861023,114.666664123535,0.0444603785872459
4.25,33.25,1.81999444961548,5,1.6534878154271,4.22517251968384,0.0185185184818693,0,8.5440155817195e-4,2.95175969568858,18.1396039910614,1.29222059249878,12.9222059249878,24.2135944366455,3.00861198174769,0.722000002861023,101.888885498047,0.0385386236011982
4.75,33.25,1.81999444961548,5,1.86191698868555,5.43606281280518,0.0123456789879128,0,5.9367541689425e-4,2.61147551328731,12.6191312428564,1.36691784858704,13.6691784858704,24.2135944366455,0.223606405377639,0.722000002861023,88.5555572509766,0.0326791703701019
5.25,33.25,2.48334717750549,5,1.46742694622234,3.33805871009827,0,0,0,1.73287191082674,4.65687664743746,1.49749743938446,14.9749743938446,24.2135944366455,0,0.736000001430511,73.7777786254883,0.0272588785737753
5.75,33.25,2.09038734436035,3.19722056388855,3.99750660590478,53.4621849060059,0.888888910412788,0.0216049389564432,0.0249333959072828,2.56108931210294,11.9499161355197,1.86474096775055,18.6474096775055,24.2135944366455,2.81609232159398,0.736000001430511,69,0.0249320399016142
6.25,33.25,2.09038734436035,3.19722056388855,4.05512759763764,56.6925239562988,3.18209864199162,0.0154320994624868,0.0682839602231979,2.73558033234797,14.4186888039112,2.07988595962524,20.7988595962524,24.2135944366455,3.32787555405414,0.736000001430511,66.7777786254883,0.0243475157767534
6.75,33.25,1.48764634132385,2.23018312454224,4.74528587066763,114.040687561035,0.833333376795053,0,0.0231765490025282,3.62969051518606,36.7011468790442,2.05504012107849,20.5504012107849,24.2135944366455,3.39929872213303,0.736000001430511,65.2222213745117,0.0238354187458754
7.25,33.25,1.48764634132385,2.23018312454224,2.96120300720648,18.3212013244629,0,0,0,3.07400517644359,20.628354808603,2.08062815666199,20.8062815666199,24.2135944366455,2.0418764520449,0.736000001430511,65.1111145019531,0.0238527655601501
7.75,33.25,2.57243609428406,5,0.739523977652573,1.09493803977966,0.249999994412065,0,0.00840395502746105,2.48353177276269,10.9835128122213,2.06664609909058,20.6664609909058,36.9086227416992,2.88839793058519,0.736000001430511,66.4444427490234,0.0243852771818638
8.25,33.25,2.59836292266846,5,1.15993767161515,2.18973445892334,0.16049382975325,0,0.00573754915967584,1.98608264858562,6.28693230333738,2.05699181556702,20.5699181556702,36.9086227416992,4.08661153033115,0.726000010967255,72,0.0262359827756882
8.75,33.25,2.79271340370178,5,1.41296967289605,3.1081371307373,2.69177351146936,0.157431699335575,0.0624474100768566,2.24840703330042,8.47263422049582,1.99299192428589,19.9299192428589,36.9086227416992,4.51072384500369,0.726000010967255,85.2222213745117,0.0319803990423679
9.25,33.25,1.93383979797363,5,1.99401601569577,6.34497213363647,0.385802472010255,0.0216049389564432,0.0125632556155324,2.07063033374716,6.92981997597963,1.93040013313293,19.3040013313293,36.9086227416992,4.34105595524829,0.726000010967255,109.666664123535,0.0429276116192341
9.75,33.25,1.93383979797363,5,2.17000261916171,7.75830698013306,0,0,0,2.8979743795265702,17.137368708849,1.85184526443481,18.5184526443481,36.9086227416992,4.64691582608204,0.726000010967255,155.444442749023,0.0632230192422867
10.25,33.25,1.68556642532349,3.25234031677246,3.85694939735274,46.3207740783691,1.65740735828876,0,0.0405821762979031,3.86367900866041,46.6402984261513,1.55971324443817,15.5971324443817,36.9086227416992,5.0718244394437,0.730000019073486,191.444442749023,0.0780518651008606
10.75,33.25,1.68556642532349,3.25234031677246,3.79939261141527,43.6740417480469,0.781152723357081,0,0.0219692047685385,3.78474117256368,43.0242743939161,1.47199535369873,14.7199535369873,36.9086227416992,4.6828938050983,0.730000019073486,175.555557250977,0.0780357867479324
11.25,33.25,NA,NA,3.53077246061631,33.1503372192383,3.02928313612938,0,0.0765248462557793,NA,NA,1.65195155143738,16.5195155143738,NA,5.06063128942873,NA,178.875,NA
11.75,33.25,NA,NA,3.88561183589442,47.6967277526855,4.30210307240486,0,0.0853253528475761,NA,NA,2.25398135185242,22.5398135185242,NA,NA,NA,176,NA
12.25,33.25,NA,NA,NA,NA,NA,NA,NA,NA,NA,NA,NA,NA,NA,NA,NA,NA
12.75,33.25,NA,NA,NA,NA,NA,NA,NA,NA,NA,NA,NA,NA,NA,NA,NA,NA
13.25,33.25,NA,NA,NA,NA,NA,NA,NA,NA,NA,NA,NA,NA,NA,NA,NA,NA
13.75,33.25,NA,NA,NA,NA,NA,NA,NA,NA,NA,NA,NA,NA,NA,NA,NA,NA
14.25,33.25,NA,NA,NA,NA,NA,NA,NA,NA,NA,NA,NA,NA,NA,NA,NA,NA
14.75,33.25,NA,NA,NA,NA,NA,NA,NA,NA,NA,NA,NA,NA,NA,NA,NA,NA
15.25,33.25,NA,NA,NA,NA,NA,NA,NA,NA,NA,NA,NA,NA,NA,NA,NA,NA
15.75,33.25,NA,NA,NA,NA,NA,NA,NA,NA,NA,NA,NA,NA,NA,NA,NA,NA
16.25,33.25,NA,NA,NA,NA,NA,NA,NA,NA,NA,NA,NA,NA,NA,NA,NA,NA
16.75,33.25,NA,NA,NA,NA,NA,NA,NA,NA,NA,NA,NA,NA,NA,NA,NA,NA
17.25,33.25,NA,NA,NA,NA,NA,NA,NA,NA,NA,NA,NA,NA,NA,NA,NA,NA
17.75,33.25,NA,NA,NA,NA,NA,NA,NA,NA,NA,NA,NA,NA,NA,NA,NA,NA
18.25,33.25,NA,NA,NA,NA,NA,NA,NA,NA,NA,NA,NA,NA,NA,NA,NA,NA
18.75,33.25,NA,NA,NA,NA,NA,NA,NA,NA,NA,NA,NA,NA,NA,NA,NA,NA
19.25,33.25,NA,NA,NA,NA,NA,NA,NA,NA,NA,NA,NA,NA,NA,NA,NA,NA
19.75,33.25,NA,NA,NA,NA,NA,NA,NA,NA,NA,NA,NA,NA,NA,NA,NA,NA
20.25,33.25,NA,NA,NA,NA,NA,NA,NA,NA,NA,NA,NA,NA,NA,NA,NA,NA
20.75,33.25,NA,NA,NA,NA,NA,NA,NA,NA,NA,NA,NA,NA,NA,NA,NA,NA
21.25,33.25,NA,NA,NA,NA,NA,NA,NA,NA,NA,NA,NA,NA,NA,NA,NA,NA
21.75,33.25,NA,NA,NA,NA,NA,NA,NA,NA,NA,NA,NA,NA,NA,NA,NA,NA
22.25,33.25,NA,NA,NA,NA,NA,NA,NA,NA,NA,NA,NA,NA,NA,NA,NA,NA
22.75,33.25,NA,NA,NA,NA,NA,NA,NA,NA,NA,NA,NA,NA,NA,NA,NA,NA
23.25,33.25,NA,NA,NA,NA,NA,NA,NA,NA,NA,NA,NA,NA,NA,NA,NA,NA
23.75,33.25,NA,NA,NA,NA,NA,NA,NA,NA,NA,NA,NA,NA,NA,NA,NA,NA
24.25,33.25,NA,NA,NA,NA,NA,NA,NA,NA,NA,NA,NA,NA,NA,NA,NA,NA
24.75,33.25,NA,NA,NA,NA,NA,NA,NA,NA,NA,NA,NA,NA,NA,NA,NA,NA
25.25,33.25,NA,NA,NA,NA,NA,NA,NA,NA,NA,NA,NA,NA,NA,NA,NA,NA
25.75,33.25,NA,NA,NA,NA,NA,NA,NA,NA,NA,NA,NA,NA,NA,NA,NA,NA
26.25,33.25,NA,NA,NA,NA,NA,NA,NA,NA,NA,NA,NA,NA,NA,NA,NA,NA
26.75,33.25,NA,NA,NA,NA,NA,NA,NA,NA,NA,NA,NA,NA,NA,NA,NA,NA
27.25,33.25,NA,NA,NA,NA,NA,NA,NA,NA,NA,NA,NA,NA,NA,NA,NA,NA
27.75,33.25,NA,NA,NA,NA,NA,NA,NA,NA,NA,NA,NA,NA,NA,NA,NA,NA
28.25,33.25,NA,NA,NA,NA,NA,NA,NA,NA,NA,NA,NA,NA,NA,NA,NA,NA
28.75,33.25,NA,NA,NA,NA,NA,NA,NA,NA,NA,NA,NA,NA,NA,NA,NA,NA
29.25,33.25,NA,NA,NA,NA,NA,NA,NA,NA,NA,NA,NA,NA,NA,NA,NA,NA
29.75,33.25,NA,NA,NA,NA,NA,NA,NA,NA,NA,NA,NA,NA,NA,NA,NA,NA
30.25,33.25,NA,NA,NA,NA,NA,NA,NA,NA,NA,NA,NA,NA,NA,NA,NA,NA
30.75,33.25,NA,NA,NA,NA,NA,NA,NA,NA,NA,NA,NA,NA,NA,NA,NA,NA
31.25,33.25,NA,NA,NA,NA,NA,NA,NA,NA,NA,NA,NA,NA,NA,NA,NA,NA
31.75,33.25,NA,NA,NA,NA,NA,NA,NA,NA,NA,NA,NA,NA,NA,NA,NA,NA
32.25,33.25,NA,NA,NA,NA,NA,NA,NA,NA,NA,NA,NA,NA,NA,NA,NA,NA
32.75,33.25,NA,NA,NA,NA,NA,NA,NA,NA,NA,NA,NA,NA,NA,NA,NA,NA
33.25,33.25,NA,NA,NA,NA,NA,NA,NA,NA,NA,NA,NA,NA,NA,NA,NA,NA
33.75,33.25,NA,NA,NA,NA,NA,NA,NA,NA,NA,NA,NA,NA,NA,NA,NA,NA
34.25,33.25,NA,NA,NA,NA,NA,NA,NA,NA,NA,NA,NA,NA,NA,NA,NA,NA
34.75,33.25,NA,NA,NA,NA,NA,NA,NA,NA,NA,NA,NA,NA,NA,NA,NA,NA
35.25,33.25,2.01268768310547,5,6.87974448267283,971.377868652344,43.230402469635,0,0.593261778354645,4.29745653394613,72.5125789642334,4.6446385383606,46.446385383606,14.1953907012939,6.93014257344823,0.740000009536743,754.714294433594,0.408580183982849
35.75,33.25,2.76838374137878,5,5.41158426547452,222.98616027832,39.3699824810028,0.409264257177711,0.637403666973114,4.65090709665601,103.67989730835,4.09318161010742,40.9318161010742,67.1878051757812,6.76819086653513,0.915000021457672,728.555541992188,0.365386635065079
36.25,33.25,1.79847431182861,5,6.84754273884384,940.564392089844,43.0092602968216,0.0123456789879128,0.498476684093475,5.34274619091528,208.086112976074,2.59940242767334,25.9940242767334,1.73880875110626,6.92943936897907,0.565999984741211,310.111114501953,0.167363882064819
36.75,33.25,1.79847431182861,5,4.30738434480538,73.2460327148438,6.34876564145088,0,0.116794854402542,4.72519760867466,111.752777099609,1.67706167697906,16.7706167697906,1.73880875110626,5.65857446417695,0.572000026702881,139.66667175293,0.0711697563529015
37.25,33.25,1.31632220745087,5,2.10559178280103,7.21196126937866,0.00617283949395642,0,6.3482765108346e-4,3.98071725343343,52.5554332733154,1.23357236385345,12.3357236385345,1.73880875110626,4.43546318804372,0.572000026702881,85.5555572509766,0.0399204939603806
37.75,33.25,1.31632220745087,5,0.516657458175971,0.676414787769318,0.00617283949395642,0,3.174147568643e-4,3.2649886960542,25.1798150539398,1.22542500495911,12.2542500495911,1.73880875110626,4.41527371668189,0.572000026702881,78.5555572509766,0.0349614098668098
38.25,33.25,1.31632220745087,5,0.15676425872854,0.169719830155373,0.00617283949395642,0,3.174147568643e-4,2.6731974702295,13.4862144589424,1.31119477748871,13.1119477748871,1.73880875110626,4.49239410675528,0.578000009059906,89.2222213745117,0.0385908335447311
38.75,33.25,1.61729419231415,5,0.36494322181301603,0.440432220697403,0.0524691364262253,0,0.00215797848068178,2.27454953598147,8.72353792190552,1.45589637756348,14.5589637756348,51.1446304321289,4.81287417441823,0.681999981403351,101.555557250977,0.0428125336766243
39.25,33.25,1.84259343147278,5,0.349376053722496,0.418182402849197,0,0,0,1.96075037466168,6.10465621948242,1.67325329780579,16.7325329780579,8.87626171112061,4.73919912022353,0.666999995708466,112,0.0461794696748257
39.75,33.25,2.30855512619019,5,0.350396561881339,0.419630408287048,0.598765444010496,0,0.0176080167293549,1.85730256055661,5.40643247961998,1.83392071723938,18.3392071723938,8.87626171112061,4.77050337759338,0.666999995708466,122.222221374512,0.0488492175936699
-9.75,32.75,NA,NA,NA,NA,NA,NA,NA,NA,NA,NA,NA,NA,NA,NA,NA,NA
-9.25,32.75,NA,NA,4.85913516982501,127.912666320801,70.799708366394,0,0.333290070295334,NA,NA,3.82548546791077,38.2548546791077,NA,NA,NA,365.666656494141,NA
-8.75,32.75,2.03815865516663,5,4.91702470879476,135.595596313477,76.488584280014,0.0391264125937596,0.373090445995331,4.90459010264094,133.907600402832,3.78586888313293,37.8586888313293,41.1197853088379,4.74365302218756,0.660000026226044,348.111114501953,0.200844898819923
-8.25,32.75,2.07392430305481,5,4.90391140915156,133.816070556641,76.9939124584198,0.027811253676191,0.308259963989258,4.89827699162104,133.058596491814,3.59840941429138,35.9840941429138,41.1197853088379,4.38124689273534,0.660000026226044,330.888885498047,0.183730110526085
-7.75,32.75,2.39016485214233,1.35387456417084,4.55875549404753,94.464599609375,16.9580146670341,0,0.274550080299377,4.8847464367237,131.256925582886,3.67579698562622,36.7579698562622,41.1197853088379,4.43191156244289,0.734000027179718,334.666656494141,0.177970424294472
-7.25,32.75,2.39016485214233,1.35387456417084,4.38401402313254,79.1591491699219,39.8672848939896,0,0.337568938732147,4.93718954705565,138.37798333168,3.91993689537048,39.1993689537048,41.1197853088379,4.5665500248892,0.734000027179718,415.555541992188,0.205425217747688
-6.75,32.75,2.48562002182007,5,5.33019954413212,205.47917175293,48.1234580278397,0.00308641974697821,0.342321634292603,4.96636263488456,142.503960609436,3.97900557518005,39.7900557518005,41.1197853088379,4.6639576145344,0.734000027179718,497.888885498047,0.238571256399155
-6.25,32.75,2.48562002182007,5,4.49227496385126,88.3244247436523,48.8734573125839,0.148148147854954,0.547452211380005,4.74909600884786,114.47984457016,4.33129501342773,43.3129501342773,41.1197853088379,4.25683774853981,0.734000027179718,587.111083984375,0.284158706665039
-5.75,32.75,2.29353189468384,0,4.60423583543396,98.906608581543,40.715217590332,0,0.67843621969223,4.42673105740092,82.657497882843,4.29904270172119,42.9904270172119,41.1197853088379,4.22175192951223,0.680000007152557,555.222229003906,0.281582355499268
-5.25,32.75,2.29472208023071,2.51695966720581,3.4753317793279,31.3085460662842,46.9471544027328,0.231510051526129,0.639051854610443,4.46151191292768,85.6183695793152,3.37165498733521,33.7165498733521,41.1197853088379,4.43205843825893,0.680000007152557,331.555541992188,0.190944835543633
-4.75,32.75,2.29472208023071,2.51695966720581,3.69716167389228,39.3326644897461,7.01835826039314,0.170273368712515,0.190718442201614,4.022209496405,54.8243132829666,1.76514565944672,17.6514565944672,41.1197853088379,4.31366132234925,0.680000007152557,217.555557250977,0.119049049913883
-4.25,32.75,2.29472208023071,2.51695966720581,2.28563691791463,8.83194637298584,4.56481464207172,0.00617283949395642,0.0936374142765999,3.73799484922396,41.0136619210243,1.48328495025635,14.8328495025635,41.1197853088379,3.91926902834767,0.699000000953674,178.222229003906,0.0867857784032822
-3.75,32.75,2.29472208023071,2.51695966720581,1.85397041940445,5.38512086868286,0.913580227643251,0,0.028825905174017,3.45495598049888,30.6568951308727,1.42280542850494,14.2280542850494,41.1197853088379,3.59434829437255,0.660000026226044,192.777770996094,0.0911052748560905
-3.25,32.75,3.94895529747009,1.98274719715118,2.13707911834021,7.47464799880981,0.472222222015262,0,0.0144273359328508,3.33127362191898,26.9739472568035,1.53653275966644,15.3653275966644,41.1197853088379,4.02309636630775,0.660000026226044,235.777770996094,0.108530394732952
-2.75,32.75,3.94895529747009,1.98274719715118,1.30491031533222,2.68735837936401,0.234604114666581,0,0.00795820727944374,3.26604947792205,25.2076008617878,1.5938481092453,15.938481092453,41.1197853088379,3.89046906061923,0.660000026226044,248.444442749023,0.108870625495911
-2.25,32.75,3.94895529747009,1.98274719715118,0.776214454345721,1.17322981357574,0.290123466402292,0,0.0095447888597846,3.36617117237729,27.9674032628536,1.39133858680725,13.9133858680725,41.1197853088379,3.80716819073945,0.660000026226044,227.444442749023,0.0973379760980606
-1.75,32.75,3.70517659187317,5,2.57232356738809,12.0962190628052,0.367283960804343,0,0.01166607812047,3.30328720964996,26.2019104957581,1.21409583091736,12.1409583091736,41.1197853088379,3.61639276312719,0.660000026226044,206.222229003906,0.0869970694184303
-1.25,32.75,5,0,1.65495707938257,4.23285531997681,1.89197529107332,0,0.0451105162501335,2.73418415646499,14.3971766233444,1.10914576053619,11.0914576053619,24.2135944366455,3.78086097858251,0.730000019073486,193.777770996094,0.0813352391123772
-0.75,32.75,3.61087942123413,5,3.45224475042674,30.5711822509766,4.29629646241665,0,0.0864602699875832,2.59949810697117,12.4569823741913,1.16580271720886,11.6580271720886,24.2135944366455,3.88124952762598,0.730000019073486,178.66667175293,0.0752731412649155
-0.25,32.75,3.61087942123413,5,2.35793892647354,9.56914520263672,1.97839513421059,0,0.0501846075057983,2.76000906180714,14.7999861240387,1.15468096733093,11.5468096733093,24.2135944366455,3.83227475538444,0.730000019073486,151.66667175293,0.0633983016014099
0.25,32.75,2.2837176322937,0,2.15046007834716,7.5888090133667,0.376543216407299,0,0.0119150122627616,3.32943420346391,26.9225387573242,1.13688015937805,11.3688015937805,24.2135944366455,3.53094558537681,0.730000019073486,131.888885498047,0.0542446821928024
0.75,32.75,2.2837176322937,0,2.22207631940495,8.22646808624268,0.388888898305595,0,0.0122452201321721,3.08332570040748,20.8308847844601,1.38932836055756,13.8932836055756,24.2135944366455,3.69792880850075,0.730000019073486,121.333335876465,0.0490508452057838
1.25,32.75,2.2837176322937,0,1.31291278822366,2.71698474884033,0.074074073927477,0,0.00292368000373244,2.73395619865857,14.3936671167612,1.34096491336823,13.4096491336823,24.2135944366455,3.13120768818065,0.730000019073486,112.777778625488,0.0442413575947285
1.75,32.75,1.32608664035797,0,0.809786106466931,1.24742722511292,0.0895061704795808,0,0.00345129077322781,2.3885778236337,9.89798406139016,1.42162132263184,14.2162132263184,24.2135944366455,2.22109295843521,0.730000019073486,104.222221374512,0.0396981686353683
2.25,32.75,1.32608664035797,0,1.19356917088324,2.29883432388306,0.0185185184818693,0,8.5440155817195e-4,2.40955238361891,10.1289785169065,1.45365858078003,14.5365858078003,24.2135944366455,2.88099367449746,0.736000001430511,95.6666641235352,0.0358377397060394
2.75,32.75,1.59715616703033,5,2.15261630841681,7.60734844207764,0,0,0,2.45980618275907,10.7025431655347,1.46066105365753,14.6066105365753,24.2135944366455,3.09308339968845,0.736000001430511,91.4444427490234,0.0339562557637691
3.25,32.75,5,5,2.52116985265248,11.4431447982788,0.0154320994624868,0,7.2553299833089e-4,2.8253140948041,15.8662417531013,1.33306765556335,13.3306765556335,24.2135944366455,3.32263781930879,0.736000001430511,92.5555572509766,0.0339240431785583
3.75,32.75,5,5,4.01695499300163,54.5317535400391,0.31481480691582,0,0.0102332681417465,2.82892006735573,15.9271707460284,1.4379723072052,14.379723072052,24.2135944366455,3.66085738286502,0.736000001430511,85.4444427490234,0.031126981601119
4.25,32.75,5,5,3.0792475672519,20.742036819458,0.0802469148766249,0,0.00313641922548413,2.43185242040275,10.3799430057406,1.56170558929443,15.6170558929443,24.2135944366455,2.46765477789239,0.736000001430511,75.3333358764648,0.0268021766096354
4.75,32.75,1.81999444961548,5,2.84969990724184,16.2825946807861,0.206790119409561,0,0.00714033842086792,2.18346084727352,7.87697501294315,1.79288148880005,17.9288148880005,24.2135944366455,0.260849581754783,0.736000001430511,67.6666641235352,0.0240566432476044
5.25,32.75,1.81999444961548,5,1.22903653669507,2.41793489456177,0,0,0,1.27746189777575,2.587522661197,1.87555074691772,18.7555074691772,24.2135944366455,0.0821771812188794,0.736000001430511,61.5555572509766,0.0215196460485458
5.75,32.75,1.81999444961548,5,2.43757184172715,10.445216178894,0.820987671613693,0.0339506164891645,0.0235723163932562,1.62956798471158,4.10167024284601,1.98021650314331,19.8021650314331,24.2135944366455,3.07286833393169,0.736000001430511,57.6666679382324,0.0200882907956839
6.25,32.75,5,5,3.20851957286455,23.7424297332764,0.0895061704795808,0,0.00345129077322781,1.53208717146467,3.62782581523061,2.14492893218994,21.4492893218994,24.2135944366455,2.69656475383476,0.736000001430511,57.3333320617676,0.020133662968874
6.75,32.75,3.4521598815918,5,2.74428368154505,14.5534687042236,0,0,0,2.16142086366242,7.68346691989973,2.0947904586792,20.947904586792,24.2135944366455,1.21060583025566,0.736000001430511,56.8888893127441,0.0199528317898512
7.25,32.75,1.48764634132385,2.23018312454224,1.11401419696201,2.04656338691711,0,0,0,2.30513958373797,9.02557756235369,2.09494543075562,20.9494543075562,24.2135944366455,0.00365842316941026,0.736000001430511,56.3333320617676,0.0197515711188316
7.75,32.75,2.57243609428406,5,0.416477912749782,0.516610503196716,0,0,0,2.1525564482015,7.60683321976745,2.04747796058655,20.4747796058655,24.2135944366455,0.520386243718978,0.736000001430511,59.4444427490234,0.0205684304237366
8.25,32.75,2.59836292266846,5,0.779549465941073,1.18048965930939,0,0,0,1.8546676183979,5.3895741207466,2.04923319816589,20.4923319816589,24.2135944366455,2.61436676571958,0.736000001430511,64.8888854980469,0.0226312708109617
8.75,32.75,2.79271340370178,5,1.17310427373373,2.23201012611389,0,0,0,1.47344255126301,3.36423340732875,1.90611672401428,19.0611672401428,36.9086227416992,2.86000491163377,0.726000010967255,76.5555572509766,0.0269201919436455
9.25,32.75,2.79271340370178,5,1.4169601274319,3.12456321716309,0,0,0,1.40253548175129,3.06549489814844,1.96063804626465,19.6063804626465,36.9086227416992,3.5209218231283,0.726000010967255,95.2222213745117,0.0345438905060291
9.75,32.75,1.93383979797363,5,1.95762789259456,6.08250665664673,0.0246913579758257,0,0.00110503891482949,1.88404341695439,5.58005705948835,1.60525023937225,16.0525023937225,36.9086227416992,4.03583377685624,0.730000019073486,118.555557250977,0.0457606725394726
10.25,32.75,1.93383979797363,5,3.22386078528721,24.1249351501465,0.00617283949395642,0,3.174147568643e-4,2.76778280901168,14.923289867118,1.35124659538269,13.5124659538269,36.9086227416992,4.36152719330906,0.730000019073486,141.66667175293,0.0572738461196423
10.75,32.75,2.65781354904175,1.0033792257309,2.47648547379939,10.8993701934814,0,0,0,2.96452055051172,18.3854066897184,1.24224078655243,12.4224078655243,36.9086227416992,3.67465358820652,0.730000019073486,134.888885498047,0.0591144412755966
11.25,32.75,1.99410688877106,1.26470351219177,2.84597852416952,16.2183990478516,0.0123502526548691,0,5.9387338114902e-4,3.22993858760576,24.2781045343727,1.31204867362976,13.1204867362976,36.9086227416992,4.43302986987034,0.730000019073486,137.222229003906,0.0643603727221489
11.75,32.75,1.99410688877106,1.26470351219177,4.07104806456777,57.6183662414551,2.97644808888435,0,0.0644031167030334,4.06449124264862,57.2352733612061,1.60457110404968,16.0457110404968,4.6247615814209,5.76785406321984,0.750999987125397,151,0.0736243650317192
12.25,32.75,2.64023160934448,5,4.21418879950758,66.639274597168,37.4579578638077,0,0.31843763589859,4.96687283763788,142.57719540596,2.30867671966553,23.0867671966553,4.6247615814209,6.73338946674622,0.750999987125397,196,0.0932549834251404
12.75,32.75,2.64023160934448,5,5.08049240248296,159.853240966797,86.3840401172638,0,0.191937372088432,5.28279846333072,195.920178890228,3.31204557418823,33.1204557418823,4.6247615814209,7.62473210937651,0.750999987125397,241.33332824707,0.120423085987568
13.25,32.75,2.64023160934448,5,6.58312384419736,721.793701171875,70.6200420856476,0,0.294972866773605,4.92678615107283,136.935495376587,3.3063588142395,33.063588142395,4.6247615814209,7.81805525046912,0.750999987125397,307,0.148098051548004
13.75,32.75,2.64023160934448,5,5.09342990217072,161.947799682617,65.0319814682007,0,0.32194110751152,4.72726849680927,111.986517429352,3.17957186698914,31.7957186698914,4.6247615814209,6.38588417738233,0.750999987125397,292.166656494141,0.143676176667213
14.25,32.75,NA,NA,4.34799103344452,76.3229675292969,49.295774102211,0,0.337772309780121,NA,NA,3.07058215141296,30.7058215141296,NA,6.60713422628486,NA,282.399993896484,NA
14.75,32.75,NA,NA,3.16875773013375,22.7779273986816,60.7142865657806,0,0.322206199169159,NA,NA,3.2094292640686,32.094292640686,NA,NA,NA,231,NA
15.25,32.75,NA,NA,NA,NA,NA,NA,NA,NA,NA,NA,NA,NA,NA,NA,NA,NA
15.75,32.75,NA,NA,NA,NA,NA,NA,NA,NA,NA,NA,NA,NA,NA,NA,NA,NA
16.25,32.75,NA,NA,NA,NA,NA,NA,NA,NA,NA,NA,NA,NA,NA,NA,NA,NA
16.75,32.75,NA,NA,NA,NA,NA,NA,NA,NA,NA,NA,NA,NA,NA,NA,NA,NA
17.25,32.75,NA,NA,NA,NA,NA,NA,NA,NA,NA,NA,NA,NA,NA,NA,NA,NA
17.75,32.75,NA,NA,NA,NA,NA,NA,NA,NA,NA,NA,NA,NA,NA,NA,NA,NA
18.25,32.75,NA,NA,NA,NA,NA,NA,NA,NA,NA,NA,NA,NA,NA,NA,NA,NA
18.75,32.75,NA,NA,NA,NA,NA,NA,NA,NA,NA,NA,NA,NA,NA,NA,NA,NA
19.25,32.75,NA,NA,NA,NA,NA,NA,NA,NA,NA,NA,NA,NA,NA,NA,NA,NA
19.75,32.75,NA,NA,NA,NA,NA,NA,NA,NA,NA,NA,NA,NA,NA,NA,NA,NA
20.25,32.75,NA,NA,4.1282020531737,61.0662307739258,NA,NA,NA,NA,NA,NA,NA,NA,NA,NA,NA,NA
20.75,32.75,NA,NA,3.16589758546765,22.7100162506104,69.3527579307556,1.05724604800344,0.417180389165878,NA,NA,3.97582316398621,39.7582316398621,NA,NA,NA,382.75,NA
21.25,32.75,1.78397881984711,4.92334032058716,3.16496398957584,22.6878910064697,25.8372664451599,0.354012148454785,0.601616740226746,5.59952682648226,269.2984790802,3.9335560798645,39.335560798645,4.6247615814209,6.25254390064361,0.736000001430511,409.833343505859,0.214984193444252
21.75,32.75,1.78397881984711,4.92334032058716,3.42120301501679,29.6062126159668,37.9579842090607,4.05276603996754,0.695988178253174,5.50955758984243,246.041809082031,3.6964418888092,36.964418888092,4.6247615814209,6.5819379782439,0.736000001430511,406.888885498047,0.210116222500801
22.25,32.75,1.78397881984711,4.92334032058716,2.38623626551212,9.87249565124512,25.0606805086136,2.72249188274145,0.642597258090973,5.08999612402398,161.389232635498,3.14553928375244,31.4553928375244,4.6247615814209,6.10168091453396,0.736000001430511,314.333343505859,0.159269943833351
22.75,32.75,NA,NA,2.34492482554788,9.43248844146729,33.7695449590683,0.0134219182655215,0.42328554391861,4.78146083574713,118.278469085693,2.14568281173706,21.4568281173706,NA,6.36441127653302,NA,185.66667175293,NA
23.25,32.75,NA,NA,2.34492482554788,9.43248844146729,10.634146630764,0,0.162927031517029,NA,NA,2.09388065338135,20.9388065338135,NA,NA,NA,147,NA
23.75,32.75,NA,NA,NA,NA,NA,NA,NA,NA,NA,NA,NA,NA,NA,NA,NA,NA
24.25,32.75,NA,NA,NA,NA,NA,NA,NA,NA,NA,NA,NA,NA,NA,NA,NA,NA
24.75,32.75,NA,NA,NA,NA,NA,NA,NA,NA,NA,NA,NA,NA,NA,NA,NA,NA
25.25,32.75,NA,NA,NA,NA,NA,NA,NA,NA,NA,NA,NA,NA,NA,NA,NA,NA
25.75,32.75,NA,NA,NA,NA,NA,NA,NA,NA,NA,NA,NA,NA,NA,NA,NA,NA
26.25,32.75,NA,NA,NA,NA,NA,NA,NA,NA,NA,NA,NA,NA,NA,NA,NA,NA
26.75,32.75,NA,NA,NA,NA,NA,NA,NA,NA,NA,NA,NA,NA,NA,NA,NA,NA
27.25,32.75,NA,NA,NA,NA,NA,NA,NA,NA,NA,NA,NA,NA,NA,NA,NA,NA
27.75,32.75,NA,NA,NA,NA,NA,NA,NA,NA,NA,NA,NA,NA,NA,NA,NA,NA
28.25,32.75,NA,NA,NA,NA,NA,NA,NA,NA,NA,NA,NA,NA,NA,NA,NA,NA
28.75,32.75,NA,NA,NA,NA,NA,NA,NA,NA,NA,NA,NA,NA,NA,NA,NA,NA
29.25,32.75,NA,NA,NA,NA,NA,NA,NA,NA,NA,NA,NA,NA,NA,NA,NA,NA
29.75,32.75,NA,NA,NA,NA,NA,NA,NA,NA,NA,NA,NA,NA,NA,NA,NA,NA
30.25,32.75,NA,NA,NA,NA,NA,NA,NA,NA,NA,NA,NA,NA,NA,NA,NA,NA
30.75,32.75,NA,NA,NA,NA,NA,NA,NA,NA,NA,NA,NA,NA,NA,NA,NA,NA
31.25,32.75,NA,NA,NA,NA,NA,NA,NA,NA,NA,NA,NA,NA,NA,NA,NA,NA
31.75,32.75,NA,NA,NA,NA,NA,NA,NA,NA,NA,NA,NA,NA,NA,NA,NA,NA
32.25,32.75,NA,NA,NA,NA,NA,NA,NA,NA,NA,NA,NA,NA,NA,NA,NA,NA
32.75,32.75,NA,NA,NA,NA,NA,NA,NA,NA,NA,NA,NA,NA,NA,NA,NA,NA
33.25,32.75,NA,NA,NA,NA,NA,NA,NA,NA,NA,NA,NA,NA,NA,NA,NA,NA
33.75,32.75,NA,NA,NA,NA,NA,NA,NA,NA,NA,NA,NA,NA,NA,NA,NA,NA
34.25,32.75,NA,NA,NA,NA,NA,NA,NA,NA,NA,NA,NA,NA,NA,NA,NA,NA
34.75,32.75,NA,NA,6.54541937478537,695.048522949219,20.647506415844,0.693756202235818,0.645830750465393,NA,NA,4.46062564849854,44.6062564849854,NA,NA,NA,577,NA
35.25,32.75,2.01268768310547,5,6.60398600247749,737.031127929688,19.4799676537514,0.758789852261543,0.634577095508575,4.83107250165231,124.345321655273,4.36291313171387,43.6291313171387,67.1878051757812,7.23572748579163,0.915000021457672,581.555541992188,0.311775863170624
35.75,32.75,3.0219738483429,5,6.14795503853501,466.759857177734,35.2244049310684,0.0564334099180996,0.60533344745636,4.81898073874852,122.838802337646,3.94197988510132,39.4197988510132,67.1878051757812,6.67356475843416,0.915000021457672,430,0.230200111865997
36.25,32.75,3.0219738483429,5,5.99632803683871,400.950134277344,29.5989364385605,0.00618448320892639,0.64649361371994,5.25526619881505,190.57247543335,2.58623170852661,25.8623170852661,1.73880875110626,5.98995882117593,0.565999984741211,282.666656494141,0.141383305191994
36.75,32.75,1.31632220745087,5,4.65985636913644,104.620910644531,18.130749464035,0,0.579487681388855,4.3594993146105,77.2179620265961,2.40616798400879,24.0616798400879,1.73880875110626,5.47599290866333,0.603999972343445,246.888885498047,0.107771717011929
37.25,32.75,1.31632220745087,5,2.46874193993265,10.8075828552246,0.00617283949395642,0,3.174147568643e-4,3.62648416658179,36.5804574489594,1.65275979042053,16.5275979042053,1.73880875110626,4.26016352665325,0.603999972343445,99.2222213745117,0.0462889485061169
37.75,32.75,1.31632220745087,5,0.394493033974281,0.48363184928894,0,0,0,2.82984246792306,15.9427915811539,1.57550752162933,15.7550752162933,51.1446304321289,3.78128755750824,0.681999981403351,78.8888854980469,0.0338168255984783
38.25,32.75,1.31632220745087,5,0.547128457706464,0.728283047676086,0.00925925924093463,0,4.5806702109985e-4,2.14209334750101,7.51724854111671,1.76730990409851,17.6730990409851,51.1446304321289,4.70333121768336,0.681999981403351,84.5555572509766,0.0357694625854492
38.75,32.75,1.31632220745087,5,0.543666797556068,0.722310662269592,0.00617283949395642,0,3.174147568643e-4,1.95765803106499,6.08272011578083,1.83282399177551,18.3282399177551,51.1446304321289,4.72709927794835,0.681999981403351,101.555557250977,0.0418706834316254
39.25,32.75,1.84259343147278,5,0.35866277259595303,0.431414008140564,0,0,0,1.82536212566955,5.20504161715508,1.8045973777771,18.045973777771,8.87626171112061,4.82804362025757,0.666999995708466,114.222221374512,0.0459090173244476
39.75,32.75,3.12297296524048,5,0.350396540888324,0.419630378484726,0.0339506164891645,0,0.00219293544068933,1.87137624311256,5.49723201990128,1.80101096630096,18.0101096630096,8.87626171112061,4.67615697893631,0.666999995708466,120,0.047096960246563
-9.75,32.25,NA,NA,NA,NA,NA,NA,NA,NA,NA,NA,NA,NA,NA,NA,NA,NA
-9.25,32.25,2.03815865516663,5,5.86310538945311,350.814971923828,58.8046848773956,0.0662836944684386,0.369315505027771,5.13219935354572,168.389255523682,3.70281386375427,37.0281386375427,41.1197853088379,5.47870688491903,0.660000026226044,344.857147216797,0.198988765478134
-8.75,32.25,2.03815865516663,5,4.79261673047244,119.616577148438,32.6234579086304,0,0.345945119857788,5.08840098612304,161.130405902863,3.45089197158813,34.5089197158813,41.1197853088379,4.55686194989264,0.660000026226044,330.222229003906,0.177317231893539
-8.25,32.25,2.03815865516663,5,3.85551643202948,46.2530136108398,36.7469131946564,0.00308641974697821,0.320262610912323,4.89433318670899,132.530936717987,2.92522311210632,29.2522311210632,41.1197853088379,4.50976295557607,0.660000026226044,303.777770996094,0.154190897941589
-7.75,32.25,2.76722478866577,5,4.33039638552283,74.9743957519531,27.0128548145294,0.0543582544196397,0.300595939159393,4.50805111442649,89.7447948455811,2.34259343147278,23.4259343147278,41.1197853088379,4.52627602146886,0.660000026226044,275,0.137089312076569
-7.25,32.25,1.64020800590515,5,4.84935192192745,126.65763092041,31.3640743494034,0.0435309833846986,0.353250443935394,4.64554140906532,103.119721889496,2.9386875629425,29.386875629425,41.1197853088379,4.69572017207926,0.660000026226044,331.111114501953,0.161561384797096
-6.75,32.25,2.48562002182007,5,5.28223428714794,195.809112548828,66.2376523017883,0.910493824630976,0.511637628078461,4.53608492644007,92.3247108459473,3.89381194114685,38.9381194114685,41.1197853088379,4.69313373479288,0.734000027179718,452.111114501953,0.218397781252861
-6.25,32.25,2.48986554145813,0.82639342546463,5.11405743940761,165.34391784668,26.4888286590576,0.467449892312288,0.768227219581604,4.48404671648807,87.592456817627,4.09455108642578,40.9455108642578,41.1197853088379,4.65479037436071,0.734000027179718,477.777770996094,0.243782043457031
-5.75,32.25,2.48986554145813,0.82639342546463,3.01932350708443,19.4774341583252,6.72702565789223,0,0.62201714515686,4.07990116668085,58.1396245956421,3.34106826782227,33.4106826782227,41.1197853088379,4.27830446024318,0.734000027179718,384.777770996094,0.220339760184288
-5.25,32.25,3.11608743667603,4.01876783370972,2.8986296595941,17.1492576599121,0.910493824630976,0,0.268931180238724,3.89180485430627,47.9992432594299,2.72637462615967,27.2637462615967,41.1197853088379,4.31902501783112,0.680000007152557,289.111114501953,0.158777207136154
-4.75,32.25,3.11608743667603,4.01876783370972,2.75819040135148,14.7712774276733,3.34876552224159,0.00617283949395642,0.0868023112416267,3.68261315796212,38.7501318454742,1.69717359542847,16.9717359542847,41.1197853088379,4.17668167037505,0.680000007152557,197.777770996094,0.0968119278550148
-4.25,32.25,3.11608743667603,4.01876783370972,3.17752503709871,22.9873123168945,3.67587953805923,0.00618314443272538,0.078383632004261,3.49447243898639,31.9329092502594,1.31230628490448,13.1230628490448,41.1197853088379,3.97548310256313,0.680000007152557,152.33332824707,0.0690629035234451
-3.75,32.25,3.94895529747009,1.98274719715118,1.33978956442182,2.81823992729187,0.922839529812336,0.00925925924093463,0.0261851772665977,3.13031469381627,21.8811789751053,1.40847492218018,14.0847492218018,41.1197853088379,4.24531002500393,0.680000007152557,191.111114501953,0.0800139531493187
-3.25,32.25,3.94895529747009,1.98274719715118,2.05273703498504,6.78919124603271,0.604938250035048,0,0.0177596136927605,2.76070488463962,14.810983940959,1.95794785022736,19.5794785022736,41.1197853088379,4.16938008367448,0.660000026226044,268.444458007812,0.100225083529949
-2.75,32.25,4.16158151626587,1.39215803146362,1.18641493531762,2.27531790733337,0.185185181908309,0,0.00649269996210933,2.64965780234643,13.1491959951818,1.58735799789429,15.8735799789429,41.1197853088379,4.4138382168917,0.660000026226044,217.888885498047,0.0834252312779427
-2.25,32.25,4.16158151626587,1.39215803146362,0.873570406273284,1.39544832706451,0.370370363816619,0,0.011749180033803,2.75492483149579,14.7198592200875,1.27262961864471,12.7262961864471,41.1197853088379,4.25164285791661,0.660000026226044,166.222229003906,0.0654099658131599
-1.75,32.25,4.16158151626587,1.39215803146362,1.04909744501071,1.85507309436798,0.172839511651546,0,0.00611725030466914,2.92267190130044,17.5908941924572,1.18215358257294,11.8215358257294,41.1197853088379,3.94995564912757,0.660000026226044,159.777770996094,0.0619188137352467
-1.25,32.25,5,0,1.8780725459769,5.54088544845581,1.27160493284464,0,0.032767940312624,2.5369151028233,11.6406157612801,1.17596113681793,11.7596113681793,24.2135944366455,4.10072844630775,0.660000026226044,143.222229003906,0.0548713654279709
-0.75,32.25,3.61087942123413,5,1.16892160359628,2.21851992607117,0.799382757395506,0,0.0223928708583117,1.74882048999825,4.74781906604767,1.18266701698303,11.8266701698303,24.2135944366455,3.61099090472791,0.736000001430511,127.555557250977,0.0495753139257431
-0.25,32.25,2.4570631980896,5,0.959343375683463,1.60998213291168,0.0216049389564432,0,9.8078430164605e-4,2.05982284678856,6.8445799946785,1.27838826179504,12.7838826179504,24.2135944366455,2.96615171204251,0.730000019073486,113.222221374512,0.0428322814404964
0.25,32.25,2.2837176322937,0,0.474704436945464,0.607538998126984,0,0,0,2.64553267471261,13.0909489765763,1.40786290168762,14.0786290168762,24.2135944366455,3.75498104711776,0.730000019073486,100.444442749023,0.0376393608748913
0.75,32.25,2.2837176322937,0,2.21819319864384,8.19071006774902,0,0,0,2.83428112239083,16.0181619264185,1.55424320697784,15.5424320697784,24.2135944366455,3.30440915467023,0.730000019073486,92.5555572509766,0.0341417044401169
1.25,32.25,2.2837176322937,0,2.14681498749737,7.5575590133667,0,0,0,2.599308922037,12.4544367566705,1.53290593624115,15.3290593624115,24.2135944366455,3.31992842976905,0.730000019073486,83.1111145019531,0.0302832499146461
1.75,32.25,2.2837176322937,0,1.22851128196446,2.41614007949829,0,0,0,2.11648935768324,7.30194112285972,1.73866164684296,17.3866164684296,24.2135944366455,3.12918407888983,0.730000019073486,74.7777786254883,0.0264933556318283
2.25,32.25,1.32608664035797,0,0.829528891646475,1.2922385931015,0.00617283949395642,0,3.174147568643e-4,1.85079296664398,5.36486464738846,1.68426144123077,16.8426144123077,24.2135944366455,1.9753448124964,0.730000019073486,65.5555572509766,0.0232413150370121
2.75,32.25,1.32608664035797,0,0.977942684763792,1.65898025035858,0.194444449152797,0,0.00677166879177094,1.84878928181384,5.35212423279881,1.67222261428833,16.7222261428833,24.2135944366455,1.65833833344123,0.736000001430511,61.8888893127441,0.0216150134801865
3.25,32.25,5,5,2.05166343326824,6.78083324432373,0.0493827159516513,0,0.00204543955624104,2.31626185818717,9.13770719990134,1.66886293888092,16.6886293888092,24.2135944366455,3.09121782735595,0.736000001430511,65.2222213745117,0.0222699530422688
3.75,32.25,5,5,2.75718199479328,14.7553815841675,0.941358041018248,0,0.025626664981246,2.69823853189416,13.8535446226597,1.85307562351227,18.5307562351227,24.2135944366455,3.9372085414813,0.736000001430511,63.1111106872559,0.0216861311346292
4.25,32.25,5,5,2.23318686183529,8.32955074310303,0.422839494422078,0,0.0131437052041292,2.19754838994853,8.00291478540748,2.01335644721985,20.1335644721985,24.2135944366455,3.19600831273607,0.736000001430511,57.3333320617676,0.019603343680501
4.75,32.25,5,5,3.75462739670933,41.7182998657227,0,0,0,1.34479375938512,2.83739503227116,2.05625796318054,20.5625796318054,24.2135944366455,2.65952815513017,0.736000001430511,53.2222213745117,0.0182142145931721
5.25,32.25,5,5,3.27509601473063,25.445764541626,0.495126098394394,0,0.0150140486657619,1.77754581954247,4.91532132402062,1.90924263000488,19.0924263000488,24.2135944366455,2.73197716212677,0.736000001430511,50.8888893127441,0.0170665066689253
5.75,32.25,5,5,1.57895302423496,3.84987545013428,4.73695181878528e-14,0,8.25167723457173e-15,1.42590320937239,3.16161495540291,1.98745238780975,19.8745238780975,24.2135944366455,3.64661163804432,0.736000001430511,48.3333320617676,0.0163730625063181
6.25,32.25,5,5,1.2493524055832,2.48808336257935,0,0,0,0.896410885451888,1.45079113690008,2.09818840026855,20.9818840026855,24.2135944366455,2.0136419132824,0.736000001430511,50.3333320617676,0.0167194660753012
6.75,32.25,4.99256610870361,5,1.71767780835805,4.57157516479492,0,0,0,1.18531668143326,2.27172275127754,2.11266112327576,21.1266112327576,24.2135944366455,0,0.736000001430511,50.3333320617676,0.01684102229774
7.25,32.25,3.59810519218445,5,0.73158673115885,1.07837581634521,0,0,0,1.90878530090093,5.7448908077058,2.06862735748291,20.6862735748291,24.2135944366455,0,0.736000001430511,49.6666679382324,0.0165189802646637
7.75,32.25,5,5,0.398410170894301,0.489454835653305,0,0,0,1.92354452124499,5.84517840016862,1.93810129165649,19.3810129165649,24.2135944366455,0.206650251708491,0.736000001430511,50.8888893127441,0.0168859735131264
8.25,32.25,5,5,0.383873783399983,0.467960149049759,0,0,0,1.79700428172789,5.03155154363746,1.90260589122772,19.0260589122772,24.2135944366455,1.3069345937268,0.736000001430511,55.4444427490234,0.0182424318045378
8.75,32.25,5,5,0.33225087031613,0.394102543592453,0,0,0,1.54178088118957,3.672904753414,1.67792797088623,16.7792797088623,24.2135944366455,0.0153142350862732,0.736000001430511,63.2222213745117,0.020982826128602
9.25,32.25,1.93383979797363,5,0.319387830518647,0.37628498673439,0,0,0,1.28721371050227,2.62267864904151,1.74812924861908,17.4812924861908,36.9086227416992,2.84596534199255,0.730000019073486,76.1111145019531,0.0258988346904516
9.75,32.25,3.12127375602722,5,0.324404948292971,0.383207321166992,0,0,0,1.61797447542627,4.04286551674187,1.52338969707489,15.2338969707489,36.9086227416992,4.05881201621786,0.730000019073486,88.3333358764648,0.0320253744721413
10.25,32.25,2.65781354904175,1.0033792257309,0.327545377080247,0.38755801320076,0,0,0,1.98726389539981,6.295545054797,1.45952653884888,14.5952653884888,36.9086227416992,4.09523470700232,0.730000019073486,105,0.0401719808578491
10.75,32.25,2.65781354904175,1.0033792257309,1.32427037608021,2.75944137573242,0.00617283949395642,0,3.174147568643e-4,2.27019410606973,8.6812798268802,1.26577854156494,12.6577854156494,36.9086227416992,3.83234994352835,0.730000019073486,105.444442749023,0.0444889664649963
11.25,32.25,1.99410688877106,1.26470351219177,2.11289059372598,7.27211809158325,0.117283954750746,0,0.0043698544614017,2.88324422763019,16.8721605860628,1.37049126625061,13.7049126625061,4.6247615814209,4.71975883465408,0.750999987125397,112,0.0493479892611504
11.75,32.25,1.99410688877106,1.26470351219177,3.33461671056582,27.0676231384277,0.120370369404554,0,0.0044698053970933,3.29248640368,25.9096888937056,1.45598447322845,14.5598447322845,4.6247615814209,4.98241813397146,0.750999987125397,114.111114501953,0.0544007197022438
12.25,32.25,1.99410688877106,1.26470351219177,3.88878027280273,47.8512649536133,2.09567900747061,0,0.0489264875650406,3.96814402402623,51.8862840235233,1.52220690250397,15.2220690250397,4.6247615814209,5.58364418190133,0.750999987125397,137.222229003906,0.0682909786701202
12.75,32.25,2.64023160934448,5,4.20059693774509,65.7261505126953,35.4074060916901,0,0.312713831663132,4.62224747068139,100.722393512726,1.89460706710815,18.9460706710815,4.6247615814209,6.19940944153175,0.750999987125397,194.66667175293,0.0938524082303047
13.25,32.25,2.64023160934448,5,4.43789267382336,83.5964813232422,34.909999370575,0,0.316119164228439,4.38853206399542,79.5221308469772,2.1784074306488,21.784074306488,4.6247615814209,6.1244351459967,0.750999987125397,247.555557250977,0.11370362341404
13.75,32.25,2.54762125015259,2.93310070037842,4.30382566651549,72.9822845458984,22.1388891339302,0,0.254231840372086,4.10572524704516,59.6867414712906,2.13932299613953,21.3932299613953,4.6247615814209,5.75379666153951,0.750999987125397,202.66667175293,0.0968310460448265
14.25,32.25,2.64023160934448,5,3.92855520904651,49.8334808349609,5.98765425384045,0,0.10915295779705,3.69528567478998,39.2570713758469,2.14507865905762,21.4507865905762,4.6247615814209,5.61554820446324,0.750999987125397,191.555557250977,0.0915790349245071
14.75,32.25,2.54762125015259,2.93310070037842,3.16875773013375,22.7779273986816,15.8812612295151,0,0.21116395294666301,4.04020275134596,55.8378655910492,2.51625442504883,25.1625442504883,4.6247615814209,6.10931716042191,0.750999987125397,227,0.106447353959084
15.25,32.25,2.54762125015259,2.93310070037842,3.16875781034884,22.7779293060303,17.9665818810463,0,0.263738185167313,3.98062354290753,52.5504148006439,2.71602201461792,27.1602201461792,4.6247615814209,6.37417568602509,0.750999987125397,246.75,0.118126288056374
15.75,32.25,NA,NA,NA,NA,NA,NA,NA,NA,NA,NA,NA,NA,NA,NA,NA,NA
16.25,32.25,NA,NA,NA,NA,NA,NA,NA,NA,NA,NA,NA,NA,NA,NA,NA,NA
16.75,32.25,NA,NA,NA,NA,NA,NA,NA,NA,NA,NA,NA,NA,NA,NA,NA,NA
17.25,32.25,NA,NA,NA,NA,NA,NA,NA,NA,NA,NA,NA,NA,NA,NA,NA,NA
17.75,32.25,NA,NA,NA,NA,NA,NA,NA,NA,NA,NA,NA,NA,NA,NA,NA,NA
18.25,32.25,NA,NA,NA,NA,NA,NA,NA,NA,NA,NA,NA,NA,NA,NA,NA,NA
18.75,32.25,NA,NA,NA,NA,NA,NA,NA,NA,NA,NA,NA,NA,NA,NA,NA,NA
19.25,32.25,NA,NA,NA,NA,NA,NA,NA,NA,NA,NA,NA,NA,NA,NA,NA,NA
19.75,32.25,NA,NA,4.1282020531737,61.0662307739258,52.4999976158142,0,0.332731962203979,NA,NA,3.20110297203064,32.0110297203064,NA,NA,NA,213,NA
20.25,32.25,1.78397881984711,4.92334032058716,4.12644510246898,60.9572792053223,80.3683876991272,0.0884541310369968,0.276833355426788,5.82735180813065,338.45853638649,3.19859838485718,31.9859838485718,4.6247615814209,7.52916405792062,0.736000001430511,248.25,0.124099902808666
20.75,32.25,1.78397881984711,4.92334032058716,3.68835374603789,38.9789772033691,49.2792993783951,0,0.471363037824631,5.63822841915113,279.964525938034,3.3656861782074,33.656861782074,4.6247615814209,5.86052431183294,0.736000001430511,320.444458007812,0.161181032657623
21.25,32.25,0.982537448406219,0,3.1565371933959,22.4891166687012,7.58950635790825,0,0.244156733155251,4.83543513420163,124.893351793289,3.05128622055054,30.5128622055054,4.6247615814209,5.479169121687,0.736000001430511,302.777770996094,0.155162870883942
21.75,32.25,0.786263823509216,0,3.40991848631938,29.2627773284912,1.54012348502874,0,0.0498970150947571,4.30715860916398,73.2292746305466,2.57621312141418,25.7621312141418,4.6247615814209,4.87425292910703,0.736000001430511,211.33332824707,0.112522050738335
22.25,32.25,0.934102714061737,0,2.35100071091488,9.49606800079346,0.0185185184818693,0,8.5440155817195e-4,3.53640128339491,33.3431054353714,1.88100564479828,18.8100564479828,4.6247615814209,4.63267613093795,0.736000001430511,124.555557250977,0.0697670057415962
22.75,32.25,1.78397881984711,4.92334032058716,2.34492482554788,9.43248844146729,0.0246913579758257,0,0.00110503891482949,3.58306736112856,34.9837468862534,1.59827876091003,15.9827876091003,4.6247615814209,4.70967707355413,0.736000001430511,100.111114501953,0.0523985773324966
23.25,32.25,NA,NA,2.04609856791059,6.73765420913696,1.00358035415411,0,0.0270101316273212,NA,NA,1.66671359539032,16.6671359539032,NA,5.02889219884129,NA,100.142860412598,NA
23.75,32.25,NA,NA,1.23026410145731,2.42213320732117,18.7909841537476,0,0.232359483838081,NA,NA,1.57424461841583,15.7424461841583,NA,NA,NA,109.599998474121,NA
24.25,32.25,NA,NA,1.23026410145731,2.42213320732117,0.792079232633114,0,0.0222233813256025,NA,NA,1.64786314964294,16.4786314964294,NA,NA,NA,112,NA
24.75,32.25,NA,NA,1.23026417112689,2.42213344573975,73.2732713222504,0,0.279171973466873,NA,NA,2.15435671806335,21.5435671806335,NA,NA,NA,131,NA
25.25,32.25,NA,NA,NA,NA,NA,NA,NA,NA,NA,NA,NA,NA,NA,NA,NA,NA
25.75,32.25,NA,NA,NA,NA,NA,NA,NA,NA,NA,NA,NA,NA,NA,NA,NA,NA
26.25,32.25,NA,NA,NA,NA,NA,NA,NA,NA,NA,NA,NA,NA,NA,NA,NA,NA
26.75,32.25,NA,NA,NA,NA,NA,NA,NA,NA,NA,NA,NA,NA,NA,NA,NA,NA
27.25,32.25,NA,NA,NA,NA,NA,NA,NA,NA,NA,NA,NA,NA,NA,NA,NA,NA
27.75,32.25,NA,NA,NA,NA,NA,NA,NA,NA,NA,NA,NA,NA,NA,NA,NA,NA
28.25,32.25,NA,NA,NA,NA,NA,NA,NA,NA,NA,NA,NA,NA,NA,NA,NA,NA
28.75,32.25,NA,NA,NA,NA,NA,NA,NA,NA,NA,NA,NA,NA,NA,NA,NA,NA
29.25,32.25,NA,NA,NA,NA,NA,NA,NA,NA,NA,NA,NA,NA,NA,NA,NA,NA
29.75,32.25,NA,NA,NA,NA,NA,NA,NA,NA,NA,NA,NA,NA,NA,NA,NA,NA
30.25,32.25,NA,NA,NA,NA,NA,NA,NA,NA,NA,NA,NA,NA,NA,NA,NA,NA
30.75,32.25,NA,NA,NA,NA,NA,NA,NA,NA,NA,NA,NA,NA,NA,NA,NA,NA
31.25,32.25,NA,NA,NA,NA,NA,NA,NA,NA,NA,NA,NA,NA,NA,NA,NA,NA
31.75,32.25,NA,NA,NA,NA,NA,NA,NA,NA,NA,NA,NA,NA,NA,NA,NA,NA
32.25,32.25,NA,NA,NA,NA,NA,NA,NA,NA,NA,NA,NA,NA,NA,NA,NA,NA
32.75,32.25,NA,NA,NA,NA,NA,NA,NA,NA,NA,NA,NA,NA,NA,NA,NA,NA
33.25,32.25,NA,NA,NA,NA,NA,NA,NA,NA,NA,NA,NA,NA,NA,NA,NA,NA
33.75,32.25,NA,NA,NA,NA,NA,NA,NA,NA,NA,NA,NA,NA,NA,NA,NA,NA
34.25,32.25,NA,NA,NA,NA,NA,NA,NA,NA,NA,NA,NA,NA,NA,NA,NA,NA
34.75,32.25,NA,NA,8.03229346097684,3077.79467773438,27.0013809204102,1.14734303206205,0.543888866901398,NA,NA,4.16403865814209,41.6403865814209,NA,7.64419553904045,NA,559,NA
35.25,32.25,2.01268768310547,5,6.48985718252839,657.429321289062,30.1522582769394,0.0586800102610141,0.644615590572357,5.13375606198896,168.653150558472,3.78873562812805,37.8873562812805,NA,7.77473574075209,0.721000015735626,508,0.256295204162598
35.75,32.25,3.07405424118042,5,6.47568340904788,648.162719726562,61.1198723316193,0.0525616051163524,0.440458923578262,4.96257065812189,141.960827350616,3.66635799407959,36.6635799407959,51.1446304321289,7.33646600562694,0.730000019073486,347.222229003906,0.170924171805382
36.25,32.25,2.81535768508911,5,6.23462378752047,509.108673095703,23.6540541052818,0,0.26991280913353,5.36583527130992,212.969882965088,2.49174070358276,24.9174070358276,51.1446304321289,6.60651276517488,0.681999981403351,206.66667175293,0.106321834027767
36.75,32.25,3.24238991737366,5,3.70183334739438,39.5215263366699,8.33616480231285,0.00926583670661785,0.24338872730732,4.94811601638141,139.909242987633,2.24320435523987,22.4320435523987,51.1446304321289,5.10271353153641,0.681999981403351,175.888885498047,0.077721044421196
37.25,32.25,3.29490733146667,5,1.98218799053922,6.25860738754272,0.00925925924093463,0,4.5806702109985e-4,3.33816217875999,27.1673126220703,1.88789558410645,18.8789558410645,51.1446304321289,4.49666259974216,0.681999981403351,89.3333358764648,0.0405595377087593
37.75,32.25,1.31632220745087,5,0.551007421643845,0.735000014305115,0,0,0,1.9762408632143,6.21556763350964,1.8733743429184,18.733743429184,51.1446304321289,4.31324562673949,0.681999981403351,82.5555572509766,0.0333477109670639
38.25,32.25,1.31632220745087,5,0.551007421643845,0.735000014305115,0,0,0,1.89538261530609,5.65509425848722,1.95657932758331,19.5657932758331,51.1446304321289,4.59050886509024,0.681999981403351,86.1111145019531,0.0349296405911446
38.75,32.25,1.31632220745087,5,0.551007421643845,0.735000014305115,0.0123456789879128,0,5.9367541689425e-4,1.9047957683521,5.71803545206785,1.96360552310944,19.6360552310944,51.1446304321289,4.70560367439425,0.681999981403351,106.333335876465,0.0423902682960033
39.25,32.25,3.12297296524048,5,0.824954640491902,1.28177726268768,0.117283954750746,0,0.0043698544614017,1.62543283031082,4.08061760663986,1.92587685585022,19.2587685585022,51.1446304321289,4.52836747582281,0.681999981403351,114.777778625488,0.0448073744773865
39.75,32.25,3.12297296524048,5,0.691893057808642,0.997493326663971,0.117283954750746,0,0.0043698544614017,1.61002601347086,4.00294137001038,1.93203747272491,19.3203747272491,8.87626171112061,3.21974847561397,0.666999995708466,111.888885498047,0.0429591238498688
-9.75,31.75,NA,NA,4.52943271544208,91.7059555053711,37.1586203575134,0,0.6575026512146,NA,NA,3.47916054725647,34.7916054725647,NA,NA,NA,298,NA
-9.25,31.75,2.45462679862976,5,4.3532956032914,76.7342224121094,30.819109082222,0,0.42168453335762,5.09203157277159,161.720104217529,3.12563562393188,31.2563562393188,41.1197853088379,4.7820259480025,0.660000026226044,308.666656494141,0.170773848891258
-8.75,31.75,2.45462679862976,5,4.05901489988045,56.9172286987305,11.1388891935349,0.0833333353511989,0.179262965917587,4.61787123428449,100.278204917908,2.23765659332275,22.3765659332275,41.1197853088379,4.67142703852678,0.660000026226044,277.666656494141,0.144300684332848
-8.25,31.75,2.45462679862976,5,5.31457022107947,202.277130126953,37.2654318809509,7.2592593729496,0.446021109819412,4.64306810365129,102.862520217896,2.17093062400818,21.7093062400818,41.1197853088379,4.81027860346535,0.660000026226044,272.888885498047,0.133220732212067
-7.75,31.75,2.45462679862976,5,6.1593195675564,472.106048583984,44.8607951402664,1.25625040382147,0.429154485464096,4.73311335981909,112.64884185791,2.42220616340637,24.2220616340637,41.1197853088379,4.97865828511056,0.660000026226044,291.444458007812,0.140520602464676
-7.25,31.75,1.64020800590515,5,5.00006859494175,147.42333984375,38.6632859706879,0.0587634916882962,0.687236607074738,4.86539275171743,128.721877098083,3.45475697517395,34.5475697517395,41.1197853088379,4.82743218429783,0.734000027179718,394.222229003906,0.189599022269249
-6.75,31.75,1.64020800590515,5,4.44666773014418,84.3420867919922,10.9022326767445,0.132954050786793,0.744106590747833,4.80786024836981,121.469283103943,4.04594087600708,40.4594087600708,41.1197853088379,4.54196825493985,0.734000027179718,450.111114501953,0.229154199361801
-6.25,31.75,1.64020800590515,5,3.28713302338901,25.7660160064697,1.70679017901421,0,0.468133538961411,4.53131551066226,91.8806662559509,3.30439972877502,33.0439972877502,41.1197853088379,4.55699902041556,0.734000027179718,385.555541992188,0.215727001428604
-5.75,31.75,1.50437915325165,2.93976283073425,3.34518308128474,27.3657684326172,3.76543216407299,0.0123456789879128,0.174273237586021,4.04399402810923,56.0537626743317,2.43993735313416,24.3993735313416,41.1197853088379,4.27172960413689,0.680999994277954,293.888885498047,0.161527931690216
-5.25,31.75,2.22654414176941,3.44455480575562,3.33370671262454,27.0420932769775,2.48148143291473,0,0.0605768784880638,3.6338828725018,36.8595353364944,1.57164108753204,15.7164108753204,41.1197853088379,4.07686699629313,0.680000007152557,189.111114501953,0.0922583937644958
-4.75,31.75,2.22654414176941,3.44455480575562,3.05518954522209,20.2252082824707,1.4382716268301,0,0.0365220680832863,3.33856035658824,27.1785304546356,1.24186408519745,12.4186408519745,41.1197853088379,3.93414153690449,0.680000007152557,131.444442749023,0.0544342510402203
-4.25,31.75,3.11608743667603,4.01876783370972,4.02322430247365,54.8809928894043,2.94571723788977,0.00617550758761354,0.0654256120324135,3.25328841458056,24.8752888441086,1.31998336315155,13.1998336315155,41.1197853088379,4.09405835539562,0.680000007152557,120,0.046501811593771
-3.75,31.75,3.22464156150818,0,2.311751914312,9.09208965301514,0.45370371080935,0,0.0139490468427539,2.52625808662939,11.5066197812557,1.48512184619904,14.8512184619904,41.1197853088379,4.10979491117103,0.680000007152557,147.555557250977,0.0554929226636887
-3.25,31.75,4.5923171043396,1.69628036022186,0.813315951374946,1.25537431240082,0.145061733201146,0,0.00525644002482295,1.99214477486145,6.33124077320099,1.55432426929474,15.5432426929474,24.2135944366455,3.69630260555714,0.660000026226044,161.66667175293,0.059382230043411303
-2.75,31.75,4.5923171043396,1.69628036022186,1.46070304032183,3.30898785591125,1.65145583450794,0,0.0424033664166927,1.58820117107876,3.89493585191667,1.32987129688263,13.2987129688263,24.2135944366455,3.85786660103621,0.736000001430511,128.444442749023,0.0465701296925545
-2.25,31.75,3.58419370651245,5,3.10822450923741,21.3812713623047,0.416666688397527,0,0.0129813551902771,1.74599315576795,4.73159101232886,1.24138343334198,12.4138343334198,24.2135944366455,4.19344709602658,0.736000001430511,99.4444427490234,0.0367463640868664
-1.75,31.75,5,0,3.48119812678535,31.4986362457275,0.373456790111959,0,0.0118321580812335,1.5445596451293,3.6859077103436,1.26815986633301,12.6815986633301,24.2135944366455,3.74098019411226,0.736000001430511,98.2222213745117,0.0356661304831505
-1.25,31.75,5,0,1.26281266538687,2.53535127639771,0.148148147854954,0,0.00535326870158315,1.19611244236964,2.30723483301699,1.34587776660919,13.4587776660919,24.2135944366455,3.1067969807428,0.736000001430511,100.888885498047,0.0355436243116856
-0.75,31.75,3.61087942123413,5,0.649285430125166,0.914172530174255,0.166666670702398,0,0.00592795060947537,0.930434100291927,1.53560964763165,1.44096040725708,14.4096040725708,24.2135944366455,3.23957069315913,0.736000001430511,99,0.0346240848302841
-0.25,31.75,2.4570631980896,5,0.265738661655803,0.304394125938416,0,0,0,2.14313843435565,7.5261544585228,1.53753781318665,15.3753781318665,24.2135944366455,3.90608722586148,0.730000019073486,89.7777786254883,0.0314681716263294
0.25,31.75,2.4570631980896,5,0.112640444881668,0.119229435920715,0,0,0,2.34753912370885,9.45979775860906,1.7234320640564,17.234320640564,24.2135944366455,3.54399640329702,0.730000019073486,81.1111145019531,0.0281364377588034
0.75,31.75,2.4570631980896,5,1.00559247862151,1.73352634906769,0,0,0,2.2480801138232,8.46953793801367,1.81772470474243,18.1772470474243,24.2135944366455,2.80617391991238,0.730000019073486,71.6666641235352,0.0246132332831621
1.25,31.75,2.2837176322937,0,2.22562940386386,8.25930881500244,0.0246913579758257,0,0.00110503891482949,1.98102456013304,6.25016741361469,1.89441359043121,18.9441359043121,24.2135944366455,0.923211195765334,0.730000019073486,62.7777786254883,0.0211966652423143
1.75,31.75,2.2837176322937,0,2.055212615742,6.8084979057312,0,0,0,1.53694483609478,3.65036093071103,2.04507112503052,20.4507112503052,24.2135944366455,0,0.730000019073486,56,0.0187765005975962
2.25,31.75,1.38494443893433,0.230856880545616,1.14641562463656,2.14689302444458,0,0,0,1.48802765065627,3.4283526414074,1.90164172649384,19.0164172649384,24.2135944366455,0,0.736000001430511,49.5555572509766,0.0166822280734777
2.75,31.75,1.32608664035797,0,1.13813743739823,2.1209499835968,0,0,0,1.56295135169196,3.77288694647723,1.92381298542023,19.2381298542023,24.2135944366455,0.111591062446741,0.736000001430511,45.5555572509766,0.0151051813736558
3.25,31.75,3.9732723236084,5,0.828815484162834,1.29060387611389,0.679012341424823,0,0.0195558555424213,1.90557482893671,5.72327124793082,1.86493635177612,18.6493635177612,24.2135944366455,1.87931189675253,0.736000001430511,44.6666679382324,0.014818049967289
3.75,31.75,3.9732723236084,5,0.701060786344883,1.01589000225067,0.620370358228683,0,0.0181372836232185,2.27011860728494,8.68054892960936,1.95883977413177,19.5883977413177,24.2135944366455,3.1947760216848,0.736000001430511,44.7777786254883,0.0148045280948281
4.25,31.75,5,5,1.36850900180689,2.92948746681213,0.0370370369637385,0,0.00158532976638526,1.63482994741585,4.12858579360181,2.0835497379303,20.835497379303,24.2135944366455,1.38701746158871,0.736000001430511,44.7777786254883,0.0144347995519638
4.75,31.75,5,5,2.68245078316541,13.6208820343018,0,0,0,1.13219006822756,2.10244362849335,2.04082012176514,20.4082012176514,24.2135944366455,3.07644253579165,0.736000001430511,43.5555572509766,0.0140277920290828
5.25,31.75,3.97123289108276,5,3.07324948767579,20.6120166778564,1.1123126372695,0,0.0293833538889885,1.73416152312608,4.66417653113604,1.91791701316833,19.1791701316833,24.2135944366455,3.43185053879241,0.736000001430511,43.2222213745117,0.0139800682663918
5.75,31.75,5,5,1.94693890676837,6.00720500946045,0,0,0,1.54822524988001,3.70311591587961,1.90920603275299,19.0920603275299,24.2135944366455,4.12358121139229,0.736000001430511,43.7777786254883,0.0140051255002618
6.25,31.75,5,5,0.556865392973409,0.745193421840668,0,0,0,1.48661433821124,3.42209841613658,1.98412907123566,19.8412907123566,24.2135944366455,3.61974706396614,0.736000001430511,44.3333320617676,0.0141741503030062
6.75,31.75,5,5,0.204718845450576,0.227179989218712,0,0,0,0.881615850978505,1.41479851016152,2.1065397262573202,21.0653972625732,24.2135944366455,2.12458288394745,0.736000001430511,45.4444427490234,0.0142694506794214
7.25,31.75,5,5,0.112649185332247,0.119239218533039,0,0,0,0.921672437341514,1.51349053214346,2.07995009422302,20.7995009422302,24.2135944366455,0.364112489837839,0.736000001430511,43.2222213745117,0.0138442004099488
7.75,31.75,3.59810519218445,5,0.112649185332247,0.119239218533039,0,0,0,0.88637073987571,1.42630795015599,2.09089398384094,20.9089398384094,24.2135944366455,0.460749919302441,0.736000001430511,43.8888893127441,0.0139962192624807
8.25,31.75,5,5,0.112649185332247,0.119239218533039,0,0,0,0.855812744667424,1.35328622437902,2.05704760551453,20.5704760551453,24.2135944366455,2.9852122728709,0.736000001430511,46.8888893127441,0.014831337146461
8.75,31.75,5,5,0.112649185332247,0.119239218533039,0,0,0,0.792318024884491,1.20850987826725,1.88640427589417,18.8640427589417,24.2135944366455,1.64959302814596,0.736000001430511,51.8888893127441,0.0163306556642056
9.25,31.75,5,5,0.25868108456047,0.295220673084259,0,0,0,1.20932642654168,2.35122659486342,1.69034326076508,16.9034326076508,36.9086227416992,3.83503277075066,0.730000019073486,58.3333320617676,0.0188536737114191
9.75,31.75,3.12127375602722,5,0.407174656929436,0.502566516399384,0,0,0,1.45172339478779,3.2704678790585,1.418820977211,14.18820977211,36.9086227416992,4.11050064209881,0.730000019073486,64.8888854980469,0.0223348923027515
10.25,31.75,3.12127375602722,5,0.790844946670411,1.20525896549225,0,0,0,1.57379741249464,3.82493572034849,1.37003743648529,13.7003743648529,36.9086227416992,4.52685820833394,0.730000019073486,75.8888854980469,0.0288450680673122
10.75,31.75,3.12127375602722,5,0.991498894206264,1.6952713727951,0,0,0,2.49301296070322,11.0976710721734,1.41415011882782,14.1415011882782,4.6247615814209,4.63693086476451,0.750999987125397,105,0.0406272523105145
11.25,31.75,3.5651171207428,5,1.01755574854248,1.76642465591431,0.333333341404796,0,0.0107434513047338,3.24740147942919,24.7234101851936,1.61275506019592,16.1275506019592,4.6247615814209,5.22476199718382,0.750999987125397,131.777770996094,0.0533524043858051
11.75,31.75,1.99410688877106,1.26470351219177,1.47280237439447,3.36144042015076,1.36111108586192,0,0.0346262268722057,3.30002065306231,26.1131988854613,1.72748398780823,17.2748398780823,4.6247615814209,5.12521822790504,0.750999987125397,144.777770996094,0.0604998134076595
12.25,31.75,2.54762125015259,2.93310070037842,1.76362523993141,4.83354711532593,8.49691331386566,0,0.139816895127296,3.42628159174323,29.7620439808816,1.80091381072998,18.0091381072998,4.6247615814209,5.59576215224085,0.750999987125397,163.777770996094,0.0670309290289879
12.75,31.75,2.54762125015259,2.93310070037842,1.76362523993141,4.83354711532593,6.32716044783592,0,0.113432444632053,3.47129134080348,31.178268738091,1.64345872402191,16.4345872402191,4.6247615814209,5.2632836824267,0.750999987125397,166.555557250977,0.0713554620742798
13.25,31.75,2.54762125015259,2.93310070037842,2.41311669427265,10.1687164306641,0.44753085821867,0,0.0137888127937913,3.26762770878292,25.2489951625466,1.70011913776398,17.0011913776398,4.6247615814209,4.91787232312842,0.750999987125397,167.555557250977,0.0721121057868004
13.75,31.75,2.54762125015259,2.93310070037842,3.16875781034884,22.7779293060303,0.191358022857457,0,0.00667892023921013,2.61782650295895,12.7059014514089,1.76797926425934,17.6797926425934,4.6247615814209,4.81959529994456,0.750999987125397,110.666664123535,0.0504348278045654
14.25,31.75,2.54762125015259,2.93310070037842,3.16875781034884,22.7779293060303,1.55246909707785,0,0.0385050103068352,2.52425389633673,11.4815792366862,1.90405118465424,19.0405118465424,4.6247615814209,5.11111821092959,0.750999987125397,113.555557250977,0.0522450245916843
14.75,31.75,2.54762125015259,2.93310070037842,3.16875781034884,22.7779293060303,0.271604931913316,0,0.0090218186378479,2.49386265994015,11.1079548224807,2.14200448989868,21.4200448989868,4.6247615814209,4.99314393419231,0.750999987125397,169.888885498047,0.0784804299473763
15.25,31.75,2.54762125015259,2.93310070037842,3.16875773013375,22.7779273986816,0.81272330135107,0,0.0346760973334312,3.38964150697149,28.6553191393614,2.24144577980042,22.4144577980042,4.6247615814209,5.05985096683742,0.750999987125397,203.222229003906,0.096306674182415
15.75,31.75,NA,NA,3.16875781034884,22.7779293060303,0.383141753263772,0,0.0120917418971658,NA,NA,2.21594834327698,22.1594834327698,NA,NA,NA,179,NA
16.25,31.75,NA,NA,NA,NA,NA,NA,NA,NA,NA,NA,NA,NA,NA,NA,NA,NA
16.75,31.75,NA,NA,NA,NA,NA,NA,NA,NA,NA,NA,NA,NA,NA,NA,NA,NA
17.25,31.75,NA,NA,NA,NA,NA,NA,NA,NA,NA,NA,NA,NA,NA,NA,NA,NA
17.75,31.75,NA,NA,NA,NA,NA,NA,NA,NA,NA,NA,NA,NA,NA,NA,NA,NA
18.25,31.75,NA,NA,NA,NA,NA,NA,NA,NA,NA,NA,NA,NA,NA,NA,NA,NA
18.75,31.75,NA,NA,NA,NA,NA,NA,NA,NA,NA,NA,NA,NA,NA,NA,NA,NA
19.25,31.75,NA,NA,NA,NA,NA,NA,NA,NA,NA,NA,NA,NA,NA,NA,NA,NA
19.75,31.75,NA,NA,4.1282020531737,61.0662307739258,74.8902797698975,0,0.271004170179367,NA,NA,3.05938172340393,30.5938172340393,NA,NA,NA,194,NA
20.25,31.75,1.78397881984711,4.92334032058716,4.12820199171198,61.0662269592285,54.1332244873047,0,0.333749920129776,5.19317436862151,179.039157450199,2.77774167060852,27.7774167060852,4.6247615814209,6.53546332928392,0.736000001430511,200,0.0946585386991501
20.75,31.75,1.55398786067963,1.13989353179932,4.04742317806252,56.2497444152832,0.12962962500751,0,0.00476740999147296,3.21756912016105,23.9673537164927,2.68284797668457,26.8284797668457,4.6247615814209,4.9397833740459,0.736000001430511,210.66667175293,0.0990562587976456
21.25,31.75,0.982537448406219,0,3.27491828779562,25.4410648345947,0,0,0,2.17752131349675,7.82440619170666,2.67194867134094,26.7194867134094,4.6247615814209,4.9671640890332,0.736000001430511,170.222229003906,0.081340029835701
21.75,31.75,0.786263823509216,0,3.32878137035765,26.9043159484863,0,0,0,2.18791733217558,7.91662339866161,2.15568661689758,21.5568661689758,4.6247615814209,4.694771741943,0.736000001430511,111.888885498047,0.0542965941131115
22.25,31.75,0.934102714061737,0,2.34578794852384,9.44149684906006,0,0,0,1.77015170622197,4.8717440739274,1.86381554603577,18.6381554603577,4.6247615814209,4.26655753776082,0.736000001430511,66.7777786254883,0.0331555604934692
22.75,31.75,0.934102714061737,0,2.34492482554788,9.43248844146729,0,0,0,1.60664808998801,3.98607032746077,1.6801210641861,16.801210641861,4.6247615814209,3.95193716611694,0.736000001430511,59.4444427490234,0.0295689925551414
23.25,31.75,2.50694274902344,5,1.61033224963899,4.00447368621826,0.0246913579758257,0,0.00110503891482949,1.84976668472089,5.35833585262299,1.79233503341675,17.9233503341675,4.6247615814209,4.26115175659091,0.736000001430511,69.8888854980469,0.0346274711191654
23.75,31.75,1.78397881984711,4.92334032058716,1.23026417112689,2.42213344573975,2.62962970882654,0,0.0584878213703632,2.7291888373365,14.3204545974731,1.55265855789185,15.5265855789185,4.6247615814209,5.21055061622322,0.736000001430511,82.7777786254883,0.0399822480976582
24.25,31.75,1.78397881984711,4.92334032058716,1.23026417112689,2.42213344573975,15.9799084067345,0,0.211276233196259,3.13629368693965,22.0183951854706,1.67443692684174,16.7443692684174,4.6247615814209,5.19626127093653,0.736000001430511,99.8888854980469,0.0465339533984661
24.75,31.75,4.43806314468384,5,1.23037807439304,2.42252326011658,33.0090045928955,0,0.305006116628647,3.4421486555452,30.2540402412415,1.87111806869507,18.7111806869507,4.6247615814209,5.02776326174607,0.736000001430511,117.777778625488,0.0546206086874008
25.25,31.75,NA,NA,2.14583760655054,7.54919910430908,8.57533812522888,0,0.140711337327957,NA,NA,1.72813320159912,17.2813320159912,NA,NA,NA,122.400001525879,NA
25.75,31.75,NA,NA,2.95015689377507,18.1089515686035,82.5681388378143,0,0.228916421532631,NA,NA,1.86694824695587,18.6694824695587,NA,NA,NA,137,NA
26.25,31.75,NA,NA,2.95534126680439,18.2082767486572,95.7086741924286,0,0.0887768268585205,NA,NA,2.02523732185364,20.2523732185364,NA,NA,NA,150.33332824707,NA
26.75,31.75,NA,NA,2.95534126680439,18.2082767486572,0,0,0,NA,NA,2.96206879615784,29.6206879615784,NA,NA,NA,148,NA
27.25,31.75,NA,NA,NA,NA,NA,NA,NA,NA,NA,NA,NA,NA,NA,NA,NA,NA
27.75,31.75,NA,NA,NA,NA,NA,NA,NA,NA,NA,NA,NA,NA,NA,NA,NA,NA
28.25,31.75,NA,NA,NA,NA,NA,NA,NA,NA,NA,NA,NA,NA,NA,NA,NA,NA
28.75,31.75,NA,NA,NA,NA,NA,NA,NA,NA,NA,NA,NA,NA,NA,NA,NA,NA
29.25,31.75,NA,NA,NA,NA,NA,NA,NA,NA,NA,NA,NA,NA,NA,NA,NA,NA
29.75,31.75,NA,NA,NA,NA,NA,NA,NA,NA,NA,NA,NA,NA,NA,NA,NA,NA
30.25,31.75,NA,NA,NA,NA,NA,NA,NA,NA,NA,NA,NA,NA,NA,NA,NA,NA
30.75,31.75,NA,NA,5.78895753462145,325.672302246094,48.6868679523468,0,0.333167463541031,NA,NA,4.59111404418945,45.9111404418945,NA,NA,NA,168,NA
31.25,31.75,NA,NA,6.64673875092932,769.268188476562,80.5581092834473,34.5906168222427,0.501525580883026,NA,NA,4.59619092941284,45.9619092941284,NA,NA,NA,149,NA
31.75,31.75,NA,NA,7.79663175606098,2431.39526367188,10.7913665473461,7.91366919875145,0.194625228643417,NA,NA,4.21116161346436,42.1116161346436,NA,NA,NA,110.5,NA
32.25,31.75,NA,NA,NA,NA,NA,NA,NA,NA,NA,NA,NA,NA,NA,NA,NA,NA
32.75,31.75,NA,NA,NA,NA,NA,NA,NA,NA,NA,NA,NA,NA,NA,NA,NA,NA
33.25,31.75,NA,NA,NA,NA,NA,NA,NA,NA,NA,NA,NA,NA,NA,NA,NA,NA
33.75,31.75,NA,NA,NA,NA,NA,NA,NA,NA,NA,NA,NA,NA,NA,NA,NA,NA
34.25,31.75,NA,NA,9.10966634021649,9041.27734375,20.2401369810104,0,0.242234975099564,NA,NA,4.16468524932861,41.6468524932861,NA,NA,NA,358,NA
34.75,31.75,2.01268768310547,5,6.81170365005593,907.417114257812,45.4119741916656,0.917218159884214,0.596372425556183,4.59162316097532,97.6544322967529,3.93454027175903,39.3454027175903,67.1878051757812,7.49464384920317,0.915000021457672,452,0.226568043231964
35.25,31.75,2.89263820648193,0,6.8673298071954,959.380737304688,27.5117546319962,0.0231803423957899,0.551201224327087,5.06276565675954,157.026960849762,3.36786293983459,33.6786293983459,NA,7.78731546809106,0.734000027179718,349.777770996094,0.175695300102234
35.75,31.75,2.97286415100098,3.43596601486206,6.6363273521613,761.290222167969,48.7659454345703,1.27799709041908e-14,0.378910571336746,4.91632245662888,135.499705433846,3.07022166252136,30.7022166252136,51.1446304321289,7.46162895682081,0.720000028610229,243.444442749023,0.117664307355881
36.25,31.75,3.29490733146667,5,5.49867320975943,243.367492675781,5.24496026337147,0,0.099851943552494,4.79940721514636,120.438409328461,2.51884174346924,25.1884174346924,51.1446304321289,6.69393300219702,0.753000020980835,191.66667175293,0.0890943557024002
36.75,31.75,3.29490733146667,5,2.29581680591994,8.93254566192627,1.05458479374647,0,0.0281301438808441,3.29840727828968,26.0694904029369,1.82947480678558,18.2947480678558,51.1446304321289,4.73336694971498,0.721000015735626,76.8888854980469,0.0371600352227688
37.25,31.75,3.49951720237732,5,1.88769943925653,5.6041579246521,0.18827160820365,0,0.00658593233674765,2.60347287565558,12.5105772092938,1.84319293498993,18.4319293498993,51.1446304321289,4.58044768479798,0.721000015735626,58.3333320617676,0.0249102786183357
37.75,31.75,3.49951720237732,5,2.20717387582854,8.08999061584473,0,0,0,2.19098589844654,7.94402667135,1.85117304325104,18.5117304325104,51.1446304321289,4.213820793424,0.681999981403351,72.2222213745117,0.0289296805858612
38.25,31.75,4.28968334197998,5,1.23818245501099,2.44933843612671,0,0,0,1.38811143136136,3.00727488845587,1.87710046768188,18.7710046768188,54.2534599304199,4.40410928955664,0.888999998569489,83.3333358764648,0.0333351045846939
38.75,31.75,4.28968334197998,5,1.3361419888865,2.80433797836304,0,0,0,1.25638433591934,2.51269776374102,1.96836650371552,19.6836650371552,54.2534599304199,4.24513309874618,0.888999998569489,107.555557250977,0.0411120764911175
39.25,31.75,2.45145392417908,5,1.4171488993199,3.12534189224243,0,0,0,0.380615850578482,0.46318541560322,2.01421499252319,20.1421499252319,54.2534599304199,3.28929257839405,0.888999998569489,107.555557250977,0.041054230183363
39.75,31.75,2.45145392417908,5,1.50890440656887,3.52177405357361,0,0,0,0.364356805026716,0.439587774686515,1.95493865013123,19.5493865013123,54.2534599304199,2.84650766168441,0.888999998569489,103.222221374512,0.0385558605194092
-9.75,31.25,3.75702953338623,5,4.59274343929603,97.7650146484375,41.8472617864609,0,0.565861523151398,4.97354840425384,143.538860797882,3.1019721031189,31.019721031189,41.1197853088379,5.15464342053009,0.660000026226044,282,0.170940726995468
-9.25,31.25,3.75702953338623,5,3.94370267679759,50.6093406677246,30.1543205976486,0.0154320994624868,0.434952348470688,4.95724525318947,141.201526641846,2.94949841499329,29.4949841499329,41.1197853088379,4.81983182242739,0.660000026226044,344.222229003906,0.186336189508438
-8.75,31.25,2.45462679862976,5,4.1560242960616,62.8172988891602,33.1944435834885,0.240740738809109,0.557887852191925,4.65983431051152,104.618580818176,3.04332184791565,30.4332184791565,41.1197853088379,4.71287171695945,0.660000026226044,377.777770996094,0.203412756323814
-8.25,31.25,2.45462679862976,5,4.1671339963901,63.5302429199219,26.4924228191376,0.151562015525997,0.619733273983002,4.6709531420699,105.799489021301,3.53670144081116,35.3670144081116,41.1197853088379,4.81729962977974,0.660000026226044,426,0.220198392868042
-7.75,31.25,2.45462679862976,5,4.65194954659679,103.789077758789,19.6481481194496,0.521604949608445,0.713906288146973,4.70574903736867,109.581083297729,4.19430112838745,41.9430112838745,41.1197853088379,4.75643309425676,0.660000026226044,488.222229003906,0.24999637901783
-7.25,31.25,1.81579446792603,1.58484959602356,3.56402514586101,34.3050193786621,3.79320979118347,0.0246913579758257,0.438090085983276,4.3724430844808,78.2369780540466,3.38026738166809,33.8026738166809,41.1197853088379,4.57918538565692,0.680999994277954,431.111114501953,0.210200443863869
-6.75,31.25,1.50437915325165,2.93976283073425,3.09120239775869,21.0035190582275,2.30246912688017,0.00308641974697821,0.223129123449326,3.98832434114091,52.9643876552582,2.39538717269897,23.9538717269897,41.1197853088379,4.45016430507035,0.680999994277954,308.555541992188,0.156105741858482
-6.25,31.25,1.50437915325165,2.93976283073425,3.66186197753854,37.9337692260742,4.25925925374031,0.0648148125037551,0.114257946610451,3.74467698358954,41.2953429222107,1.72005212306976,17.2005212306976,41.1197853088379,4.37403523172259,0.680999994277954,200.444442749023,0.106750048696995
-5.75,31.25,2.22654414176941,3.44455480575562,3.38012033729472,28.3743057250977,0.913580227643251,0.00308641974697821,0.0289577338844538,3.54568605851702,33.6634583473206,1.48874115943909,14.8874115943909,41.1197853088379,4.04857259528609,0.680999994277954,148,0.0713074132800102
-5.25,31.25,2.22654414176941,3.44455480575562,3.38529277540523,28.5266361236572,2.25939881056547,0,0.0520351529121399,3.23317733253377,24.36010658741,1.28713512420654,12.8713512420654,41.1197853088379,4.08698730517098,0.680000007152557,124.777778625488,0.048764668405056
-4.75,31.25,2.22654414176941,3.44455480575562,2.27234204143327,8.70209693908691,0.240740738809109,0,0.00813644379377365,2.95298709939878,18.163110435009,1.24021565914154,12.4021565914154,41.1197853088379,4.29855222477156,0.680000007152557,103.444442749023,0.0361653454601765
-4.25,31.25,3.17256712913513,3.15740418434143,3.72630166345726,40.5252494812012,6.5864197909832,0,0.116765521466732,3.0620359194756,20.3710225820541,1.24411582946777,12.4411582946777,41.1197853088379,4.09620110397612,0.680000007152557,93.7777786254883,0.032265666872263
-3.75,31.25,3.17256712913513,3.15740418434143,1.30504731703119,2.68786358833313,0,0,0,2.06626824223489,6.89530470967293,1.27478921413422,12.7478921413422,24.2135944366455,3.86879485916782,0.736000001430511,100.333335876465,0.0348868072032928
-3.25,31.25,4.5923171043396,1.69628036022186,0.476182356412878,0.609916567802429,0,0,0,0.908760301291948,1.4812446301803,1.41700303554535,14.1700303554535,24.2135944366455,3.68031176244115,0.736000001430511,102.111114501953,0.0348427332937717
-2.75,31.25,4.5923171043396,1.69628036022186,1.72519405401925,4.61361026763916,2.59567908942699,0,0.0578970648348331,1.64308543867461,4.17110003530979,1.23089349269867,12.3089349269867,24.2135944366455,3.80402696347772,0.736000001430511,79.6666641235352,0.0269782338291407
-2.25,31.25,3.58419370651245,5,2.83657125317917,16.0571804046631,0.401234580203891,0,0.0125735346227884,1.49512917861456,3.45991264097393,1.31864643096924,13.1864643096924,24.2135944366455,3.8117464041519,0.736000001430511,66.4444427490234,0.0224154256284237
-1.75,31.25,5,0,2.54573829099858,11.7526397705078,1.14814816042781,0,0.0301539227366447,0.960363518896221,1.61264604702592,1.48270654678345,14.8270654678345,24.2135944366455,2.85556520934077,0.736000001430511,69.5555572509766,0.0234143417328596
-1.25,31.25,5,1.81416380405426,1.41057230691425,3.09830021858215,0.00617283949395642,0,3.174147568643e-4,0.427044325326647,0.532720598559536,1.55291545391083,15.5291545391083,24.2135944366455,0.957631131428009,0.736000001430511,75.5555572509766,0.025232570245862
-0.75,31.25,3.61087942123413,5,0.648464466672237,0.912601709365845,0,0,0,0.412820329534634,0.511073506262619,1.65881609916687,16.5881609916687,24.2135944366455,1.03558155494376,0.736000001430511,74.5555572509766,0.0245948620140553
-0.25,31.25,3.61087942123413,5,0.408529292908952,0.504603326320648,0,0,0,1.37610701338172,2.9594574701041,1.76140022277832,17.6140022277832,24.2135944366455,3.24613212332488,0.736000001430511,68.7777786254883,0.0227442346513271
0.25,31.25,2.4570631980896,5,0.112640444881668,0.119229435920715,0,0,0,1.73347624938163,4.66029634932056,1.89481627941132,18.9481627941132,24.2135944366455,2.18356430452364,0.730000019073486,62.2222213745117,0.0203272923827171
0.75,31.25,2.4570631980896,5,0.126987949124186,0.135403335094452,0,0,0,1.54782193884541,3.70121947978623,2.0526876449585,20.526876449585,24.2135944366455,1.35842107481089,0.730000019073486,55.3333320617676,0.0180199574679136
1.25,31.25,2.2837176322937,0,1.60027329215478,3.95438623428345,0,0,0,1.14677196054539,2.148014575243,2.05780959129333,20.5780959129333,24.2135944366455,0,0.730000019073486,49,0.0159076619893312
1.75,31.25,NA,5,0.930760353985736,1.53643703460693,0,0,0,0.645943646638037,0.907786456402391,2.00642037391663,20.0642037391663,24.2135944366455,0,0.736000001430511,45.1111106872559,0.014512543566525
2.25,31.25,1.55800914764404,0,1.2091399336284,2.35060167312622,0,0,0,1.30091263843662,2.67264693735342,1.881716132164,18.81716132164,24.2135944366455,0,0.736000001430511,40.5555572509766,0.0130046438425779
2.75,31.25,1.38494443893433,0.230856880545616,1.2502898282044,2.4913547039032,0,0,0,1.49775863571313,3.47165522146679,1.87478506565094,18.7478506565094,24.2135944366455,0.0234497455370518,0.736000001430511,37.6666679382324,0.0118948081508279
3.25,31.25,3.9732723236084,5,1.24622621559167,2.47719597816467,0.0401234574383125,0,0.00170199316926301,1.79353662383591,5.01067240809789,1.87135338783264,18.7135338783264,24.2135944366455,2.60995067453052,0.736000001430511,35.2222213745117,0.01126170437783
3.75,31.25,3.9732723236084,5,1.11527429888322,2.0504047870636,0.18827160820365,0,0.00658593233674765,1.90015295337732,5.68691715062596,1.97465133666992,19.7465133666992,24.2135944366455,3.02943643649219,0.736000001430511,34.2222213745117,0.010840549133718
4.25,31.25,3.9732723236084,5,1.68634360360683,4.39970111846924,0.00617283949395642,0,3.174147568643e-4,1.37657195265383,2.96129880539957,2.00017905235291,20.0017905235291,24.2135944366455,3.18879038785464,0.736000001430511,34,0.0107474783435464
4.75,31.25,3.9732723236084,5,2.25116620687073,8.49880695343018,0,0,0,0.872345266738356,1.39251536562551,1.93455874919891,19.3455874919891,24.2135944366455,3.33190133202792,0.736000001430511,33.4444427490234,0.010731971822679
5.25,31.25,5,5,1.39908261308636,3.05148148536682,0,0,0,0.802840292413435,1.23187110102236,1.92157137393951,19.2157137393951,24.2135944366455,1.42679222550945,0.736000001430511,35.6666679382324,0.0111957732588053
5.75,31.25,NA,5,0.553729654970298,0.739729523658752,0,0,0,0.945229066956165,1.5734027926228,1.92131006717682,19.2131006717682,24.2135944366455,2.67594303748395,0.736000001430511,37.4444427490234,0.0117217507213354
6.25,31.25,NA,5,0.553729654970298,0.739729523658752,0,0,0,1.17710087804688,2.24495303834556,1.95979273319244,19.5979273319244,24.2135944366455,3.25837841908912,0.736000001430511,39.1111106872559,0.0120004424825311
6.75,31.25,5,5,0.277139533085246,0.319350451231003,0,0,0,1.05689927034715,1.87743499436419,2.02089428901672,20.2089428901672,24.2135944366455,2.63287925143699,0.736000001430511,38.7777786254883,0.0119711747393012
7.25,31.25,3.59810519218445,5,0.112649178675421,0.119239211082458,0,0,0,0.774208832174886,1.16887550368915,2.05509209632874,20.5509209632874,24.2135944366455,0.789351322936882,0.736000001430511,38.5555572509766,0.0118138147518039
7.75,31.25,3.59810519218445,5,0.112649178675421,0.119239211082458,0,0,0,0.661781023577048,0.938241315613027,2.02770256996155,20.2770256996155,24.2135944366455,0,0.736000001430511,39.2222213745117,0.0119352107867599
8.25,31.25,3.59810519218445,5,0.112649178675421,0.119239211082458,0,0,0,0.795737261477574,1.21607422082798,2.06962275505066,20.6962275505066,24.2135944366455,2.3371281694751,0.736000001430511,40.2222213745117,0.0122920013964176
8.75,31.25,3.59810519218445,5,0.112649178675421,0.119239211082458,0,0,0,0.799893120078252,1.22530307556326,1.98280799388885,19.8280799388885,24.2135944366455,3.07330579219322,0.736000001430511,41.5555572509766,0.0128998681902885
9.25,31.25,3.59810519218445,5,0.204273476983706,0.226633563637733,0,0,0,1.13172251247385,2.10099340218153,1.8234828710556,18.234828710556,24.2135944366455,3.2705059003072,0.736000001430511,44.5555572509766,0.0142276622354984
9.75,31.25,3.59810519218445,5,0.340900095666468,0.406212747097015,0,0,0,1.54804500558658,3.70226828246723,1.55130314826965,15.5130314826965,36.9086227416992,3.27349114419631,0.730000019073486,48,0.0163818299770355
10.25,31.25,3.12127375602722,5,0.780831386798007,1.18328666687012,0,0,0,1.03455807440277,1.81386244297176,1.41111600399017,14.1111600399017,4.6247615814209,4.48478830391809,0.750999987125397,53.7777786254883,0.0202765259891748
10.75,31.25,3.5651171207428,5,1.01755570545101,1.76642453670502,0,0,0,0.667761005978488,0.949866689692562,1.43924725055695,14.3924725055695,4.6247615814209,4.63214298625041,0.750999987125397,67.5555572509766,0.0278559122234583
11.25,31.25,3.5651171207428,5,1.01755570545101,1.76642453670502,0,0,0,2.18077817489361,7.85319291131512,1.65406334400177,16.5406334400177,4.6247615814209,4.22776821563435,0.750999987125397,89.7777786254883,0.0372654609382153
11.75,31.25,2.47776079177856,5,1.42027676521439,3.13826560974121,0,0,0,2.48153524211561,10.9596112296925,1.72294914722443,17.229491472244302,4.6247615814209,3.99059029753696,0.750999987125397,100.222221374512,0.0418863967061043
12.25,31.25,2.47776079177856,5,1.76362515819089,4.83354663848877,0,0,0,2.44292181170054,10.5066118277894,1.67659640312195,16.7659640312195,4.6247615814209,4.39074146820199,0.750999987125397,98.1111145019531,0.04116515442729
12.75,31.25,2.54762125015259,2.93310070037842,1.76362515819089,4.83354663848877,0,0,0,2.52567168552485,11.4992880354839,1.61479699611664,16.1479699611664,4.6247615814209,4.3353446992796,0.750999987125397,86.6666641235352,0.036415982991457
13.25,31.25,2.54762125015259,2.93310070037842,1.78639035897632,4.96787166595459,0.0432098779128864,0,0.00181751325726509,2.59515247233035,12.3986301260302,1.73540055751801,17.3540055751801,4.6247615814209,4.25051586070538,0.750999987125397,72.5555572509766,0.0309677254408598
13.75,31.25,2.54762125015259,2.93310070037842,2.992526705568,18.9359912872314,0.336419744417071,0,0.0108279921114445,2.31032773764822,9.07772696437314,1.82394230365753,18.2394230365753,4.6247615814209,4.14699144690333,0.750999987125397,66.6666641235352,0.0278618838638067
14.25,31.25,1.83746385574341,5,3.16875773013375,22.7779273986816,0.151234562508762,0,0.00544978817924857,1.94679171698423,6.00617369636893,1.94039535522461,19.4039535522461,4.6247615814209,4.15575861940359,0.750999987125397,92.7777786254883,0.0387836508452892
14.75,31.25,1.83746385574341,5,3.14679640997361,22.2614250183105,0.0401234574383125,0,0.00170199316926301,1.85830303297217,5.41284514591098,2.09921979904175,20.9921979904175,4.6247615814209,4.65015207084196,0.750999987125397,145.66667175293,0.063961498439312
15.25,31.25,1.83746385574341,5,2.36289542412923,9.62166118621826,1.83333326131105,0,0.0439925193786621,2.34261465984544,9.40841548144817,2.41113424301147,24.1113424301147,4.6247615814209,5.15240027815451,0.750999987125397,187.888885498047,0.085063710808754
15.75,31.25,2.04495310783386,5,1.58520240351251,3.88027906417847,0.354405026882887,0,0.0113179488107562,2.89762227932696,17.1309836618602,2.15741968154907,21.5741968154907,4.6247615814209,5.25656462972586,0.750999987125397,156.888885498047,0.0760185644030571
16.25,31.25,NA,NA,1.19181152358553,2.29304122924805,5.57072274386883,0,0.10338769108057,4.08567677088248,58.4821799397469,2.12703895568848,21.2703895568848,4.6247615814209,5.95097620345797,NA,163.16667175293,NA
16.75,31.25,NA,NA,1.19380468275789,2.29961133003235,23.1975167989731,0,0.313464611768723,NA,NA,2.08423185348511,20.8423185348511,NA,6.39849682662638,NA,177.5,NA
17.25,31.25,NA,NA,1.19380468275789,2.29961133003235,13.4018957614899,0,0.215608894824982,NA,NA,2.00722026824951,20.0722026824951,NA,NA,NA,152.33332824707,NA
17.75,31.25,NA,NA,1.19380468275789,2.29961133003235,0,0,0,NA,NA,1.8688417673111,18.688417673111,NA,NA,NA,147,NA
18.25,31.25,NA,NA,NA,NA,NA,NA,NA,NA,NA,NA,NA,NA,NA,NA,NA,NA
18.75,31.25,NA,NA,NA,NA,NA,NA,NA,NA,NA,NA,NA,NA,NA,NA,NA,NA
19.25,31.25,NA,NA,NA,NA,NA,NA,NA,NA,NA,NA,NA,NA,NA,NA,NA,NA
19.75,31.25,NA,NA,4.12820211463542,61.066234588623,1.1121538531690799e-11,0,1.64875990464608e-12,NA,NA,3.27341723442078,32.7341723442078,NA,NA,NA,170,NA
20.25,31.25,1.55398786067963,1.13989353179932,3.78003704886128,42.8176651000977,0.91353477910161,0,0.0250016488134861,3.67295800181972,38.3681849613786,2.36121582984924,23.6121582984924,4.6247615814209,5.25752135931523,0.736000001430511,151.888885498047,0.0705156624317169
20.75,31.25,0.982537448406219,0,4.07947433830745,58.114387512207,1.57898389547879e-14,0,2.81618337929558e-15,0.810059037514996,1.24804070149548,2.49244952201843,24.9244952201843,4.6247615814209,4.84830244467268,0.736000001430511,144.555557250977,0.0653707608580589
21.25,31.25,0.982537448406219,0,3.70504795194748,39.6519966125488,0,0,0,0.356404933278863,0.428185751128183,2.41932010650635,24.1932010650635,4.6247615814209,4.53030903814135,0.736000001430511,112.888885498047,0.0512824915349483
21.75,31.25,1.30826246738434,5,3.11882025738248,21.6196784973145,0,0,0,0.528987551235493,0.697213097155327,2.05687880516052,20.5687880516052,4.6247615814209,4.804278722473,0.736000001430511,80,0.0365143045783043
22.25,31.25,0.786263823509216,0,2.23828193640867,8.37720680236816,0,0,0,0.522176424843596,0.685692443090375,1.83207356929779,18.3207356929779,4.6247615814209,4.67882322286991,0.736000001430511,55.2222213745117,0.025012169033289
22.75,31.25,2.50694274902344,5,2.30431461076729,9.01731014251709,0,0,0,0.670701437834765,0.955608577500243,1.85172355175018,18.5172355175018,4.6247615814209,4.33523097825873,0.736000001430511,44.2222213745117,0.0203540716320276
23.25,31.25,2.50694274902344,5,1.24971522220729,2.4893491268158,0.0154320994624868,0,7.2553299833089e-4,0.679331827965342,0.97255928285449,1.79495489597321,17.9495489597321,4.6247615814209,4.37564540554666,0.736000001430511,45.8888893127441,0.0210999865084887
23.75,31.25,3.23085021972656,5,1.23026410145731,2.42213320732117,0.561728375032544,0,0.0166918467730284,0.668084733310275,0.950498017016798,1.64327573776245,16.4327573776245,4.6247615814209,4.43310834833783,0.736000001430511,53.4444427490234,0.0246246624737978
24.25,31.25,4.43806314468384,5,1.23026410145731,2.42213320732117,0.00617283949395642,0,3.174147568643e-4,0.624997952148653,0.86824213154614,1.87086081504822,18.7086081504822,4.6247615814209,4.42233464214495,0.736000001430511,66.6666641235352,0.0308025740087032
24.75,31.25,4.43806314468384,5,1.35342603788548,2.87066388130188,0.0154320994624868,0,7.2553299833089e-4,1.12850099468202,2.09101957082748,1.97493517398834,19.7493517398834,4.6247615814209,4.37665822754811,0.736000001430511,82,0.0387219116091728
25.25,31.25,5,5,1.7041588947588,4.49676036834717,2.18538753688335,0,0.0505755618214607,1.54690335805435,3.69690301269293,2.02109813690186,20.2109813690186,27.517972946167,4.61009980315461,0.735000014305115,99.3333358764648,0.0469742640852928
25.75,31.25,1.78397881984711,4.92334032058716,1.17347120167811,2.23319625854492,22.314815223217,0,0.25529146194458,2.152247848182,7.60417756065726,2.00977349281311,20.0977349281311,27.517972946167,4.82311610994304,0.735000014305115,119,0.0572337545454502
26.25,31.25,2.35929656028748,5,2.70153104216492,13.902530670166,28.2556354999542,0,0.286303550004959,2.30947422467912,9.06912916339934,2.06857180595398,20.6857180595398,27.517972946167,4.69692889521564,0.735000014305115,133.222229003906,0.0649437382817268
26.75,31.25,2.35929656028748,5,3.48089447673392,31.48876953125,32.7445864677429,0,0.311859011650085,2.29954273912082,8.9696226939559,2.14161777496338,21.4161777496338,27.517972946167,4.66785932561093,0.735000014305115,141.66667175293,0.0691555365920067
27.25,31.25,2.35929656028748,5,4.16401235645083,63.3291168212891,19.8681265115738,0,0.285655528306961,2.1703043634620802,7.76095014810562,2.07800793647766,20.7800793647766,27.517972946167,4.93997673820564,0.735000014305115,137.444442749023,0.067253902554512
27.75,31.25,NA,NA,4.31602728956537,73.8905181884766,22.6117447018623,0,0.498977154493332,NA,NA,2.03584456443787,20.3584456443787,NA,5.00192221328057,NA,126.5,NA
28.25,31.25,NA,NA,3.08626703246584,20.895191192627,16.4818063378334,0,0.480730056762695,NA,NA,1.96837937831879,19.6837937831879,NA,NA,NA,123,NA
28.75,31.25,NA,NA,3.08626703246584,20.895191192627,18.7683284282684,0,0.50288051366806,NA,NA,2.12733507156372,21.2733507156372,NA,NA,NA,129,NA
29.25,31.25,NA,NA,NA,NA,NA,NA,NA,NA,NA,NA,NA,NA,NA,NA,NA,NA
29.75,31.25,NA,NA,8.80477745635064,6665.0146484375,46.5755730867386,40.030363202095,0.42448103427887,NA,NA,6.81253099441528,68.1253099441528,NA,NA,NA,146.5,NA
30.25,31.25,0.938940405845642,5,7.78960346561782,2414.35961914062,91.0133242607117,88.3163928985596,0.206258594989777,5.4023080097275,220.918014526367,7.69885349273682,76.9885349273682,27.517972946167,6.87653598939715,0.714999973773956,153.125,0.069684311747551
30.75,31.25,0.938940405845642,5,7.08683642284737,1195.11779785156,84.3968749046326,77.9063820838928,0.319342225790024,5.28392080893597,196.141315460205,6.22703647613525,62.2703647613525,27.517972946167,5.09608095387047,0.73199999332428,116.555557250977,0.0586674958467484
31.25,31.25,0.938940405845642,5,7.22529390757318,1372.74230957031,90.4983580112457,82.062178850174,0.287790447473526,5.0766894731232,159.24268913269,6.03111982345581,60.3111982345581,27.517972946167,5.09265152634566,0.73199999332428,90.3333358764648,0.0452373363077641
31.75,31.25,0.938940405845642,5,7.236395323037,1388.07775878906,84.8137140274048,80.3762078285217,0.289293199777603,5.03104286654605,152.092584609985,6.63671922683716,66.3671922683716,27.517972946167,5.32777616687094,0.754000008106232,79.4444427490234,0.0384471118450165
32.25,31.25,0.938940405845642,5,6.72570612160753,832.560363769531,62.8599226474762,12.4982610344887,0.474432110786438,4.34703612592867,76.2491664886475,4.36069488525391,43.6069488525391,27.517972946167,5.77062756061645,0.795000016689301,70.1428604125977,0.0325035266578197
32.75,31.25,NA,NA,4.15490030768147,62.7456092834473,14.7890478372574,0,0.20151199400425,NA,NA,1.50601959228516,15.0601959228516,NA,NA,NA,89.25,NA
33.25,31.25,NA,NA,3.88400960420324,47.618766784668,0.397936627268791,0,0.0124860126525164,NA,NA,1.8307341337204,18.307341337204,NA,3.84160050838742,NA,123.666664123535,NA
33.75,31.25,NA,NA,5.51162005245306,246.551849365234,4.00569103658199,0,0.0808510184288025,NA,NA,2.36847591400146,23.6847591400146,NA,4.54440335168262,NA,156.25,NA
34.25,31.25,3.38183903694153,5,6.77185186495843,871.926940917969,33.6499035358429,0.423052022233605,0.330254167318344,3.92741043897988,49.7753214836121,2.61417388916016,26.1417388916016,NA,6.80365156869958,0.735000014305115,211.375,0.0970196127891541
34.75,31.25,2.21798205375671,5,5.11168118677159,164.949111938477,40.0839596986771,0.191375741269439,0.35410413146019,4.19077017873872,65.0736598968506,2.73655390739441,27.3655390739441,67.1878051757812,6.79303194973622,0.915000021457672,239.555557250977,0.119482755661011
35.25,31.25,2.67432832717896,0.788953542709351,5.34619878401761,208.80924987793,12.4691806733608,0,0.234588474035263,4.26863999957533,70.4244322776794,2.48154449462891,24.8154449462891,67.1878051757812,6.67573786113389,0.915000021457672,183.66667175293,0.0922017693519592
35.75,31.25,2.65802192687988,4.78755044937134,4.49658861372684,88.7105712890625,23.7146094441414,0,0.286949187517166,4.31593012314127,73.8832416981459,2.7561206817627,27.561206817627,51.1446304321289,5.32638428761102,0.745999991893768,255.555557250977,0.109543189406395
36.25,31.25,2.65802192687988,4.78755044937134,1.45459140436999,3.28273320198059,0.172839511651546,0,0.00770227191969752,3.21342224681455,23.8640316426754,2.58237481117249,25.8237481117249,51.1446304321289,4.37659379358843,0.705999970436096,186.66667175293,0.0835297852754593
36.75,31.25,3.49951720237732,5,1.13976328484752,2.12602829933167,0,0,0,2.55885958062058,11.9210734674707,2.04377198219299,20.4377198219299,51.1446304321289,4.54290893643461,0.705999970436096,79.6666641235352,0.0349333919584751
37.25,31.25,4.7460789680481,5,2.46502131643505,10.7637329101562,0.45370371080935,0,0.0139490468427539,3.11446384117311,21.5213520941325,1.93435442447662,19.3435442447662,54.2534599304199,4.55031912725623,0.705999970436096,47,0.0198392774909735
37.75,31.25,3.49951720237732,5,3.03127795211431,19.7236995697021,1.22839510440826,0,0.0318599790334702,2.99107659958793,18.9071029376937,1.88973033428192,18.8973033428192,54.2534599304199,3.72442835396659,0.888999998569489,52.1111106872559,0.0211511701345444
38.25,31.25,4.28968334197998,5,2.09778838719216,7.1481294631958,0,0,0,1.19949969959864,2.31845628235169,1.83545696735382,18.3545696735382,54.2534599304199,2.71064457805367,0.888999998569489,71.2222213745117,0.0271087866276503
38.75,31.25,2.51449131965637,5,1.41716074694865,3.12539076805115,0,0,0,0.75577770132351,1.12926681323006,1.83384776115417,18.3384776115417,54.2534599304199,2.07278850208427,0.888999998569489,85.6666641235352,0.0322329811751842
39.25,31.25,3.31517863273621,5,1.51948590482361,3.56987524032593,0.910493824630976,0,0.0959099382162094,0.733449024168221,1.08224996738136,1.85027098655701,18.5027098655701,54.2534599304199,2.80835163071282,0.888999998569489,91.1111145019531,0.0338806174695492
39.75,31.25,2.45145392417908,5,1.9311553686434,5.89747476577759,0.0555555569007993,0,0.00226964359171689,0.419992118842481,0.521949560847143,1.97193610668182,19.719361066818198,54.2534599304199,3.3307074156838,0.888999998569489,91.3333358764648,0.0331614874303341
-9.75,30.75,3.75702953338623,5,4.27728274421874,71.0444107055664,23.7400069832802,0,0.636344373226166,4.47715668385636,86.9841499328613,2.94123911857605,29.4123911857605,41.1197853088379,5.17390900967557,0.680999994277954,258.75,0.153724014759064
-9.25,30.75,4.06053876876831,5,3.54371019064149,33.5950355529785,14.5532071590424,0,0.73563677072525,4.57236996869681,95.7731876373291,2.95774912834167,29.5774912834167,41.1197853088379,4.91889707602966,0.680999994277954,328,0.171864196658134
-8.75,30.75,4.06053876876831,5,4.32729329910368,74.7390060424805,20.5353006720543,0.169789767824113,0.5888751745224,4.42830976423235,82.7896728515625,3.60651111602783,36.0651111602783,41.1197853088379,4.55323501340602,0.680999994277954,397.333343505859,0.203515246510506
-8.25,30.75,4.06053876876831,5,4.04449378865566,56.0822830200195,15.616700053215,0.0957321957685053,0.644221484661102,4.41229267769198,81.458297252655,3.4199550151825,34.199550151825,41.1197853088379,4.68800812604783,0.680999994277954,387.666656494141,0.202173516154289
-7.75,30.75,4.06053876876831,5,3.33111898042682,26.9696216583252,5.84259256720543,0,0.444648146629333,4.23096146013587,67.783332824707,3.55596160888672,35.5596160888672,41.1197853088379,4.58476668087433,0.680999994277954,442.888885498047,0.220763981342316
-7.25,30.75,1.81579446792603,1.58484959602356,2.75874916073524,14.7800922393799,1.17592588067055,0,0.0342561416327953,3.51152431543351,32.4992923736572,2.19491147994995,21.9491147994995,41.1197853088379,4.56163185845328,0.680999994277954,328.111114501953,0.141150146722794
-6.75,30.75,1.85210072994232,4.06044578552246,3.93330695629922,50.0756034851074,1.103400811553,0.0062515631725546,0.0303671564906836,3.26265713867311,25.1188464164734,1.41471934318542,14.1471934318542,41.1197853088379,4.72186036666644,0.680999994277954,178.777770996094,0.0711415484547615
-6.25,30.75,1.85210072994232,4.06044578552246,3.33408474956058,27.0526962280273,1.22839510440826,0.0617283978499472,0.035741463303566,3.31227930599311,26.4476157426834,1.38325488567352,13.8325488567352,41.1197853088379,4.44160000185241,0.680999994277954,132.111114501953,0.0509552955627441
-5.75,30.75,2.22654414176941,3.44455480575562,2.98582715537806,18.8028755187988,0.657407427206635,0,0.0190361943095922,3.1115724521346,21.4563281536102,1.30007994174957,13.0007994174957,41.1197853088379,4.05000192871734,0.680999994277954,102.555557250977,0.038733247667551
-5.25,30.75,2.22654414176941,3.44455480575562,2.44785881632699,10.5635604858398,0.694444449618459,0,0.0199249982833862,2.76170361276929,14.8267827033997,1.2212860584259,12.212860584259,41.1197853088379,3.94406959676138,0.680000007152557,90.4444427490234,0.0307295098900795
-4.75,30.75,2.22654414176941,3.44455480575562,0.85638278976974,1.3546280860900899,0.231481483206153,0,0.00786721520125866,2.32262731569721,9.20244416594505,1.30225563049316,13.0225563049316,41.1197853088379,3.62007259993599,0.680000007152557,77.3333358764648,0.0253033209592104
-4.25,30.75,3.17256712913513,3.15740418434143,0.759639676884119,1.1375058889389,0.070987653452903,0,0.00281639420427382,1.93278418794717,5.90871866047382,1.27151775360107,12.7151775360107,41.1197853088379,3.36825325514623,0.680000007152557,69.7777786254883,0.0228479690849781
-3.75,30.75,5,5,0.711439248861589,1.03692078590393,0,0,0,1.35232610763109,2.86640876159072,1.34530544281006,13.4530544281006,24.2135944366455,4.19127848407866,0.680000007152557,67.7777786254883,0.0222464725375175
-3.25,30.75,2.43968653678894,5,0.608507140263985,0.837685942649841,0,0,0,0.802826892753548,1.23184119490907,1.49989068508148,14.9989068508148,24.2135944366455,4.14156886969116,0.736000001430511,64.5555572509766,0.0211470667272806
-2.75,30.75,4.5923171043396,1.69628036022186,1.14867142685741,2.15399980545044,1.20061729103327,0,0.0312723964452744,1.2113145946147,2.35789602436125,1.44601655006409,14.4601655006409,24.2135944366455,3.7774284257502,0.736000001430511,57.3333320617676,0.018435925245285
-2.25,30.75,5,0,1.06111215689418,1.88958287239075,0.148148147854954,0,0.00535326870158315,1.0658865172656,1.903411768144,1.4021692276001,14.021692276001,24.2135944366455,3.14707646979805,0.736000001430511,52,0.016853291541338
-1.75,30.75,5,0,0.744971506677566,1.1063814163208,1.03620816072844e-14,0,1.8874627863663102e-15,0.493749073892448,0.638447379984427,1.5102527141571,15.102527141571,24.2135944366455,1.7109019918536,0.736000001430511,55.1111106872559,0.0177411958575249
-1.25,30.75,5,1.81416380405426,0.526460992070599,0.692930400371552,0,0,0,0.201099057384243,0.222745887833753,1.80826699733734,18.0826699733734,24.2135944366455,0.0385972984361459,0.736000001430511,57.2222213745117,0.0182260777801275
-0.75,30.75,5,1.81416380405426,0.631949452352088,0.881274461746216,0,0,0,0.181372725794043,0.198861942797464,1.92624282836914,19.2624282836914,24.2135944366455,0,0.736000001430511,55.3333320617676,0.0176295526325703
-0.25,30.75,3.61087942123413,5,0.577011448103513,0.780708730220795,0,0,0,0.310538796263926,0.364159920427483,1.89168858528137,18.9168858528137,24.2135944366455,1.54019698674239,0.736000001430511,52.2222213745117,0.0164486467838287
0.25,30.75,4.80449724197388,0,0.419044758239326,0.520508408546448,0,0,0,0.834036278521097,1.30259391944855,1.97587645053864,19.7587645053864,24.2135944366455,1.60874320554393,0.736000001430511,48.1111106872559,0.0150488028302789
0.75,30.75,3.65406274795532,5,0.563531663255018,0.756866216659546,0,0,0,0.598522669608134,0.819428916322067,1.95471608638763,19.5471608638763,24.2135944366455,0,0.736000001430511,43.7777786254883,0.0135665526613593
1.25,30.75,3.65406274795532,5,0.680907028183951,0.975668907165527,0,0,0,0.114196946311103,0.120972874618019,1.97176551818848,19.7176551818848,24.2135944366455,0,0.736000001430511,39.6666679382324,0.0122651532292366
1.75,30.75,NA,5,0.681967853177386,0.97776585817337,0,0,0,0.327970854580383,0.388148513528904,1.91149199008942,19.1149199008942,24.2135944366455,0,0.736000001430511,36.3333320617676,0.0113564599305391
2.25,30.75,1.55800914764404,0,1.17319065220641,2.23228931427002,0,0,0,1.29936245555224,2.66695807345968,1.90640115737915,19.0640115737915,24.2135944366455,0,0.736000001430511,33.7777786254883,0.0104813557118177
2.75,30.75,1.38494443893433,0.230856880545616,1.18859436823295,2.28246402740479,1.44462278112769,0.00617360201431438,0.0365257151424885,1.92709664707461,5.86953657120466,1.88325107097626,18.8325107097626,24.2135944366455,2.35052985364014,0.736000001430511,31.1111106872559,0.00976973865181208
3.25,30.75,5,5,1.1701255941671,2.2223973274231,0.524691352620721,0,0.0157638601958752,1.97455620623486,6.20342211052775,1.87951624393463,18.7951624393463,24.2135944366455,3.58925196374246,0.736000001430511,29.4444446563721,0.009264150634408
3.75,30.75,5,5,1.15799029853849,2.18352890014648,0,0,0,1.66014945665136,4.26009694217646,1.93240094184875,19.3240094184875,24.2135944366455,3.0061619138739,0.736000001430511,28.3333339691162,0.00883019808679819
4.25,30.75,3.9732723236084,5,0.70763314634224,1.0291827917099,0,0,0,1.04363004127514,1.83950585204457,1.96107268333435,19.6107268333435,24.2135944366455,3.22317982754441,0.736000001430511,28.5555553436279,0.00872277934104204
4.75,30.75,4.68848085403442,5,0.553729689231166,0.739729583263397,0,0,0,0.668331418007534,0.95097923438167,1.86003172397614,18.6003172397614,24.2135944366455,1.67538604312839,0.736000001430511,30.4444446563721,0.00917162280529737
5.25,30.75,3.83133602142334,5,0.553729689231166,0.739729583263397,0,0,0,0.620849880927391,0.860508580874352,1.86403167247772,18.6403167247772,24.2135944366455,0.172337465796824,0.736000001430511,31.4444446563721,0.00965836457908154
5.75,30.75,NA,5,0.553729689231166,0.739729583263397,0.00925925924093463,0,4.5806702109985e-4,0.698074988338827,1.00987993878425,1.96107065677643,19.6107065677643,24.2135944366455,1.15462689775332,0.736000001430511,33.2222213745117,0.0100832581520081
6.25,30.75,NA,5,0.553729689231166,0.739729583263397,0.293209869414568,0,0.00963138602674007,0.938130704350277,1.55520052604334,1.97405648231506,19.7405648231506,24.2135944366455,2.7917661047445,0.736000001430511,33.5555572509766,0.0101654529571533
6.75,30.75,NA,5,0.406781702349158,0.501976191997528,0,0,0,0.953758765470209,1.59544702427047,1.97458481788635,19.7458481788635,24.2135944366455,2.36696082059659,0.736000001430511,33.3333320617676,0.0100389672443271
7.25,30.75,3.59810519218445,5,0.112649185332247,0.119239218533039,0,0,0,0.733685910381799,1.08274328211928,2.02754998207092,20.2754998207092,24.2135944366455,0,0.736000001430511,33.6666679382324,0.0100262276828289
7.75,30.75,3.59810519218445,5,0.112649185332247,0.119239218533039,0,0,0,0.74589213303124,1.10832149947237,2.07274675369263,20.7274675369263,24.2135944366455,0,0.736000001430511,33.3333320617676,0.00996085349470377
8.25,30.75,3.59810519218445,5,0.112649185332247,0.119239218533039,0,0,0,0.837546251189957,1.31069016165566,2.00837516784668,20.0837516784668,24.2135944366455,0.17071250388891,0.736000001430511,33,0.0100440699607134
8.75,30.75,3.59810519218445,5,0.112649185332247,0.119239218533039,0,0,0,0.784257266162254,1.19077917048708,1.78243279457092,17.8243279457092,24.2135944366455,2.62433027080532,0.736000001430511,34.3333320617676,0.0104662394151092
9.25,30.75,3.59810519218445,5,0.150027751718506,0.16186648607254,0,0,0,1.0268318071729,1.79220556095243,1.79423046112061,17.9423046112061,24.2135944366455,3.08030533780294,0.736000001430511,35,0.0112016638740897
9.75,30.75,3.59810519218445,5,0.324404948292971,0.383207321166992,0,0,0,1.49763829207904,3.47111711860634,1.74942517280579,17.4942517280579,36.9086227416992,2.94427654017984,0.730000019073486,36.3333320617676,0.0123553238809109
10.25,30.75,3.5651171207428,5,0.788378213101155,1.19982588291168,0.0339506164891645,0,0.00146742770448327,1.0026695631727,1.72554814815571,1.43538689613342,14.3538689613342,4.6247615814209,4.46908478829469,0.750999987125397,37.6666679382324,0.0141513664275408
10.75,30.75,3.5651171207428,5,1.01755574854248,1.76642465591431,0.0123456789879128,0,5.9367541689425e-4,0.223142371141694,0.249998524785226,1.56640470027924,15.6640470027924,4.6247615814209,4.76351671921561,0.750999987125397,47.2222213745117,0.0186012778431177
11.25,30.75,2.47776079177856,5,1.01755574854248,1.76642465591431,0,0,0,0.909213000467272,1.48236814186538,1.72772002220154,17.2772002220154,4.6247615814209,4.86993833933446,0.750999987125397,59.3333320617676,0.0234928093850613
11.75,30.75,2.47776079177856,5,1.14423968953191,2.14005303382874,0,0,0,2.05310491810223,6.79205728514007,1.7486013174057,17.486013174057,4.6247615814209,4.93449753457626,0.750999987125397,65,0.0259458962827921
12.25,30.75,2.47776079177856,5,1.76362515819089,4.83354663848877,0,0,0,2.286546053957,8.84088901422297,1.81691253185272,18.1691253185272,4.6247615814209,4.98580147687552,0.750999987125397,66.6666641235352,0.0261660628020763
12.75,30.75,1.83746385574341,5,1.76362515819089,4.83354663848877,0,0,0,1.96079015179938,6.10493882799181,1.98491299152374,19.8491299152374,4.6247615814209,4.78054898106031,0.750999987125397,64.2222213745117,0.0249661933630705
13.25,30.75,1.83746385574341,5,1.76362515819089,4.83354663848877,0.0123456789879128,0,5.9367541689425e-4,2.05558105418441,6.81137538659186,1.86156952381134,18.6156952381134,4.6247615814209,3.95738285722765,0.750999987125397,52.8888893127441,0.020643861964345
13.75,30.75,1.83746385574341,5,2.46225043323907,10.7311820983887,0.0524691364262253,0,0.00215797848068178,2.11236252293674,7.26775098082726,1.8231612443924,18.231612443924,4.6247615814209,4.3300299840512,0.750999987125397,50,0.0194796100258827
14.25,30.75,1.83746385574341,5,3.1030147977048,21.2649745941162,0.0277777784503996,0,0.00122743297833949,1.42885629841941,3.17392273899168,1.89361000061035,18.9361000061035,4.6247615814209,4.50103276170283,0.750999987125397,72.2222213745117,0.0287488307803869
14.75,30.75,1.83746385574341,5,2.24652190706103,8.45479393005371,0,0,0,1.04742534912657,1.85030312743038,2.05213975906372,20.5213975906372,4.6247615814209,4.53803984870848,0.750999987125397,106.888885498047,0.0449377149343491
15.25,30.75,1.70079493522644,5,1.19380468275789,2.29961133003235,0.0401234574383125,0,0.00170199316926301,1.18192001905608,2.26062866579741,2.17637658119202,21.7637658119202,4.6247615814209,4.84578671766426,0.750999987125397,133.33332824707,0.0588270872831345
15.75,30.75,1.70079493522644,5,1.19380468275789,2.29961133003235,0,0,0,1.19165070185213,2.29251167923212,2.11588716506958,21.1588716506958,4.6247615814209,4.83860931041667,0.750999987125397,131.222229003906,0.0602682642638683
16.25,30.75,1.41746580600739,5,1.19380468275789,2.29961133003235,0,0,0,2.24397060300196,8.43070262111723,2.1845600605011,21.845600605011,4.6247615814209,5.15004378930731,0.750999987125397,131.222229003906,0.0618537105619907
16.75,30.75,1.28869187831879,5,1.19380468275789,2.29961133003235,0.070987653452903,0,0.00281639420427382,2.78128838827192,15.139801889657999,2.16501259803772,21.6501259803772,4.6247615814209,5.34283985442221,0.750999987125397,134.33332824707,0.0636674240231514
17.25,30.75,1.38408863544464,5,1.19380468275789,2.29961133003235,0.0648148125037551,0,0.00259985541924834,2.59281277254565,12.3673179987818,2.12320852279663,21.2320852279663,4.6247615814209,5.26340022154374,0.750999987125397,126.333335876465,0.0600893646478653
17.75,30.75,1.38408863544464,5,1.19314150892686,2.29742383956909,0.602798722684383,0,0.0177071038633585,2.73088945694869,14.3465310297906,1.98456990718842,19.8456990718842,4.6247615814209,5.09255462022803,0.750999987125397,115.666664123535,0.0540656186640263
18.25,30.75,NA,NA,1.19380475501446,2.29961156845093,0.0804328767117113,0,0.00314279180020094,NA,NA,1.84886717796326,18.4886717796326,NA,5.95915818639819,NA,105.199996948242,NA
18.75,30.75,NA,NA,1.19380468275789,2.29961133003235,0,0,0,NA,NA,1.81138336658478,18.1138336658478,NA,NA,NA,99,NA
19.25,30.75,NA,NA,NA,NA,NA,NA,NA,NA,NA,NA,NA,NA,NA,NA,NA,NA
19.75,30.75,NA,NA,0.747196470082631,1.11107325553894,2.70209405571222,0,0.0597415342926979,NA,NA,2.29675197601318,22.9675197601318,NA,NA,NA,121,NA
20.25,30.75,1.79576480388641,5,0.747196470082631,1.11107325553894,0.122447626199573,0,0.00453686062246561,2.87202815965445,16.6728251874447,2.15687608718872,21.5687608718872,4.6247615814209,5.74521580570969,0.736000001430511,124.888885498047,0.0535949394106865
20.75,30.75,0.982537448406219,0,0.747196470082631,1.11107325553894,0,0,0,0.482665891579495,0.620388429142622,2.22231578826904,22.2231578826904,4.6247615814209,4.58947081095524,0.736000001430511,104,0.0455082692205906
21.25,30.75,1.30826246738434,5,0.747196470082631,1.11107325553894,0,0,0,0.130733739595117,0.13966429343418,2.22868824005127,22.2868824005127,4.6247615814209,4.53491990852251,0.736000001430511,80.3333358764648,0.0350437313318253
21.75,30.75,1.30826246738434,5,0.747196470082631,1.11107325553894,0,0,0,0.0515958159133588,0.0529500708316419,2.02066135406494,20.2066135406494,4.6247615814209,4.50094927613106,0.736000001430511,57.3333320617676,0.0250784903764725
22.25,30.75,1.30826246738434,5,0.778785367220806,1.17882418632507,0,0,0,0.0596103511089989,0.0614228837094402,1.88550519943237,18.8550519943237,4.6247615814209,4.53293545821605,0.736000001430511,40.8888893127441,0.0176590885967016
22.75,30.75,1.30826246738434,5,1.60296170862639,3.96772360801697,0,0,0,0.256281846797794,0.292116855621316,1.86776185035706,18.6776185035706,4.6247615814209,4.28928288190584,0.736000001430511,32.7777786254883,0.0141267813742161
23.25,30.75,3.94680547714233,5,1.20531170080914,2.3377993106842,0,0,0,0.563048949336503,0.756018357536959,1.87102794647217,18.7102794647217,4.6247615814209,4.57143820295948,0.736000001430511,30.7777786254883,0.0134809520095587
23.75,30.75,3.23085021972656,5,1.23026410145731,2.42213320732117,0,0,0,0.617230767281669,0.853787358651061,1.83560121059418,18.3560121059418,4.6247615814209,4.5414378990012,0.736000001430511,34.2222213745117,0.0150458533316851
24.25,30.75,3.23085021972656,5,1.23026410145731,2.42213320732117,0,0,0,0.50394426208568,0.655237101122111,1.88295459747314,18.8295459747314,4.6247615814209,4.26780175017083,0.736000001430511,43,0.0188876669853926
24.75,30.75,4.43806314468384,5,1.19463998096836,2.30236864089966,0.0216049389564432,0,9.8078430164605e-4,0.639882385704151,0.896257839158352,1.74854052066803,17.4854052066803,4.6247615814209,4.54092589239468,0.736000001430511,56,0.0252312831580639
25.25,30.75,5,5,0.00967832163007767,0.0097253080457449,0.00617283949395642,0,3.174147568643e-4,1.00642540085041,1.73580411239527,1.78259432315826,17.8259432315826,27.517972946167,4.37174783400974,0.735000014305115,76.6666641235352,0.0346089638769627
25.75,30.75,5,5,0,0,0.148148147854954,0,0.00535326870158315,1.0879527376538,1.96819118200801,2.01839971542358,20.1839971542358,27.517972946167,4.17582256092448,0.735000014305115,95.6666641235352,0.0441420190036297
26.25,30.75,2.6923840045929,5,1.11022302462516e-15,1.0713249423466302e-15,0.0123456789879128,0,5.9367541689425e-4,1.14120333024797,2.13053316483274,2.1276798248291,21.276798248291,27.517972946167,4.2266225502377,0.735000014305115,107.333335876465,0.0509244650602341
26.75,30.75,2.6923840045929,5,0,0,0.0308641989249736,0,0.00180622725747526,1.31273092626267,2.71630883216858,2.18654704093933,21.8654704093933,27.517972946167,4.14056249490876,0.735000014305115,112.555557250977,0.0541327260434628
27.25,30.75,2.75131916999817,5,0,0,0.00925925924093463,0,0.00131246028468013,1.46077219028588,3.309285832569,2.14900970458984,21.4900970458984,27.517972946167,4.08613517085435,0.735000014305115,109.333335876465,0.0536639727652073
27.75,30.75,2.75131916999817,5,1.09236048541376,1.98130309581757,0.0370370369637385,0,0.00328725157305598,1.53958520887444,3.66265584155917,2.06023216247559,20.6023216247559,27.517972946167,3.58530717337483,0.735000014305115,102.333335876465,0.0504021197557449
28.25,30.75,2.68981838226318,5,1.95803829526106,6.08541393280029,3.31810601055622,0.376566452905536,0.0882688909769058,1.70136077486346,4.48140127211809,1.98033022880554,19.8033022880554,27.517972946167,3.74824703906272,0.735000014305115,102.222221374512,0.0488948784768581
28.75,30.75,2.68981838226318,5,1.76423197916799,4.83708763122559,1.98655053973198,0.0548960408195853,0.0916324853897095,1.76958172847022,4.86839826405048,1.95046103000641,19.5046103000641,27.517972946167,4.65113923879684,0.735000014305115,99.5555572509766,0.0470112562179565
29.25,30.75,0.938940405845642,5,4.09845850452349,59.2473449707031,20.7046359777451,5.10447882115841,0.300875127315521,2.94559377013719,18.021953701973,2.08696055412292,20.8696055412292,27.517972946167,5.12607617933625,0.735000014305115,92.125,0.0437811613082886
29.75,30.75,0.938940405845642,5,5.48670436126026,240.46012878418,50.7508337497711,40.9394919872284,0.459253221750259,4.70105802151576,109.06356048584,2.56114435195923,25.6114435195923,27.517972946167,5.52037756757831,0.77700001001358,95.2222213745117,0.0447436086833477
30.25,30.75,0.938940405845642,5,6.09536023004605,442.793884277344,95.4096138477325,74.8301029205322,0.33189782500267,5.20580133702365,181.326919555664,4.43961620330811,44.3961620330811,27.517972946167,4.96258284907813,0.714999973773956,78.6666641235352,0.0372600890696049
30.75,30.75,0.938940405845642,5,7.37046583779637,1587.37353515625,93.9089298248291,92.1784043312073,0.152441650629044,5.63359791765988,278.666526794434,5.71297693252563,57.1297693252563,27.517972946167,5.23214893710213,0.714999973773956,50.4444427490234,0.0264101009815931
31.25,30.75,0.938940405845642,5,7.9162618306482,2740.50366210938,87.7165257930756,87.6607477664948,0.182975620031357,5.60578725618518,270.995971679688,6.43136405944824,64.3136405944824,27.517972946167,5.36841224087693,0.745000004768372,41,0.0211088564246893
31.75,30.75,0.938940405845642,5,7.30291420516923,1483.6201171875,93.4837162494659,87.2401058673859,0.229212149977684,5.34267899371179,208.072063446045,5.76157331466675,57.6157331466675,27.517972946167,5.19288606455788,0.726999998092651,46.4444427490234,0.0224001854658127
32.25,30.75,0.938940405845642,5,5.94349094780464,380.263580322266,64.4193112850189,23.4602510929108,0.523772180080414,4.30425349057121,73.0139427185059,2.83787870407104,28.3787870407104,27.517972946167,5.259387577869,0.741999983787537,46.1111106872559,0.0216030813753605
32.75,30.75,2.67229390144348,5,2.86592981631931,16.5653781890869,1.90752521157265,0,0.0454054623842239,2.48590196909362,11.0119497776031,1.28122675418854,12.8122675418854,27.517972946167,4.59596897251719,0.735000014305115,62.1111106872559,0.028109110891819
33.25,30.75,2.67229390144348,5,1.68503021872192,4.39261388778687,1.30555555224419,0,0.0334763079881668,1.90750711625126,5.73627509921789,1.55298054218292,15.5298054218292,27.517972946167,4.24127603502171,0.735000014305115,92.3333358764648,0.0421212613582611
33.75,30.75,2.40298080444336,5,2.59431643498175,12.387433052063,0,0,0,1.98033518816801,6.24517107382417,1.69811022281647,16.9811022281647,27.517972946167,4.51853590741029,0.735000014305115,106.333335876465,0.0501029044389725
34.25,30.75,2.40298080444336,5,2.44960990275716,10.5838270187378,0.074074073927477,0,0.00292368000373244,2.40470345200898,10.075145483017,1.83240950107574,18.3240950107574,27.517972946167,5.33142265198776,0.735000014305115,119,0.0573845393955708
34.75,30.75,2.67432832717896,0.788953542709351,2.58812422978599,12.3047914505005,0.361111108213663,0,0.0114994971081614,2.62791883752386,12.8449263572693,2.37646245956421,23.7646245956421,67.1878051757812,5.96446262949914,0.915000021457672,159.111114501953,0.0685688853263855
35.25,30.75,2.67432832717896,0.788953542709351,3.36271825544446,27.8675537109375,2.04119682312012,0,0.0508745424449444,3.00175261968688,19.1207700967789,1.91003453731537,19.1003453731537,67.1878051757812,5.71262066258093,0.915000021457672,80.7777786254883,0.0481156073510647
35.75,30.75,2.67432832717896,0.788953542709351,3.78831693031784,43.1819763183594,6.19444437325001,0,0.116155542433262,3.69911250390055,39.4114234596491,2.56345558166504,25.6345558166504,51.1446304321289,4.8737782977916,0.730000019073486,227.111114501953,0.092361718416214
36.25,30.75,2.67432832717896,0.788953542709351,0.74084065390278,1.09769821166992,0.0370370369637385,0,0.00751298293471336,2.01423867502745,6.49501906335354,2.19154763221741,21.9154763221741,51.1446304321289,4.24769579799763,0.705999970436096,121.888885498047,0.0543687827885151
36.75,30.75,4.7460789680481,5,0.274986983502259,0.316513538360596,0.0185185184818693,0,8.5440155817195e-4,1.44684032976183,3.24966573715398,1.87984001636505,18.7984001636505,51.1446304321289,4.3032801948144,0.705999970436096,60.2222213745117,0.0262342430651188
37.25,30.75,4.7460789680481,5,0.275298243314821,0.316923379898071,0.26234567631036,0,0.011137817054987,1.57140704565517,3.81341612751144,1.72338116168976,17.2338116168976,51.1446304321289,4.11912183889938,0.705999970436096,41.2222213745117,0.0168589111417532
37.75,30.75,2.51449131965637,5,2.42817306370241,10.3381490707397,0.592592591419816,0,0.0174561105668545,2.95432072847271,18.1886839652434,1.74897754192352,17.4897754192352,54.2534599304199,4.29592239726726,0.705999970436096,39.7777786254883,0.015598950907588
38.25,30.75,2.51449131965637,5,2.65875060696343,13.2784385681152,10.0308641791344,0,0.319368690252304,3.41393382438597,29.3845368996263,1.9426097869873,19.426097869873,54.2534599304199,2.96401340326607,0.888999998569489,46.6666679382324,0.0179799925535917
38.75,30.75,2.51449131965637,5,2.35822041045896,9.57212066650391,0.0432098779128864,0,0.00181751325726509,2.58580986970383,12.2740349767719,1.71186971664429,17.1186971664429,54.2534599304199,1.47912002901933,0.888999998569489,61.6666679382324,0.022817250341177
39.25,30.75,4.58285617828369,5,1.99818098575197,6.3756275177002,0.141975306905806,0,0.02404192276299,2.42583855377013,10.3117109211889,1.65743565559387,16.5743565559387,54.2534599304199,1.9190139772958,0.888999998569489,78.3333358764648,0.0277126301079988
39.75,30.75,4.58285617828369,5,1.98929838444255,6.31040287017822,0.145061733201146,0,0.00525644002482295,2.19550752099724,7.98455975263005,1.90408742427826,19.0408742427826,54.2534599304199,3.04141016539702,0.888999998569489,79.4444427490234,0.0282772667706013
-9.75,30.25,NA,NA,7.18033350398679,1312.34619140625,53.2500505447388,0.0211729828151874,0.408430486917496,NA,NA,2.63939666748047,26.3939666748047,NA,NA,NA,194.199996948242,NA
-9.25,30.25,4.06053876876831,5,5.64225428337702,281.097930908203,51.0524690151215,0.339506170712411,0.410493075847626,4.2917457994172,72.0939645767212,2.56608104705811,25.6608104705811,41.1197853088379,4.80913626855769,0.680999994277954,212.555557250977,0.110107250511646
-8.75,30.25,4.06053876876831,5,4.01661689276787,54.5129814147949,20.9629625082016,0.200617290101945,0.284921020269394,4.21547966289474,66.7266440391541,2.50820827484131,25.0820827484131,41.1197853088379,4.7945845635152,0.680999994277954,277.111114501953,0.129149675369263
-8.25,30.25,4.06053876876831,5,2.63566556341355,12.9525957107544,1.52777777984738,0,0.0497334040701389,3.87378844603261,47.1243577003479,2.41998505592346,24.1998505592346,41.1197853088379,4.69513503080261,0.680999994277954,339.333343505859,0.145094394683838
-7.75,30.25,4.06053876876831,5,2.53415995020805,11.6058368682861,0.790123455226421,0,0.0262404475361109,3.57341737501175,34.6381742954254,2.34382009506226,23.4382009506226,41.1197853088379,4.59467354657278,0.680999994277954,344.888885498047,0.143242865800858
-7.25,30.25,1.79992628097534,5,2.09751780773697,7.14592504501343,0.648148125037551,0,0.0188124347478151,2.90959251304242,17.349319934845,1.92428576946259,19.2428576946259,41.1197853088379,4.675847581471,0.680999994277954,254.66667175293,0.0967615991830826
-6.75,30.25,1.79992628097534,5,1.58574101453039,3.8829083442688,0.524691352620721,0,0.0157638601958752,2.48593060751518,11.0122937858105,1.5312591791153,15.312591791153,41.1197853088379,4.66882037035722,0.680999994277954,149.33332824707,0.0524310283362865
-6.25,30.25,1.85210072994232,4.06044578552246,2.61096138917928,12.6121311187744,0.901234522461891,0.0648148125037551,0.0258446913212538,2.85396165175035,16.3564058542252,1.32046127319336,13.2046127319336,41.1197853088379,4.24101856536725,0.680999994277954,110.444442749023,0.0363881513476372
-5.75,30.25,1.85210072994232,4.06044578552246,3.74087191923157,41.1347122192383,5.02469129860401,0.277777784503996,0.100980795919895,3.10644562267567,21.3414930105209,1.30966603755951,13.0966603755951,41.1197853088379,3.97630104418732,0.680999994277954,78.3333358764648,0.0254750438034534
-5.25,30.25,2.6537754535675,2.89310050010681,1.64042714700928,4.15737199783325,0.209876545704901,0,0.00723194237798452,2.45268007724088,10.6194460391998,1.28762245178223,12.8762245178223,41.1197853088379,3.32082080045917,0.680999994277954,68.4444427490234,0.0215648859739304
-4.75,30.25,3.92961525917053,1.8801131248474101,0.259672553526956,0.296505481004715,0,0,0,1.02730657529462,1.7935315258801,1.46983683109283,14.6983683109283,24.2135944366455,2.86974507085978,0.680000007152557,58.7777786254883,0.0184547007083893
-4.25,30.25,3.57138800621033,0,0.102076646205379,0.107468351721764,0.0370370369637385,0,0.00158532976638526,0.726008395546098,1.06681421573739,1.36616504192352,13.6616504192352,24.2135944366455,3.02240842104375,0.736000001430511,49.7777786254883,0.015786862000823
-3.75,30.25,5,5,0.130818552847115,0.139760956168175,0,0,0,0.519084874476079,0.680489087360911,1.30382597446442,13.0382597446442,24.2135944366455,4.21153877438234,0.736000001430511,46.2222213745117,0.0145383281633258
-3.25,30.25,2.43968653678894,5,0.631024891829648,0.879535913467407,0.00617283949395642,0,3.174147568643e-4,0.44735993219928,0.564177195716184,1.42761588096619,14.2761588096619,24.2135944366455,3.5651761850684,0.736000001430511,42.7777786254883,0.0134022077545524
-2.75,30.25,2.43968653678894,5,0.871694550909567,1.39095902442932,0.0339506164891645,0,0.00146742770448327,0.597776551320469,0.81807191343978,1.40969181060791,14.0969181060791,24.2135944366455,3.46324920719493,0.736000001430511,41.6666679382324,0.0128624588251114
-2.25,30.25,5,1.81416380405426,0.85975689182161,1.36258625984192,0.194444449152797,0,0.00677166879177094,0.976741494794517,1.6557882274501,1.51143300533295,15.1143300533295,24.2135944366455,3.63906226107528,0.736000001430511,42.2222213745117,0.0128837861120701
-1.75,30.25,5,1.81416380405426,0.580315002641387,0.786601126194,0,0,0,0.452498347803184,0.572235273371916,1.62444591522217,16.2444591522217,24.2135944366455,1.33863928323961,0.736000001430511,43,0.0133101297542453
-1.25,30.25,5,1.81416380405426,0.629629142275727,0.876914381980896,0,0,0,0.168491597414803,0.18351828218988,1.77492415904999,17.7492415904999,24.2135944366455,0,0.736000001430511,42.3333320617676,0.0131679233163595
-0.75,30.25,3.61087942123413,5,0.525243957211039,0.690871298313141,0,0,0,0.158614328355016,0.171885896353444,1.86387407779694,18.6387407779694,24.2135944366455,0,0.736000001430511,41.3333320617676,0.0126940216869116
-0.25,30.25,4.80449724197388,0,0.564523696164913,0.75860995054245,0,0,0,0.147781775937896,0.159259890355671,1.75956249237061,17.5956249237061,24.2135944366455,0,0.736000001430511,39,0.0118587333709002
0.25,30.25,4.80449724197388,0,0.602794915650478,0.827218592166901,0,0,0,0.117677304831176,0.124881059109612,1.80240797996521,18.0240797996521,24.2135944366455,0,0.736000001430511,37.6666679382324,0.0111272018402815
0.75,30.25,3.65406274795532,5,0.667130647673645,0.948637962341309,0,0,0,0.111083301665256,0.11748799158795,1.88667118549347,18.8667118549347,24.2135944366455,0,0.736000001430511,34.3333320617676,0.010206263512373
1.25,30.25,NA,5,0.725614536413348,1.06600034236908,0,0,0,0.0904766461798376,0.0946959420109578,1.94874489307404,19.4874489307404,24.2135944366455,0,0.736000001430511,31.7777786254883,0.00939848739653826
1.75,30.25,NA,5,1.22345375322596,2.39890646934509,0,0,0,0.491115418157891,0.634137950913555,1.94931364059448,19.4931364059448,24.2135944366455,0.873409005619851,0.736000001430511,30.2222213745117,0.00892185885459185
2.25,30.25,NA,5,0.620869444579112,0.860544979572296,0,0,0,1.47527473019143,3.37223679339513,1.90677392482758,19.0677392482758,24.2135944366455,2.26514524098076,0.736000001430511,27.8888893127441,0.00855441205203533
2.75,30.25,5,5,0.620527464587263,0.859908819198608,0.888888910412788,0,0.0244445782154799,1.98521957305324,6.28064584359527,1.87279880046844,18.7279880046844,24.2135944366455,3.1654929464761,0.736000001430511,28,0.00849653594195843
3.25,30.25,5,5,0.620527464587263,0.859908819198608,0.0246913579758257,0,0.00110503891482949,1.83241787078454,5.2489776276052,1.8728278875351,18.728278875351,24.2135944366455,2.53610673406177,0.736000001430511,27.3333339691162,0.0081690838560462
3.75,30.25,5,5,0.608921439132321,0.838447451591492,0,0,0,1.38842865006906,3.00854627266017,2.02013039588928,20.2013039588928,24.2135944366455,2.81091917397625,0.736000001430511,25.2222213745117,0.00763444136828184
4.25,30.25,5,5,0.553729689231166,0.739729583263397,0,0,0,0.76208101215112,1.14273063252938,1.90773558616638,19.0773558616638,24.2135944366455,2.37339727969405,0.736000001430511,23.6666660308838,0.00729804672300816
4.75,30.25,3.83133602142334,5,0.553729689231166,0.739729583263397,0,0,0,0.569200973638145,0.766854723763501,1.84783220291138,18.4783220291138,24.2135944366455,0.0432265103064616,0.736000001430511,26.2222213745117,0.00782820675522089
5.25,30.25,NA,5,0.553729689231166,0.739729583263397,0,0,0,0.532471231656721,0.703135955876022,1.80943298339844,18.0943298339844,24.2135944366455,0,0.736000001430511,27.5555553436279,0.00838613510131836
5.75,30.25,NA,5,0.553729689231166,0.739729583263397,0,0,0,0.575879281904449,0.77869381281198,1.88946187496185,18.8946187496185,24.2135944366455,0,0.736000001430511,29.3333339691162,0.00875364243984222
6.25,30.25,NA,5,0.536787364326698,0.710502803325653,0.0401234574383125,0,0.00170199316926301,0.816001918349459,1.26144031621516,1.92501640319824,19.2501640319824,24.2135944366455,2.815260848997,0.736000001430511,29.3333339691162,0.00875168293714523
6.75,30.25,0.00476143788546324,5,0.480737031953071,0.617265939712524,0.00617283949395642,0,3.174147568643e-4,0.769574488002305,1.15884744282812,1.94887053966522,19.4887053966522,24.2135944366455,2.39677234127162,0.736000001430511,29,0.00863720010966063
7.25,30.25,3.59810519218445,5,0.140127360917408,0.150420308113098,0,0,0,0.513393931709039,0.670952681452036,1.98560345172882,19.8560345172882,24.2135944366455,0,0.736000001430511,28.6666660308838,0.00859526824206114
7.75,30.25,3.59810519218445,5,0.147412253001908,0.158831596374512,0,0,0,0.449132243991834,0.566951863467693,1.88019788265228,18.8019788265228,24.2135944366455,0,0.736000001430511,29.1111106872559,0.00866389088332653
8.25,30.25,3.59810519218445,5,0.158394614771013,0.171628445386887,0,0,0,0.393541206202894,0.482220359146595,1.69582569599152,16.9582569599152,24.2135944366455,0.140834903212294,0.736000001430511,29.1111106872559,0.00876363273710012
8.75,30.25,3.59810519218445,5,0.169356692842671,0.184542581439018,0,0,0,0.256167994716277,0.291969753801823,1.69093883037567,16.9093883037567,24.2135944366455,1.41767375910357,0.736000001430511,29.5555553436279,0.00899268221110106
9.25,30.25,3.59810519218445,5,0.267256899201408,0.30637601017952,0.172855507116765,0,0.0061177397146821,1.29882601555242,2.66499149799347,1.80328321456909,18.0328321456909,24.2135944366455,4.22346568861092,0.736000001430511,30,0.0094434292986989
9.75,30.25,1.03002178668976,5,0.808209340916868,1.24388635158539,1.37667069211602,0,0.0349462851881981,1.44369845194009,3.23633475974202,1.67430174350739,16.7430174350739,4.6247615814209,4.96349329183551,0.750999987125397,29.6666660308838,0.00986269675195217
10.25,30.25,1.03002178668976,5,1.01688398557918,1.76456689834595,0.148148147854954,0,0.00535326870158315,0.47287059308274,0.604593724013016,1.52413320541382,15.2413320541382,4.6247615814209,4.95834245118997,0.750999987125397,30.7777786254883,0.0108804060146213
10.75,30.25,1.03002178668976,5,1.01755570545101,1.76642453670502,0,0,0,0.470801357564772,0.601276874542236,1.5694934129715,15.694934129715,4.6247615814209,4.89666007821881,0.750999987125397,35.7777786254883,0.0134188309311867
11.25,30.25,1.03002178668976,5,1.01755570545101,1.76642453670502,0,0,0,0.372175223338226,0.450887188317533,1.61182379722595,16.1182379722595,4.6247615814209,4.92433910430354,0.750999987125397,41.5555572509766,0.0158219859004021
11.75,30.25,2.47776079177856,5,1.14004177989928,2.12689900398254,0,0,0,0.7116067031083,1.03726190549991,1.63869595527649,16.3869595527649,4.6247615814209,5.09173279008664,0.750999987125397,44,0.0168232098221779
12.25,30.25,2.47776079177856,5,1.76362515819089,4.83354663848877,0,0,0,1.41698362918573,3.12466015277153,1.73398613929749,17.3398613929749,4.6247615814209,5.21941593699526,0.750999987125397,45.3333320617676,0.0171777438372374
12.75,30.25,1.83746385574341,5,1.76362515819089,4.83354663848877,0,0,0,0.877163866162673,1.40407175924425,1.8616054058075,18.616054058075,4.6247615814209,5.154499572375,0.750999987125397,43,0.0162909608334303
13.25,30.25,1.83746385574341,5,1.76362515819089,4.83354663848877,0,0,0,0.348448465517132,0.416867523506824,1.86700999736786,18.6700999736786,4.6247615814209,4.72805162573498,0.750999987125397,39.7777786254883,0.0148004172369838
13.75,30.25,1.83746385574341,5,1.76362515819089,4.83354663848877,0,0,0,0.560849445815865,0.752160233511347,1.85424757003784,18.5424757003784,4.6247615814209,4.46766930776365,0.750999987125397,41,0.0155656775459647
14.25,30.25,1.83746385574341,5,1.89208247948686,5.63316774368286,0,0,0,0.255881500176653,0.291599664538808,1.88427424430847,18.8427424430847,4.6247615814209,4.54394096172818,0.750999987125397,54.3333320617676,0.021127974614501
14.75,30.25,1.70079493522644,5,1.5317331599072,3.62618780136108,0,0,0,0.260599477688631,0.297707800404169,1.96529543399811,19.6529543399811,4.6247615814209,4.14950161058973,0.750999987125397,73,0.0293426103889942
15.25,30.25,1.70079493522644,5,1.19380468275789,2.29961133003235,0.0339506164891645,0,0.00146742770448327,0.835925186368897,1.30694741755724,1.99759840965271,19.9759840965271,4.6247615814209,4.52482841219575,0.750999987125397,83.3333358764648,0.0351341813802719
15.75,30.25,1.70079493522644,5,1.19380468275789,2.29961133003235,0.104938272852451,0,0.00396603066474199,1.19531453606987,2.30459702201188,1.95641577243805,19.5641577243805,4.6247615814209,4.6106048391038,0.750999987125397,91.1111145019531,0.0393721200525761
16.25,30.25,1.41746580600739,5,1.19380468275789,2.29961133003235,0,0,0,0.665090611637245,0.944666722789407,1.95101833343506,19.5101833343506,4.6247615814209,4.59672020228712,0.750999987125397,92,0.0413641445338726
16.75,30.25,1.28869187831879,5,1.19380468275789,2.29961133003235,0,0,0,0.262729013073212,0.300474259674957,1.96453320980072,19.6453320980072,4.6247615814209,4.73590226356416,0.750999987125397,92,0.0416980981826782
17.25,30.25,1.38408863544464,5,1.19380468275789,2.29961133003235,0.0833333353511989,0,0.00324192014522851,0.188662623182961,0.207633456215262,1.97651588916779,19.7651588916779,4.6247615814209,5.09693216044503,0.750999987125397,87.4444427490234,0.0403768122196198
17.75,30.25,1.02146565914154,5,1.19380468275789,2.29961133003235,0,0,0,0.202128775983236,0.224005620490061,1.97924709320068,19.7924709320068,4.6247615814209,4.73243147616604,0.750999987125397,83.3333358764648,0.0392987877130508
18.25,30.25,1.79576480388641,5,1.19380468275789,2.29961133003235,0,0,0,1.28426762447005,2.61202163202688,1.91857147216797,19.1857147216797,4.6247615814209,5.12661077987282,0.750999987125397,81.5555572509766,0.0382508412003517
18.75,30.25,1.79576480388641,5,1.03764041447778,1.82254910469055,0.0359052093699574,0,0.00154224305879325,2.46813466289132,10.8004145580344,1.90414643287659,19.0414643287659,4.6247615814209,5.33901349865576,0.750999987125397,79.7777786254883,0.0348585173487663
19.25,30.25,1.79576480388641,5,0.747196470082631,1.11107325553894,2.59897727519274,0,0.0579545497894287,3.01277300027459,19.3437349632432,1.96002376079559,19.6002376079559,4.6247615814209,5.36157051032148,0.736000001430511,80.5714263916016,0.0335016287863255
19.75,30.25,1.79576480388641,5,0.747041790705028,1.11074674129486,0.550288381054997,0,0.0164065081626177,2.92203911713183,17.5791338901909,2.04532980918884,20.4532980918884,4.6247615814209,5.21715080269045,0.736000001430511,86.6666641235352,0.0366905182600021
20.25,30.25,2.33398032188416,5,0.747196470082631,1.11107325553894,0,0,0,1.26988587806662,2.56044621416368,2.13539886474609,21.3539886474609,4.6247615814209,4.39987154786975,0.736000001430511,84.7777786254883,0.0362550094723701
20.75,30.25,1.57640838623047,5,0.747196470082631,1.11107325553894,0,0,0,0.379612084497067,0.461717456579208,2.2301766872406,22.301766872406,4.6247615814209,3.79110133281664,0.736000001430511,69.1111145019531,0.0290039330720901
21.25,30.25,1.57640838623047,5,0.747196470082631,1.11107325553894,0,0,0,0.32634627259045,0.385895183309913,2.32685327529907,23.2685327529907,4.6247615814209,4.09463710670706,0.736000001430511,53.2222213745117,0.0221508424729109
21.75,30.25,1.30826246738434,5,0.747196470082631,1.11107325553894,0,0,0,0.0285187706220945,0.0289293242967688,1.94917726516724,19.4917726516724,4.6247615814209,4.1962964507035,0.736000001430511,38.8888893127441,0.0164155028760433
22.25,30.25,1.30826246738434,5,0.747196470082631,1.11107325553894,0,0,0,2.10180761681678e-11,2.1018070096856497e-11,1.79747021198273,17.9747021198273,4.6247615814209,4.31362006692209,0.736000001430511,29.3333339691162,0.0122080212458968
22.75,30.25,1.30826246738434,5,0.747196470082631,1.11107325553894,0,0,0,0.0196288754975181,0.0198227885612141,1.77602136135101,17.7602136135101,4.6247615814209,3.96089396525465,0.736000001430511,23.7777786254883,0.0098678357899189
23.25,30.25,1.30826246738434,5,1.18474491913672,2.26985263824463,0,0,0,0.254153120963129,0.289369218609863,1.81489050388336,18.1489050388336,4.6247615814209,4.29856798246795,0.736000001430511,22,0.00908000580966473
23.75,30.25,1.30826246738434,5,1.23026417112689,2.42213344573975,0,0,0,0.336230921185588,0.399662199150043,1.83227407932281,18.3227407932281,4.6247615814209,4.29628239054517,0.736000001430511,22.2222213745117,0.00926832761615515
24.25,30.25,1.30826246738434,5,1.23026417112689,2.42213344573975,0,0,0,0.432689689668845,0.541397834807867,1.83892607688904,18.3892607688904,4.6247615814209,4.09176600204569,0.736000001430511,25,0.0107897082343698
24.75,30.25,5,5,0.873453053711116,1.39516723155975,0,0,0,0.757604957431955,1.13316108585423,1.75347435474396,17.5347435474396,27.517972946167,4.43902719765848,0.736000001430511,38.1111106872559,0.0165832582861185
25.25,30.25,5,5,0,0,0,0,0,0.999619500867251,1.71724772133166,1.65316784381866,16.5316784381866,27.517972946167,4.26454465251989,0.735000014305115,62,0.0265626050531864
25.75,30.25,5,5,0,0,0,0,0,0.958926169510805,1.60889345937176,1.83279860019684,18.3279860019684,27.517972946167,4.15205404088856,0.735000014305115,81,0.0349968522787094
26.25,30.25,2.6923840045929,5,0,0,0,0,0,1.0714155440159,1.91950927022845,1.94409990310669,19.4409990310669,27.517972946167,3.9428283253418,0.735000014305115,90,0.0394120067358017
26.75,30.25,2.6923840045929,5,0,0,0,0,0,1.41448490628766,3.1143666356802,1.96098077297211,19.6098077297211,27.517972946167,4.02255071300654,0.735000014305115,85.5555572509766,0.0380245223641396
27.25,30.25,2.50157451629639,5,0,0,0.0339506164891645,0,0.00146742770448327,1.84493432718585,5.3276842199266,2.1073331832885702,21.0733318328857,27.517972946167,4.09748389358199,0.735000014305115,77,0.0346390455961227
27.75,30.25,2.50157451629639,5,0,0,0.077160494402051,0,0.00303034670650959,1.9157244100286701,5.79185710474849,2.00935840606689,20.0935840606689,27.517972946167,3.37268251243143,0.735000014305115,67.1111145019531,0.030342785641551
28.25,30.25,2.50157451629639,5,0,0,0.175925926305354,0.175925926305354,0.00621149968355894,1.82451233035951,5.19977084174752,1.90485048294067,19.0485048294067,27.517972946167,3.71244693566091,0.735000014305115,63.2222213745117,0.0289319138973951
28.75,30.25,2.50157451629639,5,0,0,0.16049382975325,0.0925925909541547,0.00626335805281997,1.63964193913098,4.15332397818565,1.82216513156891,18.2216513156891,27.517972946167,4.14812543943137,0.735000014305115,61.3333320617676,0.0286584086716175
29.25,30.25,3.21855807304382,5,0,0,0.0895061704795808,0,0.00345129077322781,1.57095244427802,3.81122843921185,1.85327410697937,18.5327410697937,27.517972946167,2.2504182530499,0.735000014305115,57.5555572509766,0.0271341353654861
29.75,30.25,3.21855807304382,5,2.51306170490771,11.342661857605,0.00617283949395642,0,3.174147568643e-4,2.60299186623829,12.5040800571442,1.61806905269623,16.1806905269623,27.517972946167,1.46192029011555,0.714999973773956,52.3333320617676,0.0238398611545563
30.25,30.25,0.938940405845642,5,3.6546482714263,37.653923034668,29.1040152311325,1.44793018698692,0.321271747350693,3.67491664538875,38.4453687667847,1.71228051185608,17.1228051185608,27.517972946167,3.45781979287635,0.714999973773956,42.1111106872559,0.0188638959079981
30.75,30.25,0.938940405845642,5,6.38068979603217,589.334777832031,57.9913914203644,25.1277446746826,0.521614372730255,4.85162402046326,126.948011398315,2.66180872917175,26.6180872917175,27.517972946167,5.67754224534516,0.730000019073486,29.8888893127441,0.0136013934388757
31.25,30.25,0.938940405845642,5,8.87617182747374,7158.3310546875,58.7789595127106,57.5442016124725,0.356373637914658,5.42350069353476,225.671241760254,4.82246732711792,48.2246732711792,27.517972946167,7.34287968488879,0.73199999332428,26.1111106872559,0.0122395614162087
31.75,30.25,0.938940405845642,5,6.01784179887146,409.691284179688,25.1373529434204,12.281621992588,0.365694880485535,4.34275406890369,75.9190883636475,2.04121422767639,20.4121422767639,27.517972946167,6.14743401087449,0.726999998092651,29.8888893127441,0.0135918837040663
32.25,30.25,0.938940405845642,5,5.43634779575223,228.602096557617,15.2753278613091,5.14057576656342,0.263228207826614,3.12040195063509,21.6554841995239,1.68562769889832,16.8562769889832,27.517972946167,5.14618793262467,0.781000018119812,25.6666660308838,0.0122897569090128
32.75,30.25,0.938940405845642,5,4.10045252868008,59.3675994873047,3.91873642802238,1.24030523002148,0.0916024222970009,2.07676588908657,6.97862339019775,1.46448469161987,14.6448469161987,27.517972946167,4.96368830937785,0.781000018119812,37.1111106872559,0.0172631535679102
33.25,30.25,2.67229390144348,5,1.10467940122134,2.01825666427612,0.120370369404554,0,0.0044698053970933,1.56555248431997,3.78531801886857,1.32735109329224,13.2735109329224,27.517972946167,4.62672252687912,0.735000014305115,60.4444427490234,0.0275348871946335
33.75,30.25,2.40298080444336,5,1.06520133961238,1.9014230966568,1.11419754102826,0,0.0294240210205317,1.80949620786943,5.10736981220543,1.39584171772003,13.9584171772003,27.517972946167,4.58226715651723,0.735000014305115,64.6666641235352,0.0291842725127935
34.25,30.25,2.40298080444336,5,1.18935637194232,2.28496623039246,0,0,0,1.85144884380641,5.36904058605433,1.46287548542023,14.6287548542023,27.517972946167,4.52517121286234,0.735000014305115,69.7777786254883,0.0320583172142506
34.75,30.25,2.67432832717896,0.788953542709351,1.22490408508995,2.40383958816528,0.358024681918323,0,0.0114160161465406,1.82572374421565,5.20728588104248,1.65169596672058,16.5169596672058,67.1878051757812,5.58602835398705,0.915000021457672,82.4444427490234,0.0354678891599178
35.25,30.25,3.0926661491394,5,3.03813361716946,19.8662624359131,0.527777755632997,0,0.0175426360219717,3.13934866657617,22.0888234376907,1.74676847457886,17.4676847457886,51.1446304321289,5.24003082673786,0.736999988555908,82,0.0368524044752121
35.75,30.25,3.44394063949585,5,2.94892772277031,18.0854778289795,1.15123456344008,0.0123456789879128,0.0329255610704422,3.18318632538423,23.1234965324402,2.05951714515686,20.5951714515686,51.1446304321289,4.67423941971237,0.705999970436096,108.666664123535,0.0471623800694942
36.25,30.25,3.44394063949585,5,0.29819338323191,0.347422331571579,0.0895061704795808,0,0.00345129077322781,1.38256949061027,2.98512823286001,1.6517961025238,16.517961025238,51.1446304321289,4.3364078346861,0.705999970436096,43.6666679382324,0.0204797722399235
36.75,30.25,3.44394063949585,5,0.274986983502259,0.316513538360596,0.0123456789879128,0,5.9367541689425e-4,1.12381636008894,2.07657313816708,1.54541456699371,15.4541456699371,51.1446304321289,4.33149448419437,0.705999970436096,38.3333320617676,0.0160815995186567
37.25,30.25,2.51449131965637,5,0.274986983502259,0.316513538360596,0.00617283949395642,0,3.174147568643e-4,1.09765036439099,1.9971156146712,1.49606394767761,14.9606394767761,51.1446304321289,4.43282648591962,0.705999970436096,39.8888893127441,0.0156105449423194
37.75,30.25,2.51449131965637,5,2.21738101130531,8.18324851989746,0.179012340959162,0,0.00630548782646656,1.98083545679393,6.24879651237279,1.44881784915924,14.4881784915924,54.2534599304199,4.02620901693442,0.888999998569489,37.2222213745117,0.0144452089443803
38.25,30.25,2.51449131965637,5,2.0672237143729,6.90285205841064,59.9938273429871,0.540123460814357,0.338482439517975,4.13998501660081,61.8018804565072,2.67182183265686,26.7182183265686,54.2534599304199,2.81919259538443,0.888999998569489,41,0.0152625972405076
38.75,30.25,5,5,2.04297049797294,6.71348810195923,9.65432077646255,0.126543210353702,0.155889332294464,3.43492255460436,30.0290094185621,1.79934906959534,17.9934906959534,54.2534599304199,3.46414922073886,0.888999998569489,49,0.0177985318005085
39.25,30.25,5,5,1.62278956231985,4.06720590591431,0.527777755632997,0,0.018439868465066,2.93112047210716,17.7486260445439,1.6783481836319,16.783481836319,54.2534599304199,2.78844896204292,0.888999998569489,61.4444427490234,0.0217547230422497
39.75,30.25,4.58285617828369,5,2.04297049797294,6.71348810195923,0.0586419773753732,0,0.0023804830852896,2.92362150895101,17.6085566326801,1.7604398727417,17.604398727417,54.2534599304199,3.2772695305831,0.888999998569489,69.7777786254883,0.023826964199543
-9.75,29.75,5,5,4.32478190397326,74.5490341186523,19.2772522568703,0.0358980498276651,0.294927537441254,3.82788441094185,44.9651918411255,2.11989498138428,21.1989498138428,41.1197853088379,4.9020843374018,0.680999994277954,159.875,0.0836106464266777
-9.25,29.75,4.89002847671509,4.72945404052734,3.49069972917029,31.8088970184326,8.50642919540405,0,0.46468311548233,3.89829228435964,48.3181557655334,2.34592008590698,23.4592008590698,41.1197853088379,4.58519399931983,0.680999994277954,219.33332824707,0.103086426854134
-8.75,29.75,4.06053876876831,5,2.25967141199483,8.57994079589844,2.75617279112339,0,0.100138202309608,3.53906274165111,33.4346299171448,2.04669499397278,20.4669499397278,41.1197853088379,4.4877841719568,0.680999994277954,281.333343505859,0.122103221714497
-8.25,29.75,2.65338540077209,0.752032160758972,1.99647334024597,6.36304330825806,0.351851852610707,0,0.0112486686557531,2.5757001171121,12.1405138373375,1.80003082752228,18.0003082752228,41.1197853088379,4.43506532650803,0.680999994277954,229.888885498047,0.0938212051987648
-7.75,29.75,2.65338540077209,0.752032160758972,2.36909660680089,9.6877326965332,0.410493835806847,0,0.0128185637295246,2.12628301140343,7.38364690542221,1.70786893367767,17.0786893367767,41.1197853088379,4.50336558962643,0.680999994277954,179.444442749023,0.0650310069322586
-7.25,29.75,2.65338540077209,0.752032160758972,1.50879646902816,3.52128601074219,0.44753085821867,0,0.0137888127937913,1.66109580052294,4.26507715880871,1.56625735759735,15.6625735759735,41.1197853088379,4.13676714279659,0.680999994277954,125.333335876465,0.0415649563074112
-6.75,29.75,2.71066188812256,2.90087175369263,1.14860792718161,2.15379953384399,0.00925925924093463,0,4.5806702109985e-4,1.43033511121018,3.18009975552559,1.39215242862701,13.9215242862701,41.1197853088379,3.63891530034521,0.680999994277954,94.2222213745117,0.0296822488307953
-6.25,29.75,2.71066188812256,2.90087175369263,0.964807381178311,1.62428212165833,0.0370370369637385,0,0.00158532976638526,1.92359442221434,5.84551998972893,1.24560248851776,12.4560248851776,24.2135944366455,2.97991532234344,0.680999994277954,71.8888854980469,0.0226268116384745
-5.75,29.75,2.6537754535675,2.89310050010681,1.06375869784844,1.89724040031433,1.8549382686615,0,0.0444054678082466,2.07633792967639,6.97520959377289,1.27892458438873,12.7892458438873,24.2135944366455,3.59296913775123,0.680999994277954,59.7777786254883,0.0180817116051912
-5.25,29.75,2.6537754535675,2.89310050010681,0.745200744117202,1.10686433315277,2.1711028066525e-14,0,3.87237205463301e-15,1.41237378803666,3.10568988323212,1.36030101776123,13.6030101776123,24.2135944366455,2.64735884369871,0.736000001430511,50.7777786254883,0.0153453079983592
-4.75,29.75,5,5,0.0901966378881105,0.0943894609808922,0,0,0,0.500615451944804,0.649736291728914,1.37804841995239,13.7804841995239,24.2135944366455,3.48319687391016,0.736000001430511,42.5555572509766,0.0128717040643096
-4.25,29.75,3.92961525917053,1.8801131248474101,0.0901966378881105,0.0943894609808922,0.277777784503996,0,0.00919679831713438,0.898872788837686,1.45683218108024,1.32224380970001,13.2224380970001,24.2135944366455,3.61895096522687,0.736000001430511,34.3333320617676,0.0104804830625653
-3.75,29.75,5,5,0.0901966378881105,0.0943894609808922,0,0,0,0.509522127412085,0.66449558804743,1.31060969829559,13.1060969829559,24.2135944366455,4.14260179835918,0.736000001430511,31.2222213745117,0.00931091327220201
-3.25,29.75,5,5,0.10378972169146,0.109367154538631,0,0,0,0.391788997382332,0.479625473613851,1.32675158977509,13.2675158977509,24.2135944366455,3.25520625324997,0.736000001430511,28.8888893127441,0.00871950574219227
-2.75,29.75,5,5,0.831627299456836,1.29705369472504,0.0308641989249736,0,0.00134817394427955,0.520958386464984,0.683640454954002,1.3343710899353,13.343710899353,24.2135944366455,2.54793396084839,0.736000001430511,29.5555553436279,0.00883990153670311
-2.25,29.75,2.43968653678894,5,0.7752132057748,1.17105495929718,0,0,0,0.92860844669813,1.53098472580314,1.42891192436218,14.2891192436218,24.2135944366455,3.4414636798196,0.736000001430511,29.4444446563721,0.00869046058505774
-1.75,29.75,5,1.81416380405426,0.639183788501798,0.894933581352234,0.348765426315367,0,0.0111647993326187,1.01461841374785,1.75831066310639,1.62846159934998,16.2846159934998,24.2135944366455,2.98720834647291,0.736000001430511,30,0.00891326554119587
-1.25,29.75,5,1.81416380405426,0.606990125790388,0.834900259971619,0,0,0,0.495281035735197,0.640959342475981,1.78377282619476,17.8377282619476,24.2135944366455,1.73745645509221,0.736000001430511,30.5555553436279,0.0090237483382225
-0.75,29.75,5,1.81416380405426,0.97745267771151,1.65767765045166,0,0,0,0.203607346495519,0.225816737709692,1.84309935569763,18.4309935569763,24.2135944366455,0.022507148299732,0.736000001430511,29.8888893127441,0.00870716013014317
-0.25,29.75,4.80449724197388,0,1.3155577519838,2.72682905197144,0.0339506164891645,0,0.00146742770448327,0.176972247694298,0.193597967571804,1.65396130084991,16.5396130084991,24.2135944366455,0.00596212956277467,0.736000001430511,29.2222213745117,0.00832274090498686
0.25,29.75,3.65406274795532,5,0.93779956882695,1.55435454845428,0,0,0,0.344586995555232,0.411406881961739,1.71101415157318,17.1101415157318,24.2135944366455,0.549422916467347,0.736000001430511,28,0.00790580175817013
0.75,29.75,3.65406274795532,5,0.681913785289081,0.977658927440643,0.0524691364262253,0,0.00215797848068178,0.34326349825018,0.409540124353953,1.79480612277985,17.9480612277985,24.2135944366455,1.67491640394401,0.736000001430511,26.4444446563721,0.0074064964428544
1.25,29.75,NA,5,1.35824742688527,2.8893709182739298,0,0,0,0.215078308404265,0.239958992374366,1.90000247955322,19.0000247955322,24.2135944366455,2.6352609801732,0.736000001430511,24.6666660308838,0.00708298524841666
1.75,29.75,NA,5,1.55867196126042,3.75250554084778,0.848765391856432,0.848765391856432,0.0235305316746235,0.77606751682641,1.1729105080376,1.9201021194458,19.201021194458,24.2135944366455,2.92924738111126,0.736000001430511,24,0.00706272106617689
2.25,29.75,3.97754788398743,5,0.62262201372161,0.863808572292328,0.595678994432092,0.595678994432092,0.0175321009010077,1.91413727341743,5.7810860495083,1.89649677276611,18.9649677276611,24.2135944366455,2.57039509489685,0.736000001430511,26.5555553436279,0.00765035673975945
2.75,29.75,5,5,0.620527464587263,0.859908819198608,0.00617283949395642,0,3.174147568643e-4,2.22845530412745,8.28551170416176,1.91435968875885,19.1435968875885,24.2135944366455,3.24182801731751,0.736000001430511,25.5555553436279,0.00759693374857306
3.25,29.75,5,5,0.620527464587263,0.859908819198608,0,0,0,2.02518016255882,6.57747599913273,1.87344098091125,18.7344098091125,24.2135944366455,2.4058774887468,0.736000001430511,24.5555553436279,0.00729453423991799
3.75,29.75,2.65977549552917,5,0.57943268818821,0.785025477409363,0,0,0,1.32064320152826,2.74582992611977,1.87172675132751,18.7172675132751,24.2135944366455,3.13066002634305,0.736000001430511,23.3333339691162,0.00689873797819018
4.25,29.75,3.83133602142334,5,0.553729723492033,0.739729642868042,0,0,0,0.840724232846225,1.31804517345881,1.86731457710266,18.6731457710266,24.2135944366455,0.551647614471549,0.736000001430511,23.7777786254883,0.00698190648108721
4.75,29.75,3.83133602142334,5,0.553729723492033,0.739729642868042,0,0,0,0.704019227749501,1.02186272531981,1.70401883125305,17.0401883125305,24.2135944366455,0,0.736000001430511,25.2222213745117,0.00730802118778229
5.25,29.75,NA,5,0.538934167232721,0.714178860187531,0,0,0,0.604520184444675,0.830373756354675,1.70007479190826,17.0007479190826,24.2135944366455,0,0.736000001430511,26.7777786254883,0.00774190621450543
5.75,29.75,NA,5,0.352758465579727,0.422987401485443,0,0,0,0.345475494202472,0.412661472335458,1.80306899547577,18.0306899547577,24.2135944366455,0,0.736000001430511,27,0.00790918432176113
6.25,29.75,NA,5,0.148528350730047,0.160125687718391,0,0,0,0.194862779142561,0.215144231915474,1.85414445400238,18.5414445400238,24.2135944366455,3.07033825302478,0.736000001430511,27,0.00793738663196564
6.75,29.75,0.00476143788546324,5,0.115469197317489,0.122399941086769,0.00617283949395642,0,3.174147568643e-4,0.141722753034182,0.152257144451141,1.92460954189301,19.2460954189301,24.2135944366455,2.12849348924066,0.736000001430511,26.3333339691162,0.00783791299909353
7.25,29.75,NA,NA,NA,NA,NA,NA,NA,NA,NA,NA,NA,NA,NA,NA,NA,NA
7.75,29.75,NA,NA,NA,NA,NA,NA,NA,NA,NA,NA,NA,NA,NA,NA,NA,NA
8.25,29.75,NA,NA,NA,NA,NA,NA,NA,NA,NA,NA,NA,NA,NA,NA,NA,NA
8.75,29.75,NA,NA,NA,NA,NA,NA,NA,NA,NA,NA,NA,NA,NA,NA,NA,NA
9.25,29.75,NA,NA,NA,NA,NA,NA,NA,NA,NA,NA,NA,NA,NA,NA,NA,NA
9.75,29.75,NA,NA,NA,NA,NA,NA,NA,NA,NA,NA,NA,NA,NA,NA,NA,NA
10.25,29.75,NA,NA,NA,NA,NA,NA,NA,NA,NA,NA,NA,NA,NA,NA,NA,NA
10.75,29.75,NA,NA,NA,NA,NA,NA,NA,NA,NA,NA,NA,NA,NA,NA,NA,NA
11.25,29.75,NA,NA,NA,NA,NA,NA,NA,NA,NA,NA,NA,NA,NA,NA,NA,NA
11.75,29.75,NA,NA,NA,NA,NA,NA,NA,NA,NA,NA,NA,NA,NA,NA,NA,NA
12.25,29.75,NA,NA,NA,NA,NA,NA,NA,NA,NA,NA,NA,NA,NA,NA,NA,NA
12.75,29.75,NA,NA,NA,NA,NA,NA,NA,NA,NA,NA,NA,NA,NA,NA,NA,NA
13.25,29.75,NA,NA,NA,NA,NA,NA,NA,NA,NA,NA,NA,NA,NA,NA,NA,NA
13.75,29.75,NA,NA,NA,NA,NA,NA,NA,NA,NA,NA,NA,NA,NA,NA,NA,NA
14.25,29.75,NA,NA,NA,NA,NA,NA,NA,NA,NA,NA,NA,NA,NA,NA,NA,NA
14.75,29.75,NA,NA,NA,NA,NA,NA,NA,NA,NA,NA,NA,NA,NA,NA,NA,NA
15.25,29.75,NA,NA,NA,NA,NA,NA,NA,NA,NA,NA,NA,NA,NA,NA,NA,NA
15.75,29.75,NA,NA,NA,NA,NA,NA,NA,NA,NA,NA,NA,NA,NA,NA,NA,NA
16.25,29.75,NA,NA,NA,NA,NA,NA,NA,NA,NA,NA,NA,NA,NA,NA,NA,NA
16.75,29.75,NA,NA,NA,NA,NA,NA,NA,NA,NA,NA,NA,NA,NA,NA,NA,NA
17.25,29.75,NA,NA,NA,NA,NA,NA,NA,NA,NA,NA,NA,NA,NA,NA,NA,NA
17.75,29.75,NA,NA,NA,NA,NA,NA,NA,NA,NA,NA,NA,NA,NA,NA,NA,NA
18.25,29.75,NA,NA,NA,NA,NA,NA,NA,NA,NA,NA,NA,NA,NA,NA,NA,NA
18.75,29.75,NA,NA,NA,NA,NA,NA,NA,NA,NA,NA,NA,NA,NA,NA,NA,NA
19.25,29.75,NA,NA,NA,NA,NA,NA,NA,NA,NA,NA,NA,NA,NA,NA,NA,NA
19.75,29.75,NA,NA,NA,NA,NA,NA,NA,NA,NA,NA,NA,NA,NA,NA,NA,NA
20.25,29.75,NA,NA,NA,NA,NA,NA,NA,NA,NA,NA,NA,NA,NA,NA,NA,NA
20.75,29.75,NA,NA,NA,NA,NA,NA,NA,NA,NA,NA,NA,NA,NA,NA,NA,NA
21.25,29.75,NA,NA,NA,NA,NA,NA,NA,NA,NA,NA,NA,NA,NA,NA,NA,NA
21.75,29.75,NA,NA,NA,NA,NA,NA,NA,NA,NA,NA,NA,NA,NA,NA,NA,NA
22.25,29.75,NA,NA,NA,NA,NA,NA,NA,NA,NA,NA,NA,NA,NA,NA,NA,NA
22.75,29.75,NA,NA,NA,NA,NA,NA,NA,NA,NA,NA,NA,NA,NA,NA,NA,NA
23.25,29.75,NA,NA,NA,NA,NA,NA,NA,NA,NA,NA,NA,NA,NA,NA,NA,NA
23.75,29.75,NA,NA,NA,NA,NA,NA,NA,NA,NA,NA,NA,NA,NA,NA,NA,NA
24.25,29.75,NA,NA,NA,NA,NA,NA,NA,NA,NA,NA,NA,NA,NA,NA,NA,NA
24.75,29.75,NA,NA,NA,NA,NA,NA,NA,NA,NA,NA,NA,NA,NA,NA,NA,NA
25.25,29.75,5,5,0,0,0,0,0,1.10484941096616,2.0187698409427,1.79116308689117,17.9116308689117,27.517972946167,4.40428380971642,0.735000014305115,65.1111145019531,0.0263033844530582
25.75,29.75,5,5,0,0,0,0,0,1.17936966194164,2.25232349336147,1.93542730808258,19.3542730808258,27.517972946167,4.27143607958874,0.735000014305115,80.3333358764648,0.0328717157244682
26.25,29.75,5,5,0,0,0.182098767254502,0.182098767254502,0.00639921985566616,1.26592445994419,2.54636969789863,1.92736518383026,19.2736518383026,27.517972946167,3.61144956071315,0.735000014305115,80.4444427490234,0.0328629314899445
26.75,29.75,5,5,0,0,0.222222227603197,0.203703693114221,0.00900750700384378,1.69399764123048,4.44118920713663,2.01152348518372,20.1152348518372,27.517972946167,3.99967202189664,0.735000014305115,64.1111145019531,0.0261818114668131
27.25,29.75,2.50157451629639,5,0,0,0,0,7.2553299833089e-4,1.90548319006172,5.72265516314656,2.12481355667114,21.2481355667114,27.517972946167,3.94610755936017,0.735000014305115,52.6666679382324,0.0212273579090834
27.75,29.75,2.50157451629639,5,0,0,0,0,0,1.72008297141255,4.58499183971435,1.92280459403992,19.2280459403992,27.517972946167,3.86247852469849,0.735000014305115,47.6666679382324,0.0192253980785608
28.25,29.75,2.50157451629639,5,0,0,0.00617283949395642,0,3.174147568643e-4,1.51793193467933,3.56277930550277,1.68461668491364,16.8461668491364,27.517972946167,3.82733633344082,0.735000014305115,43.1111106872559,0.0181271862238646
28.75,29.75,3.60699534416199,5,0,0,0,0,0,1.2646365775634,2.54180533066392,1.73096168041229,17.3096168041229,27.517972946167,3.57213758663055,0.735000014305115,39.3333320617676,0.0170387011021376
29.25,29.75,3.60699534416199,5,0,0,0.074074073927477,0,0.00292368000373244,1.17709566077552,2.24493610858917,1.81978321075439,18.1978321075439,27.517972946167,2.17349709145746,0.735000014305115,35.5555572509766,0.0155848646536469
29.75,29.75,3.21855807304382,5,0,0,0,0,0,1.6261478724466,4.08425176143646,1.81546139717102,18.1546139717102,27.517972946167,2.22040209381631,0.735000014305115,30.7777786254883,0.0135067645460367
30.25,29.75,0.938940405845642,5,0,0,0.0925925909541547,0,0.00355519820004702,2.70833189271104,14.0042259693146,1.59040784835815,15.9040784835815,27.517972946167,2.97112648447249,0.730000019073486,25.8888893127441,0.0109928492456675
30.75,29.75,4.36946725845337,5,4.8860626749909,131.431121826172,4.92394529283047,2.74110082536936,0.110817156732082,3.79804895811128,43.6140556335449,1.53335094451904,15.3335094451904,27.517972946167,5.4643425207423,0.730000019073486,20.2222213745117,0.00848515797406435
31.25,29.75,0.938940405845642,5,7.6763897725876,2155.81909179688,16.5720164775848,13.0148530006409,0.261521130800247,3.9403307305933,50.4356098175049,1.92808365821838,19.2808365821838,27.517972946167,7.05394332820738,0.730000019073486,20.5555553436279,0.00884909182786942
31.75,29.75,0.00476141180843115,5,2.93881084774703,17.8933658599854,0.231481483206153,0,0.00786721520125866,2.57076278797455,12.0757946968079,1.32418811321259,13.2418811321259,27.517972946167,5.55855899501365,0.730000019073486,27.2222213745117,0.0112731130793691
32.25,29.75,5,5,3.12334697033843,21.7223033905029,0.212135631591082,0,0.0072988523170352,1.75150286399691,4.76325756311417,1.32938814163208,13.2938814163208,27.517972946167,4.7282735164002,0.781000018119812,21.2222213745117,0.0100668091326952
32.75,29.75,4.75502157211304,5,5.28245135012853,195.851837158203,0.471012899652123,0.154069636482745,0.0158279929310083,1.45250157968879,3.27379238605499,1.3487936258316,13.487936258316,27.517972946167,4.9262645814234,0.735000014305115,21.375,0.0108136422932148
33.25,29.75,2.40298080444336,5,1.08333466352229,1.95451545715332,0,0,0,0.950458382583247,1.58689517527819,1.35277330875397,13.5277330875397,27.517972946167,4.2083653981978,0.735000014305115,39.4444427490234,0.0172601863741875
33.75,29.75,2.40298080444336,5,1.04532182256903,1.84431374073029,0.367283960804343,0,0.01166607812047,1.42470726726999,3.15664087980986,1.39268100261688,13.9268100261688,27.517972946167,4.24390468702765,0.735000014305115,39.4444427490234,0.0176128279417753
34.25,29.75,2.40298080444336,5,0.941835891426822,1.56468558311462,0.101851846557111,0.0154320994624868,0.00407233973965049,1.51760062399706,3.56126785837114,1.33085072040558,13.3085072040558,27.517972946167,4.12566477029763,0.735000014305115,46.2222213745117,0.0194142423570156
34.75,29.75,2.67432832717896,0.788953542709351,1.82367957829287,5.19461011886597,0.115534733049572,0,0.00431303447112441,1.85883208230759,5.41623875498772,1.36826837062836,13.6826837062836,27.517972946167,5.46698900588327,0.735000014305115,44.7777786254883,0.0184008441865444
35.25,29.75,3.0926661491394,5,3.38047279399916,28.3846607208252,0.583387352526188,0,0.017229001969099,2.47908754989144,10.9303735792637,1.35673034191132,13.5673034191132,51.1446304321289,5.10554653883823,0.736999988555908,48.4444427490234,0.0214592926204205
35.75,29.75,3.0926661491394,5,2.41098818410729,10.1449689865112,0.978395063430071,0.0370370369637385,0.0272103101015091,2.12324866227023,7.35824654996395,1.42082643508911,14.2082643508911,51.1446304321289,4.18968687744462,0.705999970436096,45.7777786254883,0.0195670183748007
36.25,29.75,5,5,0.344358517522732,0.411084443330765,0.82726264372468,0,0.0253045912832022,1.16617489398726,2.20969171627803,1.36322414875031,13.6322414875031,51.1446304321289,4.22492825782145,0.705999970436096,24.8888893127441,0.0106052132323384
36.75,29.75,3.44394063949585,5,2.13564470585489,7.46250057220459,0,0,0,0.845854690187042,1.32996836489474,1.3209056854248,13.209056854248,54.2534599304199,3.85467261759596,0.870999991893768,33.5555572509766,0.0133143272250891
37.25,29.75,4.31885957717896,5,2.55186496106438,11.8310108184814,0,0,0,0.317494265764065,0.373681367829704,1.32660531997681,13.2660531997681,54.2534599304199,2.79879046672951,0.870999991893768,40.8888893127441,0.0158324781805277
37.75,29.75,2.51449131965637,5,2.16557306020679,7.71959733963013,0,0,0,1.31478919843086,2.72396588465199,1.38144099712372,13.8144099712372,54.2534599304199,1.11885353799037,0.888999998569489,41.6666679382324,0.0153758050873876
38.25,29.75,2.51449131965637,5,1.85098079424992,5.36606025695801,29.8333346843719,0.620370358228683,0.307588160037994,3.76688003731903,42.2449315674603,1.90928995609283,19.0928995609283,54.2534599304199,2.31554096321294,0.888999998569489,41.5555572509766,0.0151997804641724
38.75,29.75,5,5,1.61384360979873,4.02207708358765,17.4444437026978,0.429012347012758,0.232272461056709,3.71733411627973,40.1545345336199,1.75391519069672,17.5391519069672,54.2534599304199,3.53565590390387,0.888999998569489,45.7777786254883,0.0164822340011597
39.25,29.75,5,5,1.20083238795884,2.3228816986084,1.32098766043782,0,0.0337968654930592,3.22242090447817,24.0887842709199,1.61861443519592,16.1861443519592,54.2534599304199,3.44141427371124,0.888999998569489,55.7777786254883,0.0194296706467867
39.75,29.75,4.58285617828369,5,1.52137774152282,3.578528881073,3.67842353880405,0,0.0757828578352928,3.570407259001,34.5310605496634,1.71375274658203,17.1375274658203,54.2534599304199,4.14232956176117,0.888999998569489,58.8888893127441,0.0200092028826475
-9.75,29.25,2.84527611732483,5,3.4720133295792,31.201509475708,11.0586419701576,0,0.215780526399612,3.58962089910505,35.2203421592712,1.83925592899323,18.3925592899323,41.1197853088379,4.66354100611373,0.680999994277954,161.222229003906,0.0751478970050812
-9.25,29.25,2.84527611732483,5,2.8237604157589,15.8400573730469,2.36419755965471,0,0.0560988262295723,3.04020310528293,19.9094896316528,1.58344149589539,15.8344149589539,41.1197853088379,4.46370395323708,0.680999994277954,182.66667175293,0.0784557238221169
-8.75,29.25,2.65338540077209,0.752032160758972,1.30442655373757,2.68557500839233,0.31481480691582,0,0.0102332681417465,2.08822851617505,7.07060554623604,1.57991182804108,15.7991182804108,41.1197853088379,4.18748668581522,0.680999994277954,154.33332824707,0.0621581077575684
-8.25,29.25,2.65338540077209,0.752032160758972,1.77430875312687,4.89620399475098,1.88580248504877,0,0.0449932552874088,1.74252183559221,4.71172931790352,1.6017005443573,16.017005443573,41.1197853088379,4.16497403150969,0.680999994277954,120.777778625488,0.0424924269318581
-7.75,29.25,2.65338540077209,0.752032160758972,0.536738125333106,0.710418581962585,1.90432090312243,0,0.0453447364270687,1.43856780403179,3.21465528011322,1.51100814342499,15.1100814342499,24.2135944366455,4.00696135652468,0.736000001430511,102.333335876465,0.0327142216265202
-7.25,29.25,2.65338540077209,0.752032160758972,0.331918802402015,0.39363968372345,0.308641977608204,0,0.0100620537996292,0.97316426911326,1.64630484580994,1.42211091518402,14.2211091518402,24.2135944366455,3.39010210786674,0.736000001430511,90.6666641235352,0.0279238000512123
-6.75,29.25,2.65338540077209,0.752032160758972,0.100064698883447,0.105242423713207,0,0,0,0.660207333762303,0.93519352376461,1.35146152973175,13.5146152973175,24.2135944366455,1.40932006277329,0.736000001430511,80.8888854980469,0.0240126587450504
-6.25,29.25,2.70870542526245,5,0.0693088851124145,0.0717672109603882,0,0,0,0.465774453469635,0.593247607350349,1.29022920131683,12.9022920131683,24.2135944366455,3.0021449644338,0.736000001430511,64.5555572509766,0.0191289540380239
-5.75,29.25,2.29149770736694,5,0.074654413385634,0.0775117129087448,0,0,0,0.330578227907884,0.391772657632828,1.35937595367432,13.5937595367432,24.2135944366455,4.17270909769702,0.736000001430511,51,0.0147959524765611
-5.25,29.25,2.29149770736694,5,0.0718039734753729,0.0744447037577629,0,0,0,0.292364112846901,0.339590691030025,1.29595541954041,12.9595541954041,24.2135944366455,3.90757250382842,0.736000001430511,39.1111106872559,0.0114998444914818
-4.75,29.25,2.29149770736694,5,0.076870897189749,0.0799026489257812,0,0,0,0.321860180118822,0.379691854119301,1.22725796699524,12.2725796699524,24.2135944366455,4.27224104263372,0.736000001430511,31.5555553436279,0.00933781266212463
-4.25,29.25,5,5,0.0901966378881105,0.0943894609808922,0,0,0,0.564894490132912,0.759262153413147,1.21942412853241,12.1942412853241,24.2135944366455,3.70032031462971,0.736000001430511,26.7777786254883,0.00774859637022018
-3.75,29.25,5,5,0.0901966378881105,0.0943894609808922,0,0,0,0.503657211446445,0.654762032441795,1.33859395980835,13.3859395980835,24.2135944366455,3.19958604821938,0.736000001430511,23,0.00663240719586611
-3.25,29.25,5,5,0.0901966378881105,0.0943894609808922,0.611111102625728,0,0.0179109070450068,0.544469213386454,0.723693226231262,1.37197768688202,13.7197768688202,24.2135944366455,3.14383796070697,0.736000001430511,20.6666660308838,0.00596571620553732
-2.75,29.25,5,5,0.330780412424157,0.392054080963135,0,0,0,0.440653304707871,0.553721940872492,1.47656965255737,14.7656965255737,24.2135944366455,2.40685123142928,0.736000001430511,21.3333339691162,0.00607695197686553
-2.25,29.25,5,5,0.536532431359357,0.710066795349121,0,0,0,0.491082523534497,0.634084197445191,1.58370804786682,15.8370804786682,24.2135944366455,0.610230948381209,0.736000001430511,22.3333339691162,0.00629167957231402
-1.75,29.25,5,5,0.531514627969791,0.70150750875473,0.0679012329783291,0,0.0027084625326097,0.635049385887561,0.887115336023271,1.65042889118195,16.5042889118195,24.2135944366455,1.77234641352283,0.736000001430511,21.4444446563721,0.00601566210389137
-1.25,29.25,5,0,0.815599085896613,1.26052951812744,0.44135800562799,0,0.0136281671002507,1.02973531582085,1.80032453499734,1.73932814598083,17.3932814598083,24.2135944366455,2.96202025490751,0.736000001430511,20.2222213745117,0.00571145722642541
-0.75,29.25,5,0,1.56076388951501,3.76245784759521,0.249999994412065,0,0.00840395502746105,0.500402589018476,0.649385161406826,1.790482878685,17.90482878685,24.2135944366455,2.42216696211729,0.736000001430511,21.2222213745117,0.005918282084167
-0.25,29.25,5,0,1.76672925457952,4.85168266296387,0.123456795699894,0,0.00456937542185187,0.427821990179948,0.533913005085196,1.74673891067505,17.4673891067505,24.2135944366455,2.76582641208748,0.736000001430511,20.3333339691162,0.00564601505175233
0.25,29.25,3.65406274795532,5,1.84424241211666,5.32330751419067,1.75308641046286,0,0.0424476787447929,0.869807970450644,1.38645254011499,1.89107704162598,18.9107704162598,24.2135944366455,3.29628689900163,0.736000001430511,19.6666660308838,0.00547713739797473
0.75,29.25,5,5,1.19474299968765,2.30270886421204,0,0,0,0.298061578283755,0.347244746344586,1.97035801410675,19.7035801410675,24.2135944366455,2.87900123086008,0.736000001430511,20.2222213745117,0.00558932451531291
1.25,29.25,NA,5,1.20453409868271,2.33520483970642,0,0,0,0.267035105922764,0.306086296890498,1.9509699344635,19.509699344635,24.2135944366455,2.19823146822098,0.736000001430511,20.6666660308838,0.00579015119001269
1.75,29.25,3.97754788398743,5,0.999063146502965,1.71573638916016,0.0462962954770774,0.0462962954770774,0.00193197175394744,0.637148813263668,0.891081359353848,1.83872270584106,18.3872270584106,24.2135944366455,0.936532027924659,0.736000001430511,24,0.00662007927894592
2.25,29.25,3.97754788398743,5,0.637832145961819,0.892374038696289,0,0,0,1.93124835784354,5.89811618626118,1.88487672805786,18.8487672805786,24.2135944366455,0.859704061825422,0.736000001430511,25.3333339691162,0.00724637461826205
2.75,29.25,5,5,0.62155193341308,0.861815214157104,0,0,0,2.16909386244991,7.75035142526031,1.95785403251648,19.5785403251648,24.2135944366455,2.99854470594699,0.736000001430511,27,0.00768417352810502
3.25,29.25,NA,NA,NA,NA,NA,NA,NA,NA,NA,NA,NA,NA,NA,NA,NA,NA
3.75,29.25,NA,NA,NA,NA,NA,NA,NA,NA,NA,NA,NA,NA,NA,NA,NA,NA
4.25,29.25,NA,NA,NA,NA,NA,NA,NA,NA,NA,NA,NA,NA,NA,NA,NA,NA
4.75,29.25,NA,NA,NA,NA,NA,NA,NA,NA,NA,NA,NA,NA,NA,NA,NA,NA
5.25,29.25,NA,NA,NA,NA,NA,NA,NA,NA,NA,NA,NA,NA,NA,NA,NA,NA
5.75,29.25,NA,NA,NA,NA,NA,NA,NA,NA,NA,NA,NA,NA,NA,NA,NA,NA
6.25,29.25,NA,NA,NA,NA,NA,NA,NA,NA,NA,NA,NA,NA,NA,NA,NA,NA
6.75,29.25,NA,NA,NA,NA,NA,NA,NA,NA,NA,NA,NA,NA,NA,NA,NA,NA
7.25,29.25,NA,NA,NA,NA,NA,NA,NA,NA,NA,NA,NA,NA,NA,NA,NA,NA
7.75,29.25,NA,NA,NA,NA,NA,NA,NA,NA,NA,NA,NA,NA,NA,NA,NA,NA
8.25,29.25,NA,NA,NA,NA,NA,NA,NA,NA,NA,NA,NA,NA,NA,NA,NA,NA
8.75,29.25,NA,NA,NA,NA,NA,NA,NA,NA,NA,NA,NA,NA,NA,NA,NA,NA
9.25,29.25,NA,NA,NA,NA,NA,NA,NA,NA,NA,NA,NA,NA,NA,NA,NA,NA
9.75,29.25,NA,NA,NA,NA,NA,NA,NA,NA,NA,NA,NA,NA,NA,NA,NA,NA
10.25,29.25,NA,NA,NA,NA,NA,NA,NA,NA,NA,NA,NA,NA,NA,NA,NA,NA
10.75,29.25,NA,NA,NA,NA,NA,NA,NA,NA,NA,NA,NA,NA,NA,NA,NA,NA
11.25,29.25,NA,NA,NA,NA,NA,NA,NA,NA,NA,NA,NA,NA,NA,NA,NA,NA
11.75,29.25,NA,NA,NA,NA,NA,NA,NA,NA,NA,NA,NA,NA,NA,NA,NA,NA
12.25,29.25,NA,NA,NA,NA,NA,NA,NA,NA,NA,NA,NA,NA,NA,NA,NA,NA
12.75,29.25,NA,NA,NA,NA,NA,NA,NA,NA,NA,NA,NA,NA,NA,NA,NA,NA
13.25,29.25,NA,NA,NA,NA,NA,NA,NA,NA,NA,NA,NA,NA,NA,NA,NA,NA
13.75,29.25,NA,NA,NA,NA,NA,NA,NA,NA,NA,NA,NA,NA,NA,NA,NA,NA
14.25,29.25,NA,NA,NA,NA,NA,NA,NA,NA,NA,NA,NA,NA,NA,NA,NA,NA
14.75,29.25,NA,NA,NA,NA,NA,NA,NA,NA,NA,NA,NA,NA,NA,NA,NA,NA
15.25,29.25,NA,NA,NA,NA,NA,NA,NA,NA,NA,NA,NA,NA,NA,NA,NA,NA
15.75,29.25,NA,NA,NA,NA,NA,NA,NA,NA,NA,NA,NA,NA,NA,NA,NA,NA
16.25,29.25,NA,NA,NA,NA,NA,NA,NA,NA,NA,NA,NA,NA,NA,NA,NA,NA
16.75,29.25,NA,NA,NA,NA,NA,NA,NA,NA,NA,NA,NA,NA,NA,NA,NA,NA
17.25,29.25,NA,NA,NA,NA,NA,NA,NA,NA,NA,NA,NA,NA,NA,NA,NA,NA
17.75,29.25,NA,NA,NA,NA,NA,NA,NA,NA,NA,NA,NA,NA,NA,NA,NA,NA
18.25,29.25,NA,NA,NA,NA,NA,NA,NA,NA,NA,NA,NA,NA,NA,NA,NA,NA
18.75,29.25,NA,NA,NA,NA,NA,NA,NA,NA,NA,NA,NA,NA,NA,NA,NA,NA
19.25,29.25,NA,NA,NA,NA,NA,NA,NA,NA,NA,NA,NA,NA,NA,NA,NA,NA
19.75,29.25,NA,NA,NA,NA,NA,NA,NA,NA,NA,NA,NA,NA,NA,NA,NA,NA
20.25,29.25,NA,NA,NA,NA,NA,NA,NA,NA,NA,NA,NA,NA,NA,NA,NA,NA
20.75,29.25,NA,NA,NA,NA,NA,NA,NA,NA,NA,NA,NA,NA,NA,NA,NA,NA
21.25,29.25,NA,NA,NA,NA,NA,NA,NA,NA,NA,NA,NA,NA,NA,NA,NA,NA
21.75,29.25,NA,NA,NA,NA,NA,NA,NA,NA,NA,NA,NA,NA,NA,NA,NA,NA
22.25,29.25,NA,NA,NA,NA,NA,NA,NA,NA,NA,NA,NA,NA,NA,NA,NA,NA
22.75,29.25,NA,NA,NA,NA,NA,NA,NA,NA,NA,NA,NA,NA,NA,NA,NA,NA
23.25,29.25,NA,NA,NA,NA,NA,NA,NA,NA,NA,NA,NA,NA,NA,NA,NA,NA
23.75,29.25,NA,NA,NA,NA,NA,NA,NA,NA,NA,NA,NA,NA,NA,NA,NA,NA
24.25,29.25,NA,NA,NA,NA,NA,NA,NA,NA,NA,NA,NA,NA,NA,NA,NA,NA
24.75,29.25,NA,NA,NA,NA,NA,NA,NA,NA,NA,NA,NA,NA,NA,NA,NA,NA
25.25,29.25,NA,NA,NA,NA,NA,NA,NA,NA,NA,NA,NA,NA,NA,NA,NA,NA
25.75,29.25,NA,NA,NA,NA,NA,NA,NA,NA,NA,NA,NA,NA,NA,NA,NA,NA
26.25,29.25,NA,NA,NA,NA,NA,NA,NA,NA,NA,NA,NA,NA,NA,NA,NA,NA
26.75,29.25,NA,NA,NA,NA,NA,NA,NA,NA,NA,NA,NA,NA,NA,NA,NA,NA
27.25,29.25,NA,NA,NA,NA,NA,NA,NA,NA,NA,NA,NA,NA,NA,NA,NA,NA
27.75,29.25,NA,NA,NA,NA,NA,NA,NA,NA,NA,NA,NA,NA,NA,NA,NA,NA
28.25,29.25,NA,NA,NA,NA,NA,NA,NA,NA,NA,NA,NA,NA,NA,NA,NA,NA
28.75,29.25,NA,NA,NA,NA,NA,NA,NA,NA,NA,NA,NA,NA,NA,NA,NA,NA
29.25,29.25,NA,NA,NA,NA,NA,NA,NA,NA,NA,NA,NA,NA,NA,NA,NA,NA
29.75,29.25,NA,5,0,0,0.0123456789879128,0,5.9367541689425e-4,2.4516559868245,10.6075527667999,1.84062111377716,18.4062111377716,27.517972946167,3.41253971204472,0.730000019073486,18.4444446563721,0.00748994573950768
30.25,29.25,4.36946725845337,5,3.27275851823072,25.3840198516846,4.57024835050106,2.18184161931276,0.104496031999588,3.59302458511127,35.3438348770142,1.90135836601257,19.0135836601257,27.517972946167,3.28214766065276,0.698000013828278,11.777777671814,0.00518374424427748
30.75,29.25,4.36946725845337,5,7.18897590840656,1323.74584960938,66.7895972728729,63.0751848220825,0.37509098649025,5.18486567868141,177.549465179443,4.29324579238892,42.9324579238892,27.517972946167,4.89450018422679,0.698000013828278,8.88888931274414,0.00377771398052573
31.25,29.25,0.938940405845642,5,6.7493958851383304,852.54296875,32.2492897510529,29.525625705719,0.348013430833817,4.83548480202523,124.899604797363,2.6517057418823202,26.5170574188232,27.517972946167,4.99633997734918,0.730000019073486,10.8888893127441,0.00479499762877822
31.75,29.25,0.938940405845642,5,0.899319956119519,1.45793104171753,0,0,0,2.13266162770927,7.43729388713837,1.38569092750549,13.8569092750549,27.517972946167,4.15638431756637,0.730000019073486,21.4444446563721,0.00832858309149742
32.25,29.25,0.00476141180843115,5,1.79499394379656,5.01943826675415,0,0,0.0197226852178574,1.00924338295649,1.74352443218231,1.38273108005524,13.8273108005524,27.517972946167,4.28608545749273,0.781000018119812,25.6666660308838,0.00970616936683655
32.75,29.25,NA,NA,1.50134945565928,3.48774099349976,0.00753806743887253,0.00753806743887253,0.0152627304196358,NA,NA,1.37209367752075,13.7209367752075,NA,NA,NA,11.2857141494751,NA
33.25,29.25,4.75502157211304,5,1.3496166982544,2.85594725608826,0,0,0,0.819248164089538,1.26879343576729,1.29999923706055,12.9999923706055,27.517972946167,4.3082080241263,0.735000014305115,21.6666660308838,0.0100318547338247
33.75,29.25,2.40298080444336,5,1.10460135393286,2.01802110671997,0,0,0,0.572901457820914,0.773405053943861,1.36998212337494,13.6998212337494,27.517972946167,3.49297649651608,0.735000014305115,34.2222213745117,0.0139095103368163
34.25,29.25,4.75502157211304,5,0.955672648842603,1.60041916370392,0,0,0,0.611880241096459,0.843895108817378,1.3775098323822,13.775098323822,27.517972946167,3.88862002340059,0.735000014305115,34.5555572509766,0.0140578793361783
34.75,29.25,NA,NA,1.91332172423666,5.77555799484253,0.0237011758144945,0,0.00106538983527571,NA,NA,1.3362991809845,13.362991809845,NA,NA,NA,19.3333339691162,NA
35.25,29.25,3.40555262565613,5,3.31617418916579,26.5547294616699,0,0,0,2.87385619444525,16.7051612734795,1.28534543514252,12.8534543514252,54.2534599304199,4.42464331295141,0.870999991893768,38.5555572509766,0.0147735206410289
35.75,29.25,5,5,2.05920765213199,6.83975553512573,0.345679023303092,0,0.0110807977616787,2.31202494997816,9.09484552964568,1.32455217838287,13.2455217838287,51.1446304321289,3.21350651646269,0.705999970436096,32.3333320617676,0.0128096472471952
36.25,29.25,5,5,2.23443511862397,8.3412036895752,0.555555569007993,0,0.0165380239486694,2.26689275692606,8.649371241685,1.27900493144989,12.7900493144989,54.2534599304199,3.4206696090789,0.870999991893768,20.1111106872559,0.00828602258116007
36.75,29.25,5,5,2.62919988709463,12.8626737594604,0.0154320994624868,0,7.2553299833089e-4,1.22315464441042,2.39788997848518,1.19549059867859,11.9549059867859,54.2534599304199,1.69061959736291,0.870999991893768,36.8888893127441,0.0141366049647331
37.25,29.25,5,5,2.62920263886682,12.8627119064331,0,0,0,1.41407533539666,3.11268185591325,1.26154935359955,12.6154935359955,54.2534599304199,2.96669792139568,0.870999991893768,47.1111106872559,0.0176697466522455
37.75,29.25,5,5,2.61160342871159,12.6208734512329,0.0154320994624868,0,7.2553299833089e-4,2.14673616634737,7.55688452330651,1.11494076251984,11.1494076251984,54.2534599304199,3.16681061976415,0.870999991893768,40.8888893127441,0.0152339041233063
38.25,29.25,5,5,1.88781827762104,5.6049427986145,0.0524691364262253,0,0.00215797848068178,2.65083931934377,13.1659233906539,1.30729675292969,13.0729675292969,54.2534599304199,3.45055692406187,0.888999998569489,45.2222213745117,0.0160894170403481
38.75,29.25,5,5,1.41390262558648,3.111971616745,0.0308641989249736,0,0.00134817394427955,2.63364513983297,12.9244340162259,1.32402729988098,13.2402729988098,54.2534599304199,3.38099076881362,0.870999991893768,51.3333320617676,0.0180124398320913
39.25,29.25,4.58285617828369,5,1.15711638480612,2.18074798583984,0,0,0,2.55631190508792,11.8881966622407,1.52910900115967,15.2910900115967,54.2534599304199,1.67437424524031,0.888999998569489,61.8888893127441,0.0209057852625847
39.75,29.25,4.58285617828369,5,1.15711638480612,2.18074798583984,0.135802465956658,0,0.00496402801945806,2.66363664708807,13.3483743071563,1.67745208740234,16.7745208740234,54.2534599304199,2.79149235762635,0.888999998569489,65.1111145019531,0.0216988679021597
-9.75,28.75,2.84527611732483,5,1.18602206982554,2.27403140068054,0.925925932824612,0,0.0252805016934872,2.15281063560555,7.60902124643326,1.39952886104584,13.9952886104584,41.1197853088379,4.48199565484769,0.680999994277954,104.666664123535,0.0445167496800423
-9.25,28.75,3.22264456748962,2.50507164001465,1.80119568155255,5.05688524246216,0.308641977608204,0,0.0100620537996292,1.92297838022222,5.84130416065454,1.33534419536591,13.3534419536591,41.1197853088379,4.00360852268407,0.680999994277954,96,0.0383793525397778
-8.75,28.75,2.65338540077209,0.752032160758972,1.005072685897,1.7321058511734,1.70679017901421,0,0.0415482968091965,1.61529737256632,4.02938330173492,1.36188209056854,13.6188209056854,41.1197853088379,3.99383051234888,0.680999994277954,81.2222213745117,0.0292985588312149
-8.25,28.75,2.65338540077209,0.752032160758972,0.55112810088364,0.735209405422211,0.753086432814598,0,0.0213128924369812,1.14084756397418,2.12941962480545,1.32125163078308,13.2125163078308,24.2135944366455,3.6587423596937,0.736000001430511,81.8888854980469,0.0265258755534887
-7.75,28.75,2.70870542526245,5,0.0693088851124145,0.0717672109603882,0,0,0,0.596708190269211,0.816130593419075,1.30792558193207,13.0792558193207,24.2135944366455,2.95532408805629,0.736000001430511,78.2222213745117,0.0244176667183638
-7.25,28.75,2.70870542526245,5,0.0693088851124145,0.0717672109603882,0,0,0,0.419771239157924,0.52161343023181,1.40144562721252,14.0144562721252,24.2135944366455,3.24471955272941,0.736000001430511,70.8888854980469,0.0214154832065105
-6.75,28.75,2.70870542526245,5,0.0693088851124145,0.0717672109603882,0,0,0,0.359273364858582,0.432288285344839,1.27658772468567,12.7658772468567,24.2135944366455,3.19166484036365,0.736000001430511,58.8888893127441,0.0176782812923193
-6.25,28.75,2.70870542526245,5,0.0693088851124145,0.0717672109603882,0,0,0,0.3382579599828,0.402502246201038,1.21811997890472,12.1811997890472,24.2135944366455,3.59632873482577,0.736000001430511,47.3333320617676,0.0138586917892098
-5.75,28.75,2.29149770736694,5,0.0693088851124145,0.0717672109603882,0,0,0,0.33396812658591,0.396498631685972,1.23660409450531,12.3660409450531,24.2135944366455,3.51706954871766,0.736000001430511,37.1111106872559,0.0108292596414685
-5.25,28.75,2.29149770736694,5,0.0693088851124145,0.0717672109603882,0,0,0,0.292202820568425,0.339374642819166,1.28245937824249,12.8245937824249,24.2135944366455,1.92423736126337,0.736000001430511,30.2222213745117,0.00859749317169189
-4.75,28.75,2.29149770736694,5,0.0693089754842251,0.0717673078179359,0,0,0,0.13274484036679501,0.141958579421043,1.29910492897034,12.9910492897034,24.2135944366455,2.00289708360651,0.736000001430511,25.3333339691162,0.00710334023460746
-4.25,28.75,NA,5,0.0865003532980322,0.0903517529368401,0,0,0,0.29502117740508,0.343154802918434,1.38422048091888,13.8422048091888,24.2135944366455,1.19554621052467,0.736000001430511,21.7777786254883,0.00606695795431733
-3.75,28.75,5,5,0.0901966378881105,0.0943894609808922,0,0,0,0.514292798314338,0.672455320251174,1.4268571138382,14.268571138382,24.2135944366455,0,0.736000001430511,18.2222213745117,0.00514569226652384
-3.25,28.75,5,5,0.0901966378881105,0.0943894609808922,0,0,0,0.459407152108675,0.583135148393922,1.49900448322296,14.9900448322296,24.2135944366455,1.02331652526423,0.736000001430511,17.1111106872559,0.0046954988501966
-2.75,28.75,5,5,0.0901966378881105,0.0943894609808922,0,0,0,0.419490393695948,0.521186152007431,1.58313918113708,15.8313918113708,24.2135944366455,2.7752616337958,0.736000001430511,15.4444446563721,0.00423949398100376
-2.25,28.75,5,5,0.286650551625795,0.331958681344986,0,0,0,0.397730770392706,0.48844324296806,1.68129682540894,16.8129682540894,24.2135944366455,2.96875114657926,0.736000001430511,15.3333330154419,0.00417411141097546
-1.75,28.75,5,5,0.884268223868201,1.42121195793152,0,0,0,0.174044176344425,0.190108139286167,1.76522922515869,17.6522922515869,24.2135944366455,1.80279019506593,0.736000001430511,15.222222328186,0.0041923257522285
-1.25,28.75,NA,NA,NA,NA,NA,NA,NA,NA,NA,NA,NA,NA,NA,NA,NA,NA
-0.75,28.75,NA,NA,NA,NA,NA,NA,NA,NA,NA,NA,NA,NA,NA,NA,NA,NA
-0.25,28.75,NA,NA,NA,NA,NA,NA,NA,NA,NA,NA,NA,NA,NA,NA,NA,NA
0.25,28.75,NA,NA,NA,NA,NA,NA,NA,NA,NA,NA,NA,NA,NA,NA,NA,NA
0.75,28.75,NA,NA,NA,NA,NA,NA,NA,NA,NA,NA,NA,NA,NA,NA,NA,NA
1.25,28.75,NA,NA,NA,NA,NA,NA,NA,NA,NA,NA,NA,NA,NA,NA,NA,NA
1.75,28.75,NA,NA,NA,NA,NA,NA,NA,NA,NA,NA,NA,NA,NA,NA,NA,NA
2.25,28.75,NA,NA,NA,NA,NA,NA,NA,NA,NA,NA,NA,NA,NA,NA,NA,NA
2.75,28.75,NA,NA,NA,NA,NA,NA,NA,NA,NA,NA,NA,NA,NA,NA,NA,NA
3.25,28.75,NA,NA,NA,NA,NA,NA,NA,NA,NA,NA,NA,NA,NA,NA,NA,NA
3.75,28.75,NA,NA,NA,NA,NA,NA,NA,NA,NA,NA,NA,NA,NA,NA,NA,NA
4.25,28.75,NA,NA,NA,NA,NA,NA,NA,NA,NA,NA,NA,NA,NA,NA,NA,NA
4.75,28.75,NA,NA,NA,NA,NA,NA,NA,NA,NA,NA,NA,NA,NA,NA,NA,NA
5.25,28.75,NA,NA,NA,NA,NA,NA,NA,NA,NA,NA,NA,NA,NA,NA,NA,NA
5.75,28.75,NA,NA,NA,NA,NA,NA,NA,NA,NA,NA,NA,NA,NA,NA,NA,NA
6.25,28.75,NA,NA,NA,NA,NA,NA,NA,NA,NA,NA,NA,NA,NA,NA,NA,NA
6.75,28.75,NA,NA,NA,NA,NA,NA,NA,NA,NA,NA,NA,NA,NA,NA,NA,NA
7.25,28.75,NA,NA,NA,NA,NA,NA,NA,NA,NA,NA,NA,NA,NA,NA,NA,NA
7.75,28.75,NA,NA,NA,NA,NA,NA,NA,NA,NA,NA,NA,NA,NA,NA,NA,NA
8.25,28.75,NA,NA,NA,NA,NA,NA,NA,NA,NA,NA,NA,NA,NA,NA,NA,NA
8.75,28.75,NA,NA,NA,NA,NA,NA,NA,NA,NA,NA,NA,NA,NA,NA,NA,NA
9.25,28.75,NA,NA,NA,NA,NA,NA,NA,NA,NA,NA,NA,NA,NA,NA,NA,NA
9.75,28.75,NA,NA,NA,NA,NA,NA,NA,NA,NA,NA,NA,NA,NA,NA,NA,NA
10.25,28.75,NA,NA,NA,NA,NA,NA,NA,NA,NA,NA,NA,NA,NA,NA,NA,NA
10.75,28.75,NA,NA,NA,NA,NA,NA,NA,NA,NA,NA,NA,NA,NA,NA,NA,NA
11.25,28.75,NA,NA,NA,NA,NA,NA,NA,NA,NA,NA,NA,NA,NA,NA,NA,NA
11.75,28.75,NA,NA,NA,NA,NA,NA,NA,NA,NA,NA,NA,NA,NA,NA,NA,NA
12.25,28.75,NA,NA,NA,NA,NA,NA,NA,NA,NA,NA,NA,NA,NA,NA,NA,NA
12.75,28.75,NA,NA,NA,NA,NA,NA,NA,NA,NA,NA,NA,NA,NA,NA,NA,NA
13.25,28.75,NA,NA,NA,NA,NA,NA,NA,NA,NA,NA,NA,NA,NA,NA,NA,NA
13.75,28.75,NA,NA,NA,NA,NA,NA,NA,NA,NA,NA,NA,NA,NA,NA,NA,NA
14.25,28.75,NA,NA,NA,NA,NA,NA,NA,NA,NA,NA,NA,NA,NA,NA,NA,NA
14.75,28.75,NA,NA,NA,NA,NA,NA,NA,NA,NA,NA,NA,NA,NA,NA,NA,NA
15.25,28.75,NA,NA,NA,NA,NA,NA,NA,NA,NA,NA,NA,NA,NA,NA,NA,NA
15.75,28.75,NA,NA,NA,NA,NA,NA,NA,NA,NA,NA,NA,NA,NA,NA,NA,NA
16.25,28.75,NA,NA,NA,NA,NA,NA,NA,NA,NA,NA,NA,NA,NA,NA,NA,NA
16.75,28.75,NA,NA,NA,NA,NA,NA,NA,NA,NA,NA,NA,NA,NA,NA,NA,NA
17.25,28.75,NA,NA,NA,NA,NA,NA,NA,NA,NA,NA,NA,NA,NA,NA,NA,NA
17.75,28.75,NA,NA,NA,NA,NA,NA,NA,NA,NA,NA,NA,NA,NA,NA,NA,NA
18.25,28.75,NA,NA,NA,NA,NA,NA,NA,NA,NA,NA,NA,NA,NA,NA,NA,NA
18.75,28.75,NA,NA,NA,NA,NA,NA,NA,NA,NA,NA,NA,NA,NA,NA,NA,NA
19.25,28.75,NA,NA,NA,NA,NA,NA,NA,NA,NA,NA,NA,NA,NA,NA,NA,NA
19.75,28.75,NA,NA,NA,NA,NA,NA,NA,NA,NA,NA,NA,NA,NA,NA,NA,NA
20.25,28.75,NA,NA,NA,NA,NA,NA,NA,NA,NA,NA,NA,NA,NA,NA,NA,NA
20.75,28.75,NA,NA,NA,NA,NA,NA,NA,NA,NA,NA,NA,NA,NA,NA,NA,NA
21.25,28.75,NA,NA,NA,NA,NA,NA,NA,NA,NA,NA,NA,NA,NA,NA,NA,NA
21.75,28.75,NA,NA,NA,NA,NA,NA,NA,NA,NA,NA,NA,NA,NA,NA,NA,NA
22.25,28.75,NA,NA,NA,NA,NA,NA,NA,NA,NA,NA,NA,NA,NA,NA,NA,NA
22.75,28.75,NA,NA,NA,NA,NA,NA,NA,NA,NA,NA,NA,NA,NA,NA,NA,NA
23.25,28.75,NA,NA,NA,NA,NA,NA,NA,NA,NA,NA,NA,NA,NA,NA,NA,NA
23.75,28.75,NA,NA,NA,NA,NA,NA,NA,NA,NA,NA,NA,NA,NA,NA,NA,NA
24.25,28.75,NA,NA,NA,NA,NA,NA,NA,NA,NA,NA,NA,NA,NA,NA,NA,NA
24.75,28.75,NA,NA,NA,NA,NA,NA,NA,NA,NA,NA,NA,NA,NA,NA,NA,NA
25.25,28.75,NA,NA,NA,NA,NA,NA,NA,NA,NA,NA,NA,NA,NA,NA,NA,NA
25.75,28.75,NA,NA,NA,NA,NA,NA,NA,NA,NA,NA,NA,NA,NA,NA,NA,NA
26.25,28.75,NA,NA,NA,NA,NA,NA,NA,NA,NA,NA,NA,NA,NA,NA,NA,NA
26.75,28.75,NA,NA,NA,NA,NA,NA,NA,NA,NA,NA,NA,NA,NA,NA,NA,NA
27.25,28.75,NA,NA,NA,NA,NA,NA,NA,NA,NA,NA,NA,NA,NA,NA,NA,NA
27.75,28.75,NA,NA,NA,NA,NA,NA,NA,NA,NA,NA,NA,NA,NA,NA,NA,NA
28.25,28.75,NA,NA,NA,NA,NA,NA,NA,NA,NA,NA,NA,NA,NA,NA,NA,NA
28.75,28.75,NA,NA,NA,NA,NA,NA,NA,NA,NA,NA,NA,NA,NA,NA,NA,NA
29.25,28.75,NA,NA,NA,NA,NA,NA,NA,NA,NA,NA,NA,NA,NA,NA,NA,NA
29.75,28.75,NA,NA,NA,NA,NA,NA,NA,NA,NA,NA,NA,NA,NA,NA,NA,NA
30.25,28.75,NA,NA,NA,NA,NA,NA,NA,NA,NA,NA,NA,NA,NA,NA,NA,NA
30.75,28.75,NA,NA,NA,NA,NA,NA,NA,NA,NA,NA,NA,NA,NA,NA,NA,NA
31.25,28.75,NA,NA,NA,NA,NA,NA,NA,NA,NA,NA,NA,NA,NA,NA,NA,NA
31.75,28.75,NA,NA,NA,NA,NA,NA,NA,NA,NA,NA,NA,NA,NA,NA,NA,NA
32.25,28.75,NA,NA,NA,NA,NA,NA,NA,NA,NA,NA,NA,NA,NA,NA,NA,NA
32.75,28.75,NA,NA,NA,NA,NA,NA,NA,NA,NA,NA,NA,NA,NA,NA,NA,NA
33.25,28.75,NA,NA,NA,NA,NA,NA,NA,NA,NA,NA,NA,NA,NA,NA,NA,NA
33.75,28.75,NA,NA,NA,NA,NA,NA,NA,NA,NA,NA,NA,NA,NA,NA,NA,NA
34.25,28.75,4.75502157211304,5,1.19579135319059,2.30617308616638,0.00617283949395642,0,3.174147568643e-4,0.850371798955852,1.34051689191256,1.36282408237457,13.6282408237457,27.517972946167,4.75553694754211,0.735000014305115,21.5555553436279,0.00879926513880491
34.75,28.75,NA,NA,2.09252422198058,7.10534906387329,0.0641505408566445,0,0.0025763891171664,NA,NA,1.33997654914856,13.3997654914856,NA,4.53645841817628,NA,12.222222328186,NA
35.25,28.75,5,5,2.45709557027777,10.6708650588989,0.0185185184818693,0,8.5440155817195e-4,1.90879084800362,5.74492822241154,1.35867846012115,13.5867846012115,54.2534599304199,3.6410736314094,0.870999991893768,31.4444446563721,0.0119930235669017
35.75,28.75,4.11162328720093,5,2.39624492212783,9.98186111450195,0.0617283978499472,0,0.00249054073356092,1.45358611196489,3.2784299661871,1.3541008234024,13.541008234024,54.2534599304199,3.48425665777377,0.870999991893768,35.6666679382324,0.0138739999383688
36.25,28.75,4.11162328720093,5,2.62920263886682,12.8627119064331,22.3117277026176,0,0.255272954702377,3.18416949659167,23.1472257226706,1.69366598129272,16.9366598129272,54.2534599304199,3.46934024871425,0.870999991893768,28.4444446563721,0.0112087177112699
36.75,28.75,5,5,2.62920263886682,12.8627119064331,1.62375755608082,0.157436565496027,0.0424055978655815,2.60943709706773,12.5913980603218,1.25312972068787,12.5312972068787,54.2534599304199,3.37409733792201,0.870999991893768,39.4444427490234,0.0148917390033603
37.25,28.75,5,5,2.59899929963171,12.4502716064453,0.00308641974697821,0,7.6266925316304e-4,1.91804395238537,5.80762939015403,1.38382303714752,13.8382303714752,54.2534599304199,2.80511250760743,0.870999991893768,51,0.0186207927763462
37.75,28.75,5,5,2.30677998314574,9.04203701019287,0.0432098779128864,0,0.00181751325726509,1.93728765373566,5.93990200245753,1.25669848918915,12.5669848918915,54.2534599304199,3.44448544913433,0.870999991893768,49.1111106872559,0.0179806910455227
38.25,28.75,5,5,2.56512914558711,12.0023374557495,0,0,0,2.28427023923503,8.81851843942422,1.32722651958466,13.2722651958466,54.2534599304199,2.50325579712596,0.870999991893768,54,0.019158074632287
38.75,28.75,5,5,1.82883069450309,5.22660160064697,0,0,0,2.43859429793801,10.4569243958103,1.29697024822235,12.9697024822235,54.2534599304199,3.18326461743634,0.870999991893768,56.7777786254883,0.0199037473648787
39.25,28.75,5,5,1.15711645976289,2.18074822425842,0,0,0,2.49310487089572,11.0987830225495,1.52737426757812,15.2737426757812,54.2534599304199,3.39731252348386,0.888999998569489,65.5555572509766,0.0223813559859991
39.75,28.75,4.58285617828369,5,1.3416631914409,2.82540059089661,0,0,0,2.3094024917727,9.06840690140461,1.59188342094421,15.9188342094421,54.2534599304199,2.79342394470263,0.888999998569489,74.8888854980469,0.0249521117657423
-9.75,28.25,3.3090546131134,0,0.179820789247385,0.197002828121185,0.564814824610949,0,0.0167686361819506,1.66216470564983,4.27070803567767,1.24025249481201,12.4025249481201,41.1197853088379,3.16509973705675,0.680999994277954,64,0.0267097633332014
-9.25,28.25,3.3090546131134,0,0.829463102372927,1.29208779335022,0.614197552204132,0,0.0179864410310984,1.77561581245427,4.90391572192311,1.26471507549286,12.6471507549286,41.1197853088379,2.68051401908867,0.680999994277954,62.4444427490234,0.0230432916432619
-8.75,28.25,2.70870542526245,5,0.45577106298793,0.577389180660248,0.0586419773753732,0,0.0023804830852896,1.33338173648017,2.79385152459145,1.31841719150543,13.1841719150543,41.1197853088379,2.9022546535455,0.680999994277954,63.2222213745117,0.0216384194791317
-8.25,28.25,2.70870542526245,5,0.808868048922925,1.24536490440369,0,0,0,0.71521759760118,1.0446315407753,1.26091945171356,12.6091945171356,24.2135944366455,3.71284589412758,0.736000001430511,60.3333320617676,0.0197476968169212
-7.75,28.25,2.70870542526245,5,0.449277659715758,0.56717973947525,0,0,0,0.564107150759691,0.757877562195063,1.32533097267151,13.2533097267151,24.2135944366455,3.73499430150872,0.736000001430511,54.1111106872559,0.0172600448131561
-7.25,28.25,2.70870542526245,5,0.0693088851124145,0.0717672109603882,0,0,0,0.375809363600875,0.456169508397579,1.20604944229126,12.0604944229126,24.2135944366455,3.11677275093844,0.736000001430511,45.8888893127441,0.0142838750034571
-6.75,28.25,4.6003999710083,5,0.0693088851124145,0.0717672109603882,0,0,0,0.176628699840789,0.193187979981303,1.24434208869934,12.4434208869934,24.2135944366455,2.88355107721264,0.736000001430511,40,0.0121499113738537
-6.25,28.25,2.30171751976013,5,0.0693088851124145,0.0717672109603882,0,0,0,0.145103676607677,0.156159430742264,1.20473682880402,12.0473682880402,24.2135944366455,2.41386065923716,0.736000001430511,33.7777786254883,0.0100253568962216
-5.75,28.25,NA,NA,NA,NA,NA,NA,NA,NA,NA,NA,NA,NA,NA,NA,NA,NA
-5.25,28.25,NA,NA,NA,NA,NA,NA,NA,NA,NA,NA,NA,NA,NA,NA,NA,NA
-4.75,28.25,NA,NA,NA,NA,NA,NA,NA,NA,NA,NA,NA,NA,NA,NA,NA,NA
-4.25,28.25,NA,NA,NA,NA,NA,NA,NA,NA,NA,NA,NA,NA,NA,NA,NA,NA
-3.75,28.25,NA,NA,NA,NA,NA,NA,NA,NA,NA,NA,NA,NA,NA,NA,NA,NA
-3.25,28.25,NA,NA,NA,NA,NA,NA,NA,NA,NA,NA,NA,NA,NA,NA,NA,NA
-2.75,28.25,NA,NA,NA,NA,NA,NA,NA,NA,NA,NA,NA,NA,NA,NA,NA,NA
-2.25,28.25,NA,NA,NA,NA,NA,NA,NA,NA,NA,NA,NA,NA,NA,NA,NA,NA
-1.75,28.25,NA,NA,NA,NA,NA,NA,NA,NA,NA,NA,NA,NA,NA,NA,NA,NA
-1.25,28.25,NA,NA,NA,NA,NA,NA,NA,NA,NA,NA,NA,NA,NA,NA,NA,NA
-0.75,28.25,NA,NA,NA,NA,NA,NA,NA,NA,NA,NA,NA,NA,NA,NA,NA,NA
-0.25,28.25,NA,NA,NA,NA,NA,NA,NA,NA,NA,NA,NA,NA,NA,NA,NA,NA
0.25,28.25,NA,NA,NA,NA,NA,NA,NA,NA,NA,NA,NA,NA,NA,NA,NA,NA
0.75,28.25,NA,NA,NA,NA,NA,NA,NA,NA,NA,NA,NA,NA,NA,NA,NA,NA
1.25,28.25,NA,NA,NA,NA,NA,NA,NA,NA,NA,NA,NA,NA,NA,NA,NA,NA
1.75,28.25,NA,NA,NA,NA,NA,NA,NA,NA,NA,NA,NA,NA,NA,NA,NA,NA
2.25,28.25,NA,NA,NA,NA,NA,NA,NA,NA,NA,NA,NA,NA,NA,NA,NA,NA
2.75,28.25,NA,NA,NA,NA,NA,NA,NA,NA,NA,NA,NA,NA,NA,NA,NA,NA
3.25,28.25,NA,NA,NA,NA,NA,NA,NA,NA,NA,NA,NA,NA,NA,NA,NA,NA
3.75,28.25,NA,NA,NA,NA,NA,NA,NA,NA,NA,NA,NA,NA,NA,NA,NA,NA
4.25,28.25,NA,NA,NA,NA,NA,NA,NA,NA,NA,NA,NA,NA,NA,NA,NA,NA
4.75,28.25,NA,NA,NA,NA,NA,NA,NA,NA,NA,NA,NA,NA,NA,NA,NA,NA
5.25,28.25,NA,NA,NA,NA,NA,NA,NA,NA,NA,NA,NA,NA,NA,NA,NA,NA
5.75,28.25,NA,NA,NA,NA,NA,NA,NA,NA,NA,NA,NA,NA,NA,NA,NA,NA
6.25,28.25,NA,NA,NA,NA,NA,NA,NA,NA,NA,NA,NA,NA,NA,NA,NA,NA
6.75,28.25,NA,NA,NA,NA,NA,NA,NA,NA,NA,NA,NA,NA,NA,NA,NA,NA
7.25,28.25,NA,NA,NA,NA,NA,NA,NA,NA,NA,NA,NA,NA,NA,NA,NA,NA
7.75,28.25,NA,NA,NA,NA,NA,NA,NA,NA,NA,NA,NA,NA,NA,NA,NA,NA
8.25,28.25,NA,NA,NA,NA,NA,NA,NA,NA,NA,NA,NA,NA,NA,NA,NA,NA
8.75,28.25,NA,NA,NA,NA,NA,NA,NA,NA,NA,NA,NA,NA,NA,NA,NA,NA
9.25,28.25,NA,NA,NA,NA,NA,NA,NA,NA,NA,NA,NA,NA,NA,NA,NA,NA
9.75,28.25,NA,NA,NA,NA,NA,NA,NA,NA,NA,NA,NA,NA,NA,NA,NA,NA
10.25,28.25,NA,NA,NA,NA,NA,NA,NA,NA,NA,NA,NA,NA,NA,NA,NA,NA
10.75,28.25,NA,NA,NA,NA,NA,NA,NA,NA,NA,NA,NA,NA,NA,NA,NA,NA
11.25,28.25,NA,NA,NA,NA,NA,NA,NA,NA,NA,NA,NA,NA,NA,NA,NA,NA
11.75,28.25,NA,NA,NA,NA,NA,NA,NA,NA,NA,NA,NA,NA,NA,NA,NA,NA
12.25,28.25,NA,NA,NA,NA,NA,NA,NA,NA,NA,NA,NA,NA,NA,NA,NA,NA
12.75,28.25,NA,NA,NA,NA,NA,NA,NA,NA,NA,NA,NA,NA,NA,NA,NA,NA
13.25,28.25,NA,NA,NA,NA,NA,NA,NA,NA,NA,NA,NA,NA,NA,NA,NA,NA
13.75,28.25,NA,NA,NA,NA,NA,NA,NA,NA,NA,NA,NA,NA,NA,NA,NA,NA
14.25,28.25,NA,NA,NA,NA,NA,NA,NA,NA,NA,NA,NA,NA,NA,NA,NA,NA
14.75,28.25,NA,NA,NA,NA,NA,NA,NA,NA,NA,NA,NA,NA,NA,NA,NA,NA
15.25,28.25,NA,NA,NA,NA,NA,NA,NA,NA,NA,NA,NA,NA,NA,NA,NA,NA
15.75,28.25,NA,NA,NA,NA,NA,NA,NA,NA,NA,NA,NA,NA,NA,NA,NA,NA
16.25,28.25,NA,NA,NA,NA,NA,NA,NA,NA,NA,NA,NA,NA,NA,NA,NA,NA
16.75,28.25,NA,NA,NA,NA,NA,NA,NA,NA,NA,NA,NA,NA,NA,NA,NA,NA
17.25,28.25,NA,NA,NA,NA,NA,NA,NA,NA,NA,NA,NA,NA,NA,NA,NA,NA
17.75,28.25,NA,NA,NA,NA,NA,NA,NA,NA,NA,NA,NA,NA,NA,NA,NA,NA
18.25,28.25,NA,NA,NA,NA,NA,NA,NA,NA,NA,NA,NA,NA,NA,NA,NA,NA
18.75,28.25,NA,NA,NA,NA,NA,NA,NA,NA,NA,NA,NA,NA,NA,NA,NA,NA
19.25,28.25,NA,NA,NA,NA,NA,NA,NA,NA,NA,NA,NA,NA,NA,NA,NA,NA
19.75,28.25,NA,NA,NA,NA,NA,NA,NA,NA,NA,NA,NA,NA,NA,NA,NA,NA
20.25,28.25,NA,NA,NA,NA,NA,NA,NA,NA,NA,NA,NA,NA,NA,NA,NA,NA
20.75,28.25,NA,NA,NA,NA,NA,NA,NA,NA,NA,NA,NA,NA,NA,NA,NA,NA
21.25,28.25,NA,NA,NA,NA,NA,NA,NA,NA,NA,NA,NA,NA,NA,NA,NA,NA
21.75,28.25,NA,NA,NA,NA,NA,NA,NA,NA,NA,NA,NA,NA,NA,NA,NA,NA
22.25,28.25,NA,NA,NA,NA,NA,NA,NA,NA,NA,NA,NA,NA,NA,NA,NA,NA
22.75,28.25,NA,NA,NA,NA,NA,NA,NA,NA,NA,NA,NA,NA,NA,NA,NA,NA
23.25,28.25,NA,NA,NA,NA,NA,NA,NA,NA,NA,NA,NA,NA,NA,NA,NA,NA
23.75,28.25,NA,NA,NA,NA,NA,NA,NA,NA,NA,NA,NA,NA,NA,NA,NA,NA
24.25,28.25,NA,NA,NA,NA,NA,NA,NA,NA,NA,NA,NA,NA,NA,NA,NA,NA
24.75,28.25,NA,NA,NA,NA,NA,NA,NA,NA,NA,NA,NA,NA,NA,NA,NA,NA
25.25,28.25,NA,NA,NA,NA,NA,NA,NA,NA,NA,NA,NA,NA,NA,NA,NA,NA
25.75,28.25,NA,NA,NA,NA,NA,NA,NA,NA,NA,NA,NA,NA,NA,NA,NA,NA
26.25,28.25,NA,NA,NA,NA,NA,NA,NA,NA,NA,NA,NA,NA,NA,NA,NA,NA
26.75,28.25,NA,NA,NA,NA,NA,NA,NA,NA,NA,NA,NA,NA,NA,NA,NA,NA
27.25,28.25,NA,NA,NA,NA,NA,NA,NA,NA,NA,NA,NA,NA,NA,NA,NA,NA
27.75,28.25,NA,NA,NA,NA,NA,NA,NA,NA,NA,NA,NA,NA,NA,NA,NA,NA
28.25,28.25,NA,NA,NA,NA,NA,NA,NA,NA,NA,NA,NA,NA,NA,NA,NA,NA
28.75,28.25,NA,NA,NA,NA,NA,NA,NA,NA,NA,NA,NA,NA,NA,NA,NA,NA
29.25,28.25,NA,NA,NA,NA,NA,NA,NA,NA,NA,NA,NA,NA,NA,NA,NA,NA
29.75,28.25,NA,NA,NA,NA,NA,NA,NA,NA,NA,NA,NA,NA,NA,NA,NA,NA
30.25,28.25,NA,NA,NA,NA,NA,NA,NA,NA,NA,NA,NA,NA,NA,NA,NA,NA
30.75,28.25,NA,NA,NA,NA,NA,NA,NA,NA,NA,NA,NA,NA,NA,NA,NA,NA
31.25,28.25,NA,NA,NA,NA,NA,NA,NA,NA,NA,NA,NA,NA,NA,NA,NA,NA
31.75,28.25,NA,NA,NA,NA,NA,NA,NA,NA,NA,NA,NA,NA,NA,NA,NA,NA
32.25,28.25,NA,NA,NA,NA,NA,NA,NA,NA,NA,NA,NA,NA,NA,NA,NA,NA
32.75,28.25,NA,NA,NA,NA,NA,NA,NA,NA,NA,NA,NA,NA,NA,NA,NA,NA
33.25,28.25,NA,NA,NA,NA,NA,NA,NA,NA,NA,NA,NA,NA,NA,NA,NA,NA
33.75,28.25,NA,NA,NA,NA,NA,NA,NA,NA,NA,NA,NA,NA,NA,NA,NA,NA
34.25,28.25,NA,NA,NA,NA,NA,NA,NA,NA,NA,NA,NA,NA,NA,NA,NA,NA
34.75,28.25,NA,NA,NA,NA,NA,NA,NA,NA,NA,NA,NA,NA,NA,NA,NA,NA
35.25,28.25,NA,NA,NA,NA,NA,NA,NA,NA,NA,NA,NA,NA,NA,NA,NA,NA
35.75,28.25,NA,NA,NA,NA,NA,NA,NA,NA,NA,NA,NA,NA,NA,NA,NA,NA
36.25,28.25,NA,NA,NA,NA,NA,NA,NA,NA,NA,NA,NA,NA,NA,NA,NA,NA
36.75,28.25,NA,NA,NA,NA,NA,NA,NA,NA,NA,NA,NA,NA,NA,NA,NA,NA
37.25,28.25,5,5,2.5049053501296,11.2424001693726,0.422839494422078,0,0.0131437052041292,1.09206223559285,1.98041405528784,1.23944044113159,12.3944044113159,54.2534599304199,3.33225178405603,0.870999991893768,55.4444427490234,0.0199196375906467
37.75,28.25,5,5,1.38943214761528,3.01257085800171,0.0555555569007993,0,0.00226964359171689,1.29252584088242,2.6419739946723,1.31658804416656,13.1658804416656,54.2534599304199,3.59902615066191,0.870999991893768,58.4444427490234,0.0206670965999365
38.25,28.25,5,5,1.68995681567788,4.41924667358398,0.0833333353511989,0,0.00324192014522851,1.55428649294526,3.7317092125304,1.32539510726929,13.2539510726929,54.2534599304199,3.16216547024525,0.870999991893768,61,0.0213996078819036
38.75,28.25,5,5,1.06828455997641,1.91038262844086,0.123456795699894,0,0.00456937542185187,1.75476927810896,4.78211352787912,1.33623111248016,13.3623111248016,54.2534599304199,3.53097942497322,0.870999991893768,63.2222213745117,0.0216398220509291
39.25,28.25,5,5,1.86975481788081,5.4867057800293,0,0,0,1.91826999250981,5.80916836147662,1.47689294815063,14.7689294815063,54.2534599304199,3.51523705084147,0.888999998569489,72.1111145019531,0.0242720637470484
39.75,28.25,5,5,2.32698225550875,9.24697208404541,0,0,0,1.29519431802956,2.65170549741924,1.58177936077118,15.8177936077118,54.2534599304199,2.62816427049431,0.888999998569489,84.6666641235352,0.0278698410838842
